"","Bkav","Lionic","ClamAV","CMC","CAT-QuickHeal","McAfee","ALYac","Malwarebytes","VIPRE","Sangfor","K7AntiVirus","Alibaba","K7GW","Trustlook","Arcabit","Baidu","Cyren","SymantecMobileInsight","Symantec","ESET-NOD32","TrendMicro-HouseCall","Avast","Cynet","Kaspersky","BitDefender","NANO-Antivirus","SUPERAntiSpyware","MicroWorld-eScan","Rising","Ad-Aware","Emsisoft","Comodo","F-Secure","DrWeb","Zillya","TrendMicro","McAfee-GW-Edition","FireEye","Sophos","Ikarus","Avast-Mobile","Jiangmin","Avira","Antiy-AVL","Kingsoft","Gridinsoft","Microsoft","ViRobot","ZoneAlarm","GData","BitDefenderFalx","AhnLab-V3","BitDefenderTheta","TACHYON","VBA32","Zoner","Tencent","Yandex","MAX","MaxSecure","Fortinet","AVG","Elastic","Cylance"
"1",NA,NA,NA,NA,"Android.Agent.Ac033","Artemis!BF3E6F490724",NA,NA,NA,NA,NA,NA,"Spyware ( 00521e371 )","Android.PUA.DebugKey",NA,NA,NA,NA,NA,"a variant of Android/TrojanDropper.Agent.IMA",NA,NA,"Malicious (score: 99)","HEUR:Trojan-Dropper.AndroidOS.Hqwar.bk",NA,"Trojan.Android.BankBot.jcmunb",NA,NA,NA,NA,NA,NA,NA,"Android.BankBot.10555",NA,NA,NA,NA,"Andr/Banker-HAB","Trojan-Dropper.AndroidOS.Agent","Android:Evo-gen [Trj]",NA,"ANDROID/Dropper.FKAR.Gen",NA,NA,NA,"Trojan:AndroidOS/Multiverze",NA,"HEUR:Trojan-Dropper.AndroidOS.Hqwar.bk",NA,"Android.Trojan.Banker.WT","Trojan/Android.Marcher.1028025",NA,NA,NA,NA,NA,NA,NA,NA,NA,NA,NA,NA
"2",NA,"Adware.AndroidOS.Ewind.A!c",NA,NA,"Android.Mobby.GEN20554 (PUP)","Artemis!919A1900C529",NA,NA,NA,NA,NA,NA,"Trojan ( 005537a81 )","Android.Malware.General (score:8)",NA,NA,NA,"Trojan:Malapp","Trojan.Gen.MBT","a variant of Android/AdDisplay.Mobby.I potentially unwanted",NA,NA,"Malicious (score: 99)","not-a-virus:HEUR:AdWare.AndroidOS.Ewind.kp",NA,NA,NA,NA,NA,NA,NA,NA,NA,"Adware.Mobby.5.origin",NA,NA,"Artemis",NA,"Android Ewind (PUA)","PUA.AndroidOS.Mobby","Android:Evo-gen [Trj]",NA,"ADWARE/ANDR.Agent.FOKP.Gen",NA,NA,NA,"Adware:AndroidOS/Ewind.A",NA,NA,NA,"Android.Riskware.HiddenAds.HA","PUP/Android.Agent.995918",NA,NA,NA,NA,NA,NA,NA,NA,"Android/Erwind.A!tr",NA,NA,NA
"3",NA,"Adware.AndroidOS.Ewind.A!c",NA,NA,"Android.Mobby.GEN20554 (PUP)","Artemis!919A1900C529",NA,NA,NA,NA,NA,NA,"Trojan ( 005537a81 )","Android.Malware.General (score:8)",NA,NA,NA,"Trojan:Malapp","Trojan.Gen.MBT","a variant of Android/AdDisplay.Mobby.I potentially unwanted",NA,NA,"Malicious (score: 99)","not-a-virus:UDS:AdWare.AndroidOS.Ewind.kp",NA,NA,NA,NA,NA,NA,NA,NA,NA,"Adware.Mobby.5.origin",NA,NA,"Artemis",NA,"Android Ewind (PUA)","PUA.AndroidOS.Mobby","Android:Evo-gen [Trj]",NA,"ADWARE/ANDR.Agent.FOKP.Gen",NA,NA,NA,NA,NA,"not-a-virus:HEUR:AdWare.AndroidOS.Ewind.kp",NA,"Android.Riskware.HiddenAds.HA","PUP/Android.Agent.995918",NA,NA,NA,NA,NA,NA,NA,"Android.WIN32.Ewind.kp","Android/Erwind.A!tr",NA,NA,NA
"4",NA,NA,NA,NA,NA,"Artemis!1E07E4821182",NA,NA,NA,"Malware.Generic-Script.Save.c1ba3147",NA,NA,"Trojan ( 0051a3c71 )",NA,NA,NA,"AndroidOS/GhostPush.C.gen!Eldorado","AppRisk:Generisk","Trojan.Gen.MBT","a variant of Android/TrojanDropper.Shedun.V",NA,"Android:Revo-OU [Trj]","Malicious (score: 99)","HEUR:Trojan-Dropper.AndroidOS.Wapnor.a",NA,"Trojan.Android.MLW.ebzlbe",NA,NA,NA,NA,NA,"Malware@#1hgneb715c3ix",NA,"Android.DownLoader.329.origin",NA,NA,"Artemis!Trojan",NA,NA,"Trojan-Dropper.AndroidOS.Shedun","Android:Shedun-V [Trj]",NA,"ANDROID/Agent.hutg","Trojan/Generic.ASMalwAD.6D6",NA,NA,"TrojanDropper:AndroidOS/Shedun.A!MTB",NA,NA,NA,NA,"PUP/Android.Agent.839002",NA,NA,NA,NA,"Dos.Trojan-dropper.Piom.Dygt",NA,"malware (ai score=99)","Android.wapnor.a","Android/Shedun.AC!tr","Android:Revo-OU [Trj]",NA,NA
"5",NA,NA,NA,NA,"Android.Mobby.GEN20554 (PUP)","Artemis!919A1900C529",NA,NA,NA,NA,NA,NA,"Trojan ( 005537a81 )","Android.Malware.General (score:8)",NA,NA,NA,"Trojan:Malapp",NA,"a variant of Android/AdDisplay.Mobby.I potentially unwanted",NA,NA,"Malicious (score: 99)","not-a-virus:HEUR:AdWare.AndroidOS.Ewind.kp",NA,NA,NA,NA,NA,NA,NA,NA,NA,"Adware.Mobby.5.origin",NA,NA,"Artemis",NA,"Android Ewind (PUA)","PUA.AndroidOS.Mobby","Android:Evo-gen [Trj]",NA,"ADWARE/ANDR.Agent.FOKP.Gen",NA,NA,NA,"Adware:AndroidOS/Ewind.A",NA,NA,NA,"Android.Riskware.HiddenAds.HA","PUP/Android.Agent.995918",NA,NA,NA,NA,NA,NA,NA,"Android.WIN32.Ewind.kp","Android/Erwind.A!tr",NA,NA,NA
"6",NA,NA,NA,NA,"Android.Fakecalls.GEN45163",NA,NA,NA,NA,NA,NA,NA,"Trojan ( 0055e4881 )","Android.PUA.DebugKey",NA,NA,"AndroidOS/Trojan.WBAO-9",NA,NA,"a variant of Android/TrojanDropper.Agent.IZK",NA,NA,"Malicious (score: 99)","HEUR:Trojan-Banker.AndroidOS.Fakecalls.k",NA,NA,NA,NA,NA,NA,NA,NA,NA,"Android.Spy.914.origin",NA,NA,NA,NA,"Andr/Xgen2-ZA","Trojan-Dropper.AndroidOS.Agent","Android:Evo-gen [Trj]",NA,"ANDROID/Banker.FKCG.Gen",NA,NA,NA,"TrojanDropper:AndroidOS/BankerAgent.X",NA,"HEUR:Trojan-Banker.AndroidOS.Fakecalls.k",NA,"Android.Riskware.Agent.JMB","PUP/Android.FLPrev.1039239",NA,NA,NA,NA,NA,NA,NA,NA,"Android/Agent.DSI!tr",NA,NA,NA
"7",NA,"Adware.AndroidOS.Adlo.A!c",NA,NA,"Android.Adlo.Af3c (AdWare)","Artemis!0C5C3D793761",NA,NA,NA,NA,NA,NA,"Trojan ( 0057e8751 )",NA,NA,NA,NA,NA,NA,"a variant of Android/TrojanDropper.Agent.HVN",NA,NA,"Malicious (score: 99)","not-a-virus:HEUR:AdWare.AndroidOS.Adlo.b",NA,NA,NA,NA,NA,NA,NA,NA,NA,"Android.HiddenAds.2857",NA,NA,"Artemis!PUP",NA,"Andr/Xgen2-YR","Trojan-Dropper.AndroidOS.Agent","Android:Evo-gen [Trj]",NA,"ANDROID/Agent.MER.Gen","Trojan/Generic.ASMalwAD.2D",NA,NA,"Trojan:Script/Sabsik.FL.B!ml",NA,NA,NA,"Android.Trojan.Downloader.DN","PUP/Android.Hidad.1030260",NA,NA,NA,NA,NA,NA,NA,"Android.WIN32.Adlo.a","Android/Agent.HVN!tr",NA,NA,NA
"8",NA,"Trojan.AndroidOS.SmForw.C!c",NA,NA,NA,"Artemis!4EF2BDF37187",NA,NA,NA,NA,NA,NA,"Trojan ( 0054c3a11 )",NA,NA,NA,"AndroidOS/Trojan.GFJH-5","AppRisk:Generisk","Trojan.Gen.MBT","a variant of Android/SMForw.K",NA,"Android:SMForw-BR [Trj]","Malicious (score: 99)",NA,NA,"Trojan.Android.SmsSpy.dqzmgp",NA,NA,NA,NA,NA,NA,NA,"Android.SmsSpy.814.origin",NA,NA,"Artemis",NA,NA,"Trojan.AndroidOS.SMForw","Android:SMForw-BR [Trj]",NA,"ANDROID/SmsForward.M.Gen","Trojan/Generic.ASMalwAD.A",NA,NA,NA,NA,NA,NA,NA,"Trojan/Android.SMSstealer.50471",NA,NA,NA,NA,"Dos.Trojan-spy.Smforw.Piuc",NA,NA,NA,"Android/SmForw.K!tr","Android:SMForw-BR [Trj]",NA,NA
"9",NA,"Adware.AndroidOS.Ewind.A!c",NA,NA,"Android.Mobby.GEN20554 (PUP)","Artemis!919A1900C529",NA,NA,NA,NA,NA,NA,"Trojan ( 005537a81 )","Android.Malware.General (score:8)",NA,NA,NA,"Trojan:Malapp","Trojan.Gen.MBT","a variant of Android/AdDisplay.Mobby.I potentially unwanted",NA,NA,"Malicious (score: 99)","not-a-virus:HEUR:AdWare.AndroidOS.Ewind.kp",NA,NA,NA,NA,NA,NA,NA,NA,NA,"Adware.Mobby.5.origin",NA,NA,"Artemis",NA,"Android Ewind (PUA)","PUA.AndroidOS.Mobby","Android:Evo-gen [Trj]",NA,"ADWARE/ANDR.Agent.FOKP.Gen",NA,NA,NA,"Adware:AndroidOS/Ewind.A",NA,"not-a-virus:HEUR:AdWare.AndroidOS.Ewind.kp",NA,"Android.Riskware.HiddenAds.HA","PUP/Android.Agent.995918",NA,NA,NA,NA,NA,NA,NA,"Android.WIN32.Ewind.kp","Android/Erwind.A!tr",NA,NA,NA
"10",NA,NA,NA,NA,NA,"Artemis!19295D19D0AC",NA,NA,NA,"Malware.Android-Script.Save.a3d67fc9",NA,NA,NA,NA,NA,NA,"AndroidOS/SMForw.D.gen!Eldorado",NA,"Trojan.Gen.2","a variant of Android/JSmsHider.O",NA,"Android:SMSreg-BXO [PUP]","Malicious (score: 99)","HEUR:Trojan.AndroidOS.Agent.aw",NA,"Trojan.Android.SMSreg.dvxxsn",NA,NA,NA,NA,NA,"Malware@#3ujnh10kj2x2c",NA,"Android.SmsPayment.10.origin","Downloader.OpenConnection.JS.135436",NA,"Artemis!Trojan",NA,"Andr/CNSMS-AK","Trojan.AndroidOS.SendSMS","Android:SMSreg-CCE [PUP]",NA,"ANDROID/SmsSend.H.Gen","Trojan[:HEUR]/Android.Agent",NA,NA,"Trojan:Script/Wacatac.B!ml",NA,"HEUR:Trojan.AndroidOS.Agent.aw",NA,NA,"PUP/Android.SMSReg.33859",NA,NA,NA,NA,"Dos.Trojan.Agent.Dxdh",NA,"malware (ai score=100)",NA,"Android/JSmsHider.O!tr","Android:SMSreg-BXO [PUP]",NA,NA
"11",NA,"Riskware.AndroidOS.Waps.z!c",NA,NA,"Android.Waps.B (AdWare)","Artemis!56563DFD00ED",NA,NA,NA,NA,NA,NA,NA,"Android.PUA.Adware",NA,NA,NA,"AdLibrary:Waps","Trojan.Gen.2","a variant of Android/AdDisplay.Waps.D potentially unwanted",NA,NA,"Malicious (score: 99)",NA,NA,"Trojan.Android.Waps.dhqxao",NA,NA,NA,NA,NA,"ApplicUnwnt@#lpxzqyi1q7j9",NA,"Adware.Waps.1.origin",NA,NA,"Artemis!Trojan",NA,"Android Wapsx (PUA)","AdWare.AndroidOS.Waps","APK:RepMetagen [PUP]",NA,"ADWARE/ANDR.Agent.FKCP.Gen","Trojan/Generic.ASMalwAD.148",NA,NA,"PUA:AndroidOS/Wapsx.A!MTB",NA,NA,NA,"Android.Adware.Wapsx.A","PUP/Android.Wapsx.48500",NA,NA,NA,NA,NA,NA,NA,NA,"Adware/Waps!Android",NA,NA,NA
"12",NA,"Trojan.AndroidOS.Generic.C!c",NA,NA,NA,"Artemis!97476B7B4994",NA,NA,NA,"Malware.Generic-Script.Save.7aca0ed9",NA,NA,"Trojan ( 0051a3c71 )",NA,NA,NA,"AndroidOS/GhostPush.C.gen!Eldorado","AppRisk:Generisk",NA,"a variant of Android/TrojanDropper.Shedun.V",NA,"Android:Revo-OU [Trj]","Malicious (score: 99)","HEUR:Trojan-Dropper.AndroidOS.Wapnor.a",NA,"Trojan.Android.MLW.ebzlbe",NA,NA,NA,NA,NA,"Malware@#2uoqzobxk7y4q",NA,"Android.DownLoader.329.origin",NA,NA,"Artemis!Trojan",NA,NA,"Trojan-Dropper.AndroidOS.Shedun","Android:Shedun-V [Trj]",NA,"ANDROID/Agent.hutg","Trojan/Generic.ASBOL.A0C1",NA,NA,"TrojanDropper:AndroidOS/Shedun.A!MTB",NA,NA,NA,NA,"PUP/Android.Agent.839002",NA,NA,NA,NA,"Dos.Trojan-dropper.Piom.Hssd",NA,"malware (ai score=95)","Android.wapnor.a","Android/Shedun.AC!tr","Android:Revo-OU [Trj]",NA,NA
"13",NA,"Trojan.AndroidOS.Wapnor.C!c",NA,NA,NA,"Artemis!46B876999B18",NA,NA,NA,"Malware.Generic-Script.Save.5b333b13",NA,NA,"Trojan ( 0051a3c71 )",NA,NA,NA,"AndroidOS/GhostPush.C.gen!Eldorado",NA,"Trojan.Gen.MBT","a variant of Android/TrojanDropper.Shedun.V",NA,"Android:Revo-OU [Trj]","Malicious (score: 99)","HEUR:Trojan-Dropper.AndroidOS.Wapnor.a",NA,"Trojan.Android.MLW.ebzlbe",NA,NA,NA,NA,NA,NA,"Malware.ANDROID/Agent.hutg","Android.DownLoader.329.origin","Dropper.Shedun.Android.200569",NA,"Artemis!Trojan",NA,NA,"Trojan-Dropper.AndroidOS.Shedun","Android:Shedun-V [Trj]",NA,"ANDROID/Agent.hutg","Trojan/Generic.ASBOL.A0C1",NA,NA,"TrojanDropper:AndroidOS/Shedun.A!MTB",NA,NA,NA,NA,"PUP/Android.Agent.839002",NA,NA,NA,NA,"Dos.Trojan-dropper.Piom.Pege",NA,"malware (ai score=95)","Android.wapnor.a","Android/Shedun.AC!tr","Android:Revo-OU [Trj]",NA,NA
"14",NA,"Trojan.AndroidOS.Agent.C!c","Andr.Trojan.Zdtpay-2",NA,NA,"Artemis!27C80F826081",NA,NA,NA,"Malware.Android-Script.Save.dc7fcfb5",NA,NA,"Trojan ( 0052395c1 )",NA,NA,NA,"AndroidOS/Agent.LD",NA,"Trojan.Gen.NPE","a variant of Android/SMSreg.QH potentially unsafe",NA,"Android:Inoco-B [PUP]","Malicious (score: 99)","HEUR:Trojan.AndroidOS.Agent.aw",NA,"Trojan.Android.Agent.dyqpps",NA,NA,"Trojan.SMSreg/Android!1.A66A (CLASSIC)",NA,NA,NA,NA,"Android.DownLoader.234","Trojan.Agent.Android.118073",NA,"Artemis!PUP",NA,"Andr/CNSMS-AK","Trojan.AndroidOS.Tekwon","Android:SMSreg-CCI [PUP]",NA,"ANDROID/SmsSend.H.Gen","Trojan/Generic.ASMalwAD.5E1",NA,NA,"Trojan:Script/Sabsik.FL.B!ml",NA,NA,NA,NA,"PUP/Android.SmsReg.58492",NA,NA,NA,NA,"Trojan.Android.Smssend.a",NA,"malware (ai score=96)","Virus.AdWare.AndroidOS.Inoco.a","Android/Taomike.GENE!tr","Android:Inoco-B [PUP]",NA,NA
"15",NA,"Adware.AndroidOS.Adlo.A!c",NA,NA,NA,"Artemis!D7F7CDE83DB8",NA,NA,NA,NA,NA,NA,"Trojan ( 0057e8751 )",NA,NA,NA,NA,NA,NA,"a variant of Android/TrojanDropper.Agent.IXE",NA,NA,"Malicious (score: 99)","not-a-virus:HEUR:AdWare.AndroidOS.Adlo.b",NA,NA,NA,NA,NA,NA,NA,NA,NA,"Android.Packed.55586",NA,NA,"Artemis",NA,"Andr/Xgen2-YR","Trojan-Dropper.AndroidOS.Agent","Android:Evo-gen [Trj]",NA,"ANDROID/Agent.MER.Gen",NA,NA,NA,"Trojan:Script/Wacatac.B!ml",NA,"not-a-virus:HEUR:AdWare.AndroidOS.Adlo.b",NA,"Android.Trojan.Downloader.DN","PUP/Android.Hidad.1030260",NA,NA,NA,NA,NA,NA,NA,"Android.WIN32.Adlo.a","Android/Agent.HVN!tr",NA,NA,NA
"16",NA,"Trojan.AndroidOS.Ubel.C!c",NA,NA,"Android.Ubel.A3eec","Artemis!CEE4B1FAE8A4",NA,NA,NA,NA,NA,"TrojanSpy:Android/SmsThief.82449dd6","Trojan ( 00571f371 )","Android.Malware.Trojan","Trojan.Generic.D24170A6",NA,NA,"AppRisk:Generisk","Trojan.Gen.MBT","a variant of Android/Spy.Agent.BOM",NA,"Android:Ubel-A [Bank]","Malicious (score: 99)","HEUR:Trojan-Banker.AndroidOS.Ubel.b","Trojan.GenericKD.37843110","Trojan.Android.BankBot.jgossi",NA,"Trojan.GenericKD.37843110",NA,"Trojan.GenericKD.37843110","Trojan.GenericKD.37843110 (B)","Malware@#3lwcfhpby7tcz","Malware.ANDROID/Dropper.FKBP.Gen","Android.BankBot.797.origin",NA,NA,"Artemis!Trojan","Trojan.GenericKD.37843110","Andr/Banker-HAF","Trojan-Banker.AndroidOS.Agent","Android:Evo-gen [Trj]",NA,"ANDROID/Dropper.FKBP.Gen","Trojan[Spy]/Android.Agent",NA,NA,"TrojanSpy:AndroidOS/SmsThief.L!MTB",NA,"HEUR:Trojan-Banker.AndroidOS.Ubel.b","Trojan.GenericKD.37843110","Android.Trojan.Banker.WO","Spyware/Android.Agent.1020241",NA,NA,NA,NA,"Android.Trojan-spy.Agent.Tdzg",NA,"malware (ai score=100)",NA,"Android/Agent.BOM!tr.spy","Android:Ubel-A [Bank]",NA,NA
"17",NA,"Trojan.AndroidOS.Generic.C!c",NA,NA,NA,"Artemis!092D858C2721",NA,NA,NA,"Malware.Generic-Script.Save.8626e7b1",NA,NA,"Trojan ( 0051a3c71 )",NA,NA,NA,"AndroidOS/GhostPush.C.gen!Eldorado","AppRisk:Generisk","Trojan.Gen.2","a variant of Android/TrojanDropper.Shedun.V",NA,"Android:Revo-OU [Trj]","Malicious (score: 99)","HEUR:Trojan-Dropper.AndroidOS.Wapnor.a",NA,"Trojan.Android.MLW.ebzlbe",NA,NA,NA,NA,NA,"Malware@#3hdvwea9j1qoc",NA,"Android.DownLoader.329.origin",NA,NA,"Artemis!Trojan",NA,NA,"Trojan-Dropper.AndroidOS.Shedun","Android:Shedun-V [Trj]",NA,"ANDROID/Agent.hutg","Trojan/Generic.ASBOL.A0C1",NA,NA,"TrojanDropper:AndroidOS/Shedun.A!MTB",NA,NA,NA,NA,"PUP/Android.Agent.839002",NA,NA,NA,NA,"Dos.Trojan-dropper.Piom.Eev",NA,"malware (ai score=95)",NA,"Android/Shedun.AC!tr","Android:Revo-OU [Trj]",NA,NA
"18",NA,"Trojan.AndroidOS.Agent.C!c",NA,NA,NA,"Artemis!6E812CF2D3FE",NA,NA,NA,NA,NA,NA,"Trojan ( 004c3c841 )",NA,NA,NA,"AndroidOS/SMSPay.A",NA,"Trojan.Gen.2","a variant of Android/TrojanDropper.Agent.AEY",NA,"Android:Dropper-ZQ [Trj]","Malicious (score: 99)","HEUR:Trojan-Dropper.AndroidOS.Agent.v",NA,"Trojan.Android.Agent.enwgox",NA,NA,NA,NA,NA,NA,NA,"Android.Siggen.5352","Dropper.Agent.Android.9528",NA,"Artemis!Trojan",NA,"Andr/Dropr-GP","PUA.Packed.AndroidOS","Android:SMSreg-CXL [Trj]","TrojanDropper.AndroidOS.kuv","ANDROID/Dropper.Agent.AC.Gen","Trojan/Generic.ASMalwAD.2D",NA,NA,"Trojan:Win32/Occamy.AA",NA,NA,NA,NA,"PUP/Android.Noico.48677",NA,NA,NA,NA,"Dos.Trojan-dropper.Agent.Wsaj",NA,"malware (ai score=100)",NA,"Android/Agent.AEY!tr","Android:Dropper-ZQ [Trj]",NA,NA
"19",NA,NA,NA,NA,"Android.Mobby.GEN20554 (PUP)","Artemis!919A1900C529",NA,NA,NA,NA,NA,NA,"Trojan ( 005537a81 )","Android.Malware.General (score:8)",NA,NA,NA,"Trojan:Malapp",NA,"a variant of Android/AdDisplay.Mobby.I potentially unwanted",NA,NA,"Malicious (score: 99)","not-a-virus:UDS:AdWare.AndroidOS.Ewind.kp",NA,NA,NA,NA,NA,NA,NA,NA,NA,"Adware.Mobby.5.origin",NA,NA,"Artemis",NA,"Android Ewind (PUA)","PUA.AndroidOS.Mobby","Android:Evo-gen [Trj]",NA,"ADWARE/ANDR.Agent.FOKP.Gen",NA,NA,NA,"Adware:AndroidOS/Ewind.A",NA,NA,NA,"Android.Riskware.HiddenAds.HA","PUP/Android.Agent.995918",NA,NA,NA,NA,NA,NA,NA,"Android.WIN32.Ewind.kp","Android/Erwind.A!tr",NA,NA,NA
"20",NA,"Adware.AndroidOS.Adlo.A!c",NA,NA,NA,"Artemis!72B80100F4B5",NA,NA,NA,NA,NA,NA,"Trojan ( 0057e8751 )",NA,NA,NA,NA,NA,NA,"a variant of Android/TrojanDropper.Agent.IXE",NA,NA,"Malicious (score: 99)","not-a-virus:HEUR:AdWare.AndroidOS.Adlo.b",NA,"Riskware.Android.Adlo.jgoavo",NA,NA,NA,NA,NA,NA,"Malware.ANDROID/Agent.MER.Gen","Android.HiddenAds.2968",NA,NA,"Artemis!PUP",NA,"Andr/Xgen2-YR","Trojan-Dropper.AndroidOS.Agent","Android:Evo-gen [Trj]",NA,"ANDROID/Agent.MER.Gen","Trojan/Generic.ASMalwAD.2D","Android.Troj.at_gfakeapp.db.(kcloud)",NA,"Trojan:Script/Sabsik.FL.B!ml",NA,NA,NA,"Android.Riskware.Downloader.DN","PUP/Android.Hidad.1030260",NA,NA,NA,NA,NA,NA,NA,"Android.WIN32.Adlo.a","Android/Agent.HVN!tr",NA,NA,NA
"21",NA,"Adware.AndroidOS.Ewind.A!c",NA,NA,"Android.Mobby.GEN20554 (PUP)","Artemis!919A1900C529",NA,NA,NA,NA,NA,NA,"Trojan ( 005537a81 )","Android.Malware.General (score:8)",NA,NA,NA,"Trojan:Malapp",NA,"a variant of Android/AdDisplay.Mobby.I potentially unwanted",NA,NA,"Malicious (score: 99)","not-a-virus:HEUR:AdWare.AndroidOS.Ewind.kp",NA,NA,NA,NA,NA,NA,NA,NA,NA,"Adware.Mobby.5.origin",NA,NA,"Artemis",NA,"Android Ewind (PUA)","PUA.AndroidOS.Mobby","Android:Evo-gen [Trj]",NA,"ADWARE/ANDR.Agent.FOKP.Gen",NA,NA,NA,"Adware:AndroidOS/Ewind.A",NA,NA,NA,"Android.Riskware.HiddenAds.HA","PUP/Android.Agent.995918",NA,NA,NA,NA,NA,NA,NA,"Android.WIN32.Ewind.kp","Android/Erwind.A!tr",NA,NA,NA
"22",NA,NA,NA,NA,"Android.Fakecalls.GEN45163",NA,NA,NA,NA,NA,NA,NA,"Trojan ( 0055e4881 )","Android.PUA.DebugKey",NA,NA,"AndroidOS/Trojan.WBAO-9",NA,NA,"a variant of Android/TrojanDropper.Agent.IZK",NA,NA,"Malicious (score: 99)","HEUR:Trojan-Banker.AndroidOS.Fakecalls.k",NA,NA,NA,NA,NA,NA,NA,NA,NA,"Android.Spy.914.origin",NA,NA,NA,NA,"Andr/Xgen2-ZA","Trojan-Dropper.AndroidOS.Agent","Android:Evo-gen [Trj]",NA,"ANDROID/Banker.FKCG.Gen",NA,NA,NA,"TrojanDropper:AndroidOS/BankerAgent.X",NA,NA,NA,"Android.Riskware.Agent.JMB","PUP/Android.FLPrev.1039239",NA,NA,NA,NA,NA,NA,NA,NA,"Android/Agent.DSI!tr",NA,NA,NA
"23",NA,"Adware.AndroidOS.Adlo.A!c",NA,NA,NA,"Artemis!F49C91A8E037",NA,NA,NA,NA,NA,NA,"Trojan ( 0057e8751 )",NA,NA,NA,NA,NA,NA,"a variant of Android/TrojanDropper.Agent.HVN",NA,NA,"Malicious (score: 99)","not-a-virus:HEUR:AdWare.AndroidOS.Adlo.b",NA,NA,NA,NA,NA,NA,NA,NA,"Malware.ANDROID/Agent.MER.Gen","Android.Packed.55586",NA,NA,"Artemis!PUP",NA,"Andr/Xgen2-YR","Trojan-Dropper.AndroidOS.Agent","Android:Evo-gen [Trj]",NA,"ANDROID/Agent.MER.Gen","Trojan/Generic.ASMalwAD.2D",NA,NA,"Trojan:Script/Sabsik.FL.B!ml",NA,"not-a-virus:HEUR:AdWare.AndroidOS.Adlo.b",NA,"Android.Riskware.Downloader.DN","PUP/Android.Hidad.1030260",NA,NA,NA,NA,NA,NA,NA,"Android.WIN32.Adlo.a",NA,NA,NA,NA
"24",NA,NA,NA,NA,"Android.Fakecalls.GEN45163",NA,NA,NA,NA,NA,NA,NA,"Trojan ( 0055e4881 )","Android.PUA.DebugKey",NA,NA,"AndroidOS/Trojan.WBAO-9",NA,NA,"a variant of Android/TrojanDropper.Agent.IZK",NA,NA,"Malicious (score: 99)",NA,NA,NA,NA,NA,NA,NA,NA,NA,"Malware.ANDROID/Banker.FKCG.Gen","Android.Spy.914.origin",NA,NA,"Artemis",NA,NA,"Trojan-Dropper.AndroidOS.Agent","Android:Evo-gen [Trj]",NA,"ANDROID/Banker.FKCG.Gen",NA,NA,NA,NA,NA,NA,NA,"Android.Riskware.Agent.JMB","PUP/Android.FLPrev.1039239",NA,NA,NA,NA,NA,NA,NA,NA,"Android/Agent.DSI!tr",NA,NA,NA
"25",NA,NA,NA,NA,NA,"Artemis!4960CA7DC787",NA,NA,NA,NA,NA,NA,"Trojan ( 004c3c841 )",NA,NA,NA,"AndroidOS/SMSPay.A",NA,"Trojan.Gen.2","a variant of Android/TrojanDropper.Agent.AEV",NA,"Android:Dropper-ZQ [Trj]","Malicious (score: 99)","HEUR:Trojan-Dropper.AndroidOS.Agent.v",NA,"Trojan.Android.MobilePay.embifr",NA,NA,NA,NA,NA,"Malware@#1wemqe8x5aqgn","Malware.ANDROID/Dropper.Agent.AC.Gen",NA,"Dropper.Agent.Android.27405",NA,"Artemis!Trojan",NA,"Andr/Dropr-GP","Trojan-Dropper.AndroidOS.Agent","Android:Dropper-ZQ [Trj]","TrojanDropper.AndroidOS.agvq","ANDROID/Dropper.Agent.AC.Gen","Trojan[Dropper:HEUR]/Android.Agent",NA,NA,"Trojan:Win32/Occamy.AA",NA,"HEUR:Trojan-Dropper.AndroidOS.Agent.v",NA,NA,"PUP/Android.Noico.48677",NA,NA,NA,NA,"Dos.Trojan-dropper.Agent.Pdme",NA,NA,NA,"Android/Agent.AEV!tr","Android:Dropper-ZQ [Trj]",NA,NA
"26",NA,NA,NA,NA,"Android.Fakecalls.GEN45163",NA,NA,NA,NA,NA,NA,NA,"Trojan ( 0055e4881 )","Android.PUA.DebugKey",NA,NA,"AndroidOS/Trojan.WBAO-9",NA,NA,"a variant of Android/TrojanDropper.Agent.IZK",NA,NA,"Malicious (score: 99)","HEUR:Trojan-Banker.AndroidOS.Fakecalls.k",NA,NA,NA,NA,NA,NA,NA,NA,"Malware.ANDROID/Banker.FKCG.Gen","Android.Spy.914.origin",NA,NA,NA,NA,"Andr/Xgen2-ZA","Trojan-Dropper.AndroidOS.Agent","Android:Evo-gen [Trj]",NA,"ANDROID/Banker.FKCG.Gen",NA,NA,NA,"TrojanDropper:AndroidOS/BankerAgent.X",NA,"HEUR:Trojan-Banker.AndroidOS.Fakecalls.k",NA,"Android.Riskware.Agent.JMB","PUP/Android.FLPrev.1039239",NA,NA,NA,NA,NA,NA,NA,NA,"Android/Agent.DSI!tr",NA,NA,NA
"27",NA,"Trojan.AndroidOS.Climap.F!c",NA,NA,NA,"Artemis!03EAA0113CCF",NA,NA,NA,"Malware.Android-Script.Save.0afbb691",NA,NA,"Spyware ( 0049b9ee1 )",NA,NA,NA,NA,"AppRisk:Generisk","Trojan.Gen.2","a variant of Android/Spy.AndroRAT.AK",NA,"Android:Androrat-K [Trj]","Malicious (score: 99)","HEUR:Backdoor.AndroidOS.Climap.a",NA,"Trojan.Android.Climap.fmkzdr",NA,NA,NA,NA,NA,"Malware@#158ycxrgirqpa",NA,"Android.Banker.284.origin",NA,NA,"Artemis!Trojan",NA,"Andr/AndroRat-B","Trojan-Spy.AndroidOS.Androrat","Android:Androrat-K [Trj]",NA,"ANDROID/AndroRAT.B.Gen","Trojan/Generic.ASMalwAD.4B",NA,NA,"Trojan:AndroidOS/Androrat.A!MTB",NA,NA,NA,NA,"Trojan/Android.Narut.849495",NA,NA,NA,NA,"Trojan.Android.Climap.b",NA,"malware (ai score=100)","Android.Faketoken.z","Android/Generic.Z.985DEC!tr","Android:Androrat-K [Trj]",NA,NA
"28",NA,NA,NA,NA,NA,"Artemis!97094BD83BBD",NA,NA,NA,"Malware.Android-Script.Save.aeec74a1",NA,NA,"Trojan ( 0053c2721 )",NA,NA,NA,"AndroidOS/Agent.LG",NA,"Trojan.Gen","a variant of Android/Spy.Agent.BAV",NA,"Android:Agent-PCT [Trj]","Malicious (score: 99)","HEUR:Trojan-SMS.AndroidOS.Agent.abh",NA,"Trojan.Android.SmsForward.darrnz",NA,NA,"Spyware.SmsAgent/Android!1.A785 (CLASSIC)",NA,NA,NA,NA,"Android.SmsSpy.68.origin","Trojan.SmForw.Android.97",NA,"Artemis!Trojan",NA,"Andr/SMSSend-DK","Trojan.AndroidOS.SMForw","Android:TrojanSMS-PA [Trj]",NA,"ANDROID/SmsAgent.GF.Gen","Trojan/Generic.ASBOL.B7FD",NA,NA,NA,NA,NA,NA,NA,"Trojan/Android.SmsSend.37217",NA,NA,NA,NA,"Trojan.Android.Smforw.aaad",NA,NA,NA,"Android/Agent.WX!tr","Android:Agent-PCT [Trj]",NA,NA
"29",NA,"Adware.AndroidOS.Ewind.A!c",NA,NA,"Android.Mobby.GEN20554 (PUP)","Artemis!919A1900C529",NA,NA,NA,NA,NA,NA,"Trojan ( 005537a81 )","Android.Malware.General (score:8)",NA,NA,NA,"Trojan:Malapp","Trojan.Gen.MBT","a variant of Android/AdDisplay.Mobby.I potentially unwanted",NA,NA,"Malicious (score: 99)",NA,NA,NA,NA,NA,NA,NA,NA,NA,NA,"Adware.Mobby.5.origin",NA,NA,"Artemis",NA,NA,"PUA.AndroidOS.Mobby","Android:Evo-gen [Trj]",NA,"ADWARE/ANDR.Agent.FOKP.Gen",NA,NA,NA,"Adware:AndroidOS/Ewind.A",NA,NA,NA,"Android.Riskware.HiddenAds.HA","PUP/Android.Agent.995918",NA,NA,NA,NA,NA,NA,NA,"Android.WIN32.Ewind.kp","Android/Erwind.A!tr",NA,NA,NA
"30",NA,"Adware.AndroidOS.Adlo.A!c",NA,NA,NA,"Artemis!D7F7CDE83DB8",NA,NA,NA,NA,NA,NA,"Trojan ( 0057e8751 )",NA,NA,NA,NA,NA,NA,"a variant of Android/TrojanDropper.Agent.IXE",NA,NA,"Malicious (score: 99)","not-a-virus:HEUR:AdWare.AndroidOS.Adlo.b",NA,NA,NA,NA,NA,NA,NA,NA,NA,"Android.Packed.55586",NA,NA,"Artemis",NA,"Andr/Xgen2-YR","Trojan-Dropper.AndroidOS.Agent","Android:Evo-gen [Trj]",NA,"ANDROID/Agent.MER.Gen",NA,NA,NA,"Trojan:Script/Wacatac.B!ml",NA,NA,NA,"Android.Trojan.Downloader.DN","PUP/Android.Hidad.1030260",NA,NA,NA,NA,NA,NA,NA,"Android.WIN32.Adlo.a","Android/Agent.HVN!tr",NA,NA,NA
"31",NA,NA,NA,NA,"Elf.Trojan.A1679081","Artemis!34F4DE7847ED",NA,NA,NA,NA,NA,NA,"Trojan ( 005516e01 )",NA,NA,NA,"AndroidOS/Trojan.YTKP-0","AppRisk:Generisk",NA,"a variant of Android/Packed.Jiagu.D potentially unsafe",NA,NA,"Malicious (score: 99)","not-a-virus:HEUR:RiskTool.AndroidOS.Wapron.dkj",NA,"Riskware.Android.Wapron.ixqzef",NA,NA,NA,NA,NA,NA,NA,NA,NA,NA,"Artemis",NA,NA,"PUA.AndroidOS.Jiagu","Android:Evo-gen [Trj]",NA,"ANDROID/Wapron.HEUR.Gen",NA,NA,NA,"Program:AndroidOS/Multiverze",NA,"not-a-virus:HEUR:RiskTool.AndroidOS.Wapron.dkj",NA,"Android.Adware.Epatroa.CB","PUP/Android.FLPrev.998878",NA,NA,NA,NA,"a.gray.sexpay.m","Trojan.Etecer.bV4DkR.37",NA,NA,"Riskware/PackagingUntrustworthyJiagu!Android",NA,NA,NA
"32",NA,NA,NA,NA,NA,"Artemis!100C1F7997F3",NA,NA,NA,"Malware.Generic-Script.Save.fdfd753e",NA,NA,"Trojan ( 0051a3c71 )",NA,NA,NA,"AndroidOS/GhostPush.C.gen!Eldorado",NA,"Trojan.Gen.2","a variant of Android/TrojanDropper.Shedun.V",NA,"Android:Revo-OU [Trj]","Malicious (score: 99)","HEUR:Trojan-Dropper.AndroidOS.Wapnor.a",NA,"Trojan.Android.MLW.ebzlbe",NA,NA,NA,NA,NA,NA,NA,"Android.DownLoader.329.origin",NA,NA,"Artemis!Trojan",NA,NA,"Trojan-Dropper.AndroidOS.Shedun","Android:Shedun-V [Trj]",NA,"ANDROID/Agent.hutg","Trojan/Generic.ASBOL.A0C1",NA,NA,"TrojanDropper:AndroidOS/Shedun.A!MTB",NA,NA,NA,NA,"PUP/Android.Agent.839002",NA,NA,NA,NA,"Dos.Trojan-dropper.Piom.Dszc",NA,"malware (ai score=99)","Android.wapnor.a","Android/Shedun.AC!tr","Android:Revo-OU [Trj]",NA,NA
"33",NA,NA,NA,NA,NA,"Artemis!41BE721C4FCB",NA,NA,NA,"Malware.Android-Script.Save.0df52f7f",NA,NA,"Trojan ( 0056b6ac1 )",NA,NA,NA,"AndroidOS/SMSSend.E",NA,"Trojan.Gen.2","a variant of Android/TrojanSMS.Agent.ADF",NA,"Android:SMSreg-XP [PUP]","Malicious (score: 99)","HEUR:Trojan-SMS.AndroidOS.Agent.az",NA,"Trojan.Android.Agent.dncxmi",NA,NA,"Trojan.Agent/Android!1.A3D2 (CLASSIC)",NA,NA,"Malware@#uo28bbmqquni",NA,"Android.SmsSend.1660.origin","Trojan.Agent..2751",NA,"Artemis!Trojan",NA,"Andr/VietSMS-E","Trojan-SMS.AndroidOS.Agent","Android:TrojanSMS-ACR [PUP]",NA,"ANDROID/SmsAgent.EZ.Gen","Trojan/Generic.ASMalwAD.5F2",NA,NA,"Trojan:AndroidOS/SendSMS.B!MTB",NA,NA,NA,NA,"Trojan/Android.SMSAgent.34519",NA,NA,NA,NA,"Trojan.Android.Agent.abh",NA,NA,"Android.agent.az","Android/Agent.ADF!tr","Android:SMSreg-XP [PUP]",NA,NA
"34",NA,NA,NA,NA,"Android.Mobby.GEN20554 (PUP)",NA,NA,NA,NA,NA,NA,NA,"Trojan ( 005537a81 )","Android.Malware.General (score:8)",NA,NA,NA,"Trojan:Malapp","Trojan.Gen.MBT","a variant of Android/AdDisplay.Mobby.I potentially unwanted",NA,NA,"Malicious (score: 99)","not-a-virus:HEUR:AdWare.AndroidOS.Ewind.kp",NA,NA,NA,NA,NA,NA,NA,NA,NA,"Adware.Mobby.5.origin",NA,NA,NA,NA,"Android Ewind (PUA)","PUA.AndroidOS.Mobby","Android:Evo-gen [Trj]",NA,"ADWARE/ANDR.Agent.FOKP.Gen",NA,NA,NA,NA,NA,"not-a-virus:HEUR:AdWare.AndroidOS.Ewind.kp",NA,"Android.Riskware.HiddenAds.HA","PUP/Android.Agent.995918",NA,NA,NA,NA,NA,NA,NA,NA,"Android/Erwind.A!tr",NA,NA,NA
"35",NA,NA,NA,NA,"Android.SmsregCAD.D (PUP)","Artemis!86D0620E6EA2",NA,NA,NA,NA,NA,NA,"Trojan ( 0055299b1 )","Android.PUA.Trojan",NA,NA,NA,"AppRisk:Generisk","Trojan.Gen.2","a variant of Android/SMSreg.GQ potentially unsafe",NA,NA,"Malicious (score: 99)",NA,NA,"Trojan.Android.Agent.drhaub",NA,NA,NA,NA,NA,NA,NA,"Android.RemoteCode.173.origin",NA,NA,"Artemis",NA,"Android Riskware SmsReg (PUA)","AdWare.AndroidOS.SMSreg",NA,"RiskTool.AndroidOS.afbm","SPR/ANDR.SMSreg.KU.Gen",NA,NA,NA,"PUA:Win32/Presenoker",NA,NA,NA,"Android.Riskware.SMSReg.NN","PUP/Android.SmsReg.1021525",NA,NA,NA,NA,NA,NA,"malware (ai score=63)","Trojan.TrojanBanker.AndroidOS.Asacub.cg","Adware/SMSreg!Android",NA,NA,NA
"36",NA,"Adware.AndroidOS.Ewind.A!c",NA,NA,"Android.Mobby.GEN20554 (PUP)","Artemis!919A1900C529",NA,NA,NA,NA,NA,NA,"Trojan ( 005537a81 )","Android.Malware.General (score:8)",NA,NA,NA,"Trojan:Malapp",NA,"a variant of Android/AdDisplay.Mobby.I potentially unwanted",NA,NA,"Malicious (score: 99)","not-a-virus:HEUR:AdWare.AndroidOS.Ewind.kp",NA,NA,NA,NA,NA,NA,NA,NA,NA,"Adware.Mobby.5.origin",NA,NA,"Artemis",NA,NA,"PUA.AndroidOS.Mobby","Android:Evo-gen [Trj]",NA,"ADWARE/ANDR.Agent.FOKP.Gen",NA,NA,NA,"Adware:AndroidOS/Ewind.A",NA,"not-a-virus:HEUR:AdWare.AndroidOS.Ewind.kp",NA,"Android.Riskware.HiddenAds.HA","PUP/Android.Agent.995918",NA,NA,NA,NA,NA,NA,NA,"Android.WIN32.Ewind.kp","Android/Erwind.A!tr",NA,NA,NA
"37",NA,NA,NA,NA,"Android.ScytheSCF.PC","Artemis!CEDE65505EFF",NA,NA,NA,NA,NA,NA,NA,NA,NA,NA,NA,"AppRisk:Generisk",NA,"a variant of Android/Spy.Agent.BTN",NA,NA,"Malicious (score: 99)","HEUR:Trojan-Spy.AndroidOS.Agent.zq",NA,NA,NA,NA,NA,NA,NA,NA,NA,"Android.SmsSpy.11001",NA,NA,"Artemis",NA,NA,"Trojan.AndroidOS.SmsSpy","Android:Evo-gen [Trj]",NA,"ANDROID/SpyAgent.FKFL.Gen",NA,NA,NA,NA,NA,"HEUR:Trojan-Spy.AndroidOS.Agent.zq",NA,"Android.Riskware.Agent.gGVGZ","PUP/Android.FLPrev.1052795",NA,NA,NA,NA,"a.privacy.SexInfoSteal",NA,NA,NA,"Android/Agent.BTN!tr.spy",NA,NA,NA
"38",NA,"Riskware.AndroidOS.Generic.z!c",NA,NA,NA,NA,NA,NA,"Adware.AndroidOS.Waps.a (v)",NA,NA,NA,NA,NA,NA,NA,NA,NA,NA,"a variant of Android/AdDisplay.Waps.I potentially unwanted",NA,NA,"Malicious (score: 99)","not-a-virus:HEUR:AdWare.AndroidOS.Agent.ep",NA,"Trojan.Android.Waps.dgpglh",NA,NA,NA,NA,NA,NA,NA,NA,NA,NA,NA,NA,"Android Wapsx (PUA)","PUA.AndroidOS.Waps",NA,NA,"ADWARE/ANDR.Waps.I.Gen","Trojan/Generic.ASMalwAD.148",NA,NA,"Trojan:Win32/Bitrep.B",NA,"not-a-virus:HEUR:AdWare.AndroidOS.Agent.ep",NA,NA,"PUP/Android.Dowgin.27432",NA,NA,NA,NA,NA,NA,NA,"Virus.AdWare.AndroidOS.Apofer.b","Adware/Waps!Android",NA,NA,NA
"39",NA,"Adware.AndroidOS.Ewind.A!c",NA,NA,"Android.Mobby.GEN20554 (PUP)","Artemis!919A1900C529",NA,NA,NA,NA,NA,NA,"Trojan ( 005537a81 )","Android.Malware.General (score:8)",NA,NA,NA,"Trojan:Malapp","Trojan.Gen.MBT","a variant of Android/AdDisplay.Mobby.I potentially unwanted",NA,NA,"Malicious (score: 99)","not-a-virus:HEUR:AdWare.AndroidOS.Ewind.kp",NA,NA,NA,NA,NA,NA,NA,NA,NA,"Adware.Mobby.5.origin",NA,NA,"Artemis",NA,"Android Ewind (PUA)","PUA.AndroidOS.Mobby","Android:Evo-gen [Trj]",NA,"ADWARE/ANDR.Agent.FOKP.Gen",NA,NA,NA,"Adware:AndroidOS/Ewind.A",NA,NA,NA,"Android.Riskware.HiddenAds.HA","PUP/Android.Agent.995918",NA,NA,NA,NA,NA,NA,NA,"Android.WIN32.Ewind.kp","Android/Erwind.A!tr",NA,NA,NA
"40",NA,"Trojan.AndroidOS.SpyNote.C!c",NA,NA,"Android.Spy.GEN27587","Android/Tripoli",NA,NA,NA,"Malware.Android-Script.Save.557766d0",NA,NA,"Spyware ( 005383381 )","Android.Malware.General (score:4)","Trojan.Generic.D2AE5D0C",NA,"AndroidOS/Banker.L",NA,NA,"a variant of Android/Spy.Agent.BAT",NA,"Android:SpyMax-D [Spy]","Malicious (score: 99)","HEUR:Trojan-Spy.AndroidOS.SpyNote.an","Trojan.GenericKD.44981516","Trojan.Android.Mlw.flfkkg",NA,"Trojan.GenericKD.44981516",NA,NA,"Trojan.GenericKD.44981516 (B)","Malware@#28omzbaexgv12",NA,"Android.Backdoor.685.origin",NA,NA,"Android/Tripoli","Trojan.GenericKD.44981516","Andr/Spy-AZW","Trojan.AndroidOS.SpyNote","Android:Evo-gen [Trj]",NA,"ANDROID/Banker.FAAR.Gen","Trojan/Generic.ASMalwAD.372",NA,NA,"Ransom:Win32/Eris",NA,"HEUR:Trojan-Spy.AndroidOS.SpyNote.an","Trojan.GenericKD.44981516","Android.Riskware.FakeApp.MV","Spyware/Android.Agent.733520",NA,NA,NA,NA,NA,"Trojan.Mober.bSzBF9.5","malware (ai score=82)","Android.spynote.j","Android/SpyNote.AN!tr.spy","Android:SpyMax-D [Spy]",NA,NA
"41",NA,"Trojan.AndroidOS.Generic.C!c",NA,NA,NA,"Artemis!56B17A7B2031",NA,NA,NA,"Malware.Generic-Script.Save.8a3da88b",NA,NA,"Trojan ( 0051a3c71 )",NA,NA,NA,"AndroidOS/GhostPush.C.gen!Eldorado","AppRisk:Generisk","Trojan.Gen.2","a variant of Android/TrojanDropper.Shedun.V",NA,"Android:Revo-OU [Trj]","Malicious (score: 99)","HEUR:Trojan-Dropper.AndroidOS.Wapnor.a",NA,"Trojan.Android.MLW.ebzlbe",NA,NA,NA,NA,NA,"Malware@#3tsbxldi47agv",NA,"Android.DownLoader.329.origin","Dropper.Shedun.Android.205814",NA,"Artemis!Trojan",NA,NA,"Trojan-Dropper.AndroidOS.Shedun","Android:Shedun-V [Trj]",NA,"ANDROID/Agent.hutg","Trojan/Generic.ASMalwAD.4F",NA,NA,"TrojanDropper:AndroidOS/Shedun.A!MTB",NA,NA,NA,NA,"PUP/Android.Agent.839002",NA,NA,NA,NA,"Dos.Trojan-dropper.Piom.Sxen",NA,"malware (ai score=95)","Android.wapnor.a","Android/Shedun.AC!tr","Android:Revo-OU [Trj]",NA,NA
"42",NA,NA,NA,NA,"Android.Fakecalls.GEN45163",NA,NA,NA,NA,NA,NA,NA,"Trojan ( 0055e4881 )","Android.PUA.DebugKey",NA,NA,"AndroidOS/Trojan.WBAO-9",NA,NA,"a variant of Android/TrojanDropper.Agent.IZK",NA,NA,"Malicious (score: 99)","HEUR:Trojan-Banker.AndroidOS.Fakecalls.k",NA,NA,NA,NA,NA,NA,NA,NA,NA,"Android.Spy.914.origin",NA,NA,NA,NA,"Andr/Xgen2-ZA","Trojan-Dropper.AndroidOS.Agent","Android:Evo-gen [Trj]",NA,"ANDROID/Banker.FKCG.Gen",NA,NA,NA,"TrojanDropper:AndroidOS/BankerAgent.X",NA,"HEUR:Trojan-Banker.AndroidOS.Fakecalls.k",NA,"Android.Riskware.Agent.JMB","PUP/Android.FLPrev.1039239",NA,NA,NA,NA,NA,NA,NA,NA,"Android/Agent.DSI!tr",NA,NA,NA
"43",NA,"Trojan.AndroidOS.Agent.C!c",NA,NA,NA,"Artemis!B015F717E76B",NA,NA,NA,"Malware.Android-Script.Save.6bf4e75c",NA,NA,"Trojan ( 004c3c841 )",NA,NA,NA,"AndroidOS/SMSPay.A",NA,"Trojan.Gen.2","a variant of Android/TrojanDropper.Agent.AEV",NA,"Android:Dropper-ZQ [Trj]","Malicious (score: 99)","HEUR:Trojan-Dropper.AndroidOS.Agent.v",NA,"Trojan.Android.Mlw.ejnyrs",NA,NA,NA,NA,NA,NA,NA,"Android.Packed.12932","Downloader.OpenConnection.JS.175161",NA,"Artemis!Trojan",NA,"Andr/Dropr-GP","AndroidOS.Dropper.Agent","Android:Revo-OP [Trj]","TrojanDropper.AndroidOS.mtv","ANDROID/Dropper.Agent.AC.Gen","Trojan/Generic.ASMalwAD.2D",NA,NA,"Trojan:Win32/Occamy.C88",NA,NA,NA,NA,"PUP/Android.Noico.48677",NA,NA,NA,NA,"Dos.Trojan-dropper.Agent.Pauv",NA,"malware (ai score=100)",NA,"Android/Agent.AEV!tr","Android:Dropper-ZQ [Trj]",NA,NA
"44",NA,"Trojan.AndroidOS.Generic.C!c",NA,NA,NA,"Artemis!3A9D8BF77A82",NA,NA,NA,"Malware.Generic-Script.Save.7aca0ed9",NA,NA,"Trojan ( 0051a3c71 )",NA,NA,NA,"AndroidOS/GhostPush.C.gen!Eldorado","AppRisk:Generisk","Trojan.Gen.2","a variant of Android/TrojanDropper.Shedun.V",NA,"Android:Revo-OU [Trj]","Malicious (score: 99)","HEUR:Trojan-Dropper.AndroidOS.Wapnor.a",NA,"Trojan.Android.MLW.ebzlbe",NA,NA,NA,NA,NA,"Malware@#3byy5ycyo1yuk","Malware.ANDROID/Agent.hutg","Android.DownLoader.329.origin",NA,NA,"Artemis!Trojan",NA,NA,"Trojan-Dropper.AndroidOS.Shedun","Android:Shedun-V [Trj]",NA,"ANDROID/Agent.hutg","Trojan[Dropper]/Android.Shedun.v",NA,NA,"TrojanDropper:AndroidOS/Shedun.A!MTB",NA,"HEUR:Trojan-Dropper.AndroidOS.Wapnor.a",NA,NA,"PUP/Android.Agent.839002",NA,NA,NA,NA,"Dos.Trojan-dropper.Wapnor.Lmbl",NA,NA,"Android.wapnor.a","Android/Shedun.AC!tr","Android:Revo-OU [Trj]",NA,NA
"45",NA,"Trojan.AndroidOS.Generic.C!c",NA,NA,NA,"Artemis!E73BD0B90AF0",NA,NA,NA,"Malware.Generic-Script.Save.94e3ad16",NA,NA,"Trojan ( 0051a3c71 )",NA,NA,NA,"AndroidOS/GhostPush.C.gen!Eldorado",NA,"Trojan.Gen.MBT","a variant of Android/TrojanDropper.Shedun.V",NA,"Android:Revo-OU [Trj]","Malicious (score: 99)","HEUR:Trojan-Dropper.AndroidOS.Wapnor.a",NA,"Trojan.Android.MLW.ebzlbe",NA,NA,NA,NA,NA,"Malware@#3hd35ebf2xjb5",NA,"Android.DownLoader.329.origin","Dropper.Wapnor.Android.132190",NA,"Artemis!Trojan",NA,NA,"Trojan-Dropper.AndroidOS.Shedun","Android:Shedun-V [Trj]",NA,"ANDROID/Agent.hutg","Trojan/Generic.ASMalwAD.735",NA,NA,"TrojanDropper:AndroidOS/Shedun.A!MTB",NA,"HEUR:Trojan-Dropper.AndroidOS.Wapnor.a",NA,NA,"PUP/Android.Agent.839002",NA,NA,NA,NA,"Dos.Trojan-dropper.Piom.Ajbn",NA,"malware (ai score=95)","Android.wapnor.a","Android/Shedun.AC!tr","Android:Revo-OU [Trj]",NA,NA
"46",NA,"Riskware.AndroidOS.Generic.z!c",NA,NA,NA,"Artemis!217286377FEC",NA,NA,NA,NA,NA,NA,"Adware ( 005330e81 )",NA,NA,NA,"AndroidOS/Youmi.B",NA,NA,"a variant of Android/AdDisplay.Youmi.A potentially unwanted",NA,NA,"Malicious (score: 99)",NA,NA,"Riskware.Android.Youmi.dgtfhy",NA,NA,NA,NA,NA,"ApplicUnwnt@#2vjdaqarj6x2s",NA,NA,NA,NA,"Artemis",NA,NA,"PUA.AndroidOS.Youmi",NA,NA,"ADWARE/ANDR.Youmi.B.Gen","Trojan/Generic.ASMalwAD.148",NA,NA,"PUA:Win32/Bitrepeyp.B",NA,NA,NA,NA,"PUP/Android.Youmi.20759",NA,NA,NA,NA,NA,NA,NA,NA,"Android/Generic.Z.8EF9C5!tr",NA,NA,NA
"47",NA,"Adware.AndroidOS.HiddenAd.A!c",NA,NA,"Android.Agent.A3c34",NA,NA,NA,NA,NA,NA,NA,"Trojan ( 0057e8751 )",NA,NA,NA,"AndroidOS/Trojan.LPPA-41",NA,NA,"a variant of Android/TrojanDropper.Agent.GZB",NA,NA,"Malicious (score: 99)","not-a-virus:HEUR:AdWare.AndroidOS.HiddenAd.ot",NA,"Riskware.Android.HiddenAd.jagusa",NA,NA,NA,NA,NA,NA,NA,"Android.HiddenAds.2523","Dropper.Agent.Android.265060",NA,NA,NA,"Andr/Xgen2-YR","Trojan-Dropper.AndroidOS.Agent","Android:Evo-gen [Trj]",NA,"ANDROID/Agent.MER.Gen","Trojan/Generic.ASMalwAD.54",NA,NA,"Trojan:Script/Sabsik.FL.B!ml",NA,"not-a-virus:HEUR:AdWare.AndroidOS.Adlo.a",NA,"Android.Trojan.Downloader.DN","PUP/Android.Hidad.1030260",NA,NA,NA,NA,NA,NA,NA,NA,"Android/Agent.GZB!tr",NA,NA,NA
"48",NA,NA,NA,NA,"Android.ScytheSCF.PC","Artemis!58B808BA0B90",NA,NA,NA,NA,NA,NA,NA,NA,NA,NA,NA,"AppRisk:Generisk",NA,"a variant of Android/Spy.Agent.BTN",NA,NA,"Malicious (score: 99)","HEUR:Trojan-Spy.AndroidOS.Agent.zq",NA,NA,NA,NA,NA,NA,NA,NA,NA,"Android.SmsSpy.11001",NA,NA,"Artemis",NA,NA,NA,"Android:Evo-gen [Trj]",NA,"ANDROID/SpyAgent.FKFL.Gen",NA,NA,NA,"Trojan:Script/Wacatac.B!ml",NA,"HEUR:Trojan-Spy.AndroidOS.Agent.zq",NA,"Android.Riskware.Agent.gGVGW","PUP/Android.FLPrev.1052795",NA,NA,NA,NA,"a.privacy.SexInfoSteal",NA,NA,NA,"Android/Agent.BTN!tr.spy",NA,NA,NA
"49",NA,"Adware.AndroidOS.Ewind.A!c",NA,NA,"Android.Mobby.GEN20554 (PUP)","Artemis!919A1900C529",NA,NA,NA,NA,NA,NA,"Trojan ( 005537a81 )","Android.Malware.General (score:8)",NA,NA,NA,"Trojan:Malapp","Trojan.Gen.MBT","a variant of Android/AdDisplay.Mobby.I potentially unwanted",NA,NA,"Malicious (score: 99)","not-a-virus:HEUR:AdWare.AndroidOS.Ewind.kp",NA,NA,NA,NA,NA,NA,NA,NA,NA,"Adware.Mobby.5.origin",NA,NA,"Artemis",NA,"Android Ewind (PUA)","PUA.AndroidOS.Mobby","Android:Evo-gen [Trj]",NA,"ADWARE/ANDR.Agent.FOKP.Gen",NA,NA,NA,"Adware:AndroidOS/Ewind.A",NA,NA,NA,"Android.Riskware.HiddenAds.HA","PUP/Android.Agent.995918",NA,NA,NA,NA,NA,NA,NA,"Android.WIN32.Ewind.kp","Android/Erwind.A!tr",NA,NA,NA
"50",NA,"Trojan.AndroidOS.Generic.C!c",NA,NA,NA,"Artemis!B4ADA9B0B45D",NA,NA,NA,"Malware.Generic-Script.Save.f47f1a0e",NA,NA,"Trojan ( 0051a3c71 )",NA,NA,NA,"AndroidOS/GhostPush.C.gen!Eldorado","AppRisk:Generisk","Trojan.Gen.2","a variant of Android/TrojanDropper.Shedun.V",NA,"Android:Revo-OU [Trj]","Malicious (score: 99)","HEUR:Trojan-Dropper.AndroidOS.Wapnor.a",NA,"Trojan.Android.MLW.ebzlbe",NA,NA,NA,NA,NA,NA,NA,"Android.DownLoader.329.origin",NA,NA,"Artemis",NA,NA,"Trojan-Dropper.AndroidOS.Shedun","Android:Shedun-V [Trj]",NA,"ANDROID/Agent.hutg","Trojan/Generic.ASBOL.A0C1",NA,NA,"TrojanDropper:AndroidOS/Shedun.A!MTB",NA,"HEUR:Trojan-Dropper.AndroidOS.Wapnor.a",NA,NA,"PUP/Android.Agent.839002",NA,NA,NA,NA,NA,NA,NA,"Android.wapnor.a","Android/Shedun.AC!tr","Android:Revo-OU [Trj]",NA,NA
"51",NA,"Riskware.AndroidOS.Generic.z!c",NA,NA,NA,"Artemis!0EDB4E42346F",NA,NA,NA,"Program.Android.Multiverze.mt",NA,NA,"Trojan ( 0055482a1 )","Android.PUA.General",NA,NA,NA,NA,"Trojan.Gen.MBT","a variant of Android/AdDisplay.Tapcore.B potentially unwanted",NA,NA,NA,NA,NA,"Riskware.Android.Patacore.feqiqe",NA,NA,NA,NA,NA,"ApplicUnwnt@#pyses2dvp0dh",NA,"Adware.Patacore.1.origin",NA,NA,NA,NA,NA,"PUA.AndroidOS.Tapcore",NA,NA,"ADWARE/ANDR.AdDisplay.AMAA.Gen","Trojan/Generic.ASMalwAD.D99",NA,NA,"Program:AndroidOS/Multiverze",NA,NA,NA,"Android.Adware.Mulad.CU",NA,NA,NA,NA,NA,NA,NA,NA,NA,"Adware/Tapcore!Android",NA,NA,NA
"52",NA,NA,NA,NA,NA,"Artemis!7E7FCD69E6B6",NA,NA,NA,"PUP.Android-Script.Save.ba88ab6f",NA,NA,"Trojan ( 004ec59f1 )",NA,NA,NA,NA,NA,"PUA.Gen.2","a variant of Android/HyPay.C potentially unsafe",NA,"Android:Agent-MFV [PUP]",NA,"not-a-virus:HEUR:RiskTool.AndroidOS.Agent.cc",NA,NA,NA,NA,NA,NA,NA,NA,NA,NA,NA,NA,"Artemis",NA,NA,"PUA.AndroidOS.HyPay","Android:Agent-MFV [PUP]",NA,NA,"RiskWare[RiskTool:not-a-virus,HEUR]/Android.HyPay",NA,NA,"Tool:AndroidOS/Multiverze",NA,"not-a-virus:HEUR:RiskTool.AndroidOS.Agent.cc",NA,NA,"PUP/Android.SmsPay.979813",NA,NA,NA,NA,NA,NA,NA,NA,"Android/Generic.Z.5DD22E!tr","Android:Agent-MFV [PUP]",NA,NA
"53",NA,"Adware.AndroidOS.Ewind.A!c",NA,NA,"Android.Mobby.GEN20554 (PUP)","Artemis!919A1900C529",NA,NA,NA,NA,NA,NA,"Trojan ( 005537a81 )","Android.Malware.General (score:8)",NA,NA,NA,"Trojan:Malapp",NA,"a variant of Android/AdDisplay.Mobby.I potentially unwanted",NA,NA,"Malicious (score: 99)","not-a-virus:UDS:AdWare.AndroidOS.Ewind.kp",NA,NA,NA,NA,NA,NA,NA,NA,NA,"Adware.Mobby.5.origin",NA,NA,NA,NA,"Android Ewind (PUA)","PUA.AndroidOS.Mobby","Android:Evo-gen [Trj]",NA,"ADWARE/ANDR.Agent.FOKP.Gen",NA,NA,NA,NA,NA,NA,NA,"Android.Riskware.HiddenAds.HA","PUP/Android.Agent.995918",NA,NA,NA,NA,NA,NA,NA,NA,"Android/Erwind.A!tr",NA,NA,NA
"54",NA,"Adware.AndroidOS.Ewind.A!c",NA,NA,"Android.Mobby.GEN20554 (PUP)","Artemis!919A1900C529",NA,NA,NA,NA,NA,NA,"Trojan ( 005537a81 )","Android.Malware.General (score:8)",NA,NA,NA,"Trojan:Malapp","Trojan.Gen.MBT","a variant of Android/AdDisplay.Mobby.I potentially unwanted",NA,NA,"Malicious (score: 99)","not-a-virus:HEUR:AdWare.AndroidOS.Ewind.kp",NA,NA,NA,NA,NA,NA,NA,NA,"Adware.ADWARE/ANDR.Agent","Adware.Mobby.5.origin",NA,NA,"Artemis",NA,"Android Ewind (PUA)","PUA.AndroidOS.Mobby","Android:Evo-gen [Trj]",NA,"ADWARE/ANDR.Agent.FOKP.Gen",NA,NA,NA,"Adware:AndroidOS/Ewind.A",NA,"not-a-virus:HEUR:AdWare.AndroidOS.Ewind.kp",NA,"Android.Riskware.HiddenAds.HA","PUP/Android.Agent.995918",NA,NA,NA,NA,NA,NA,NA,"Android.WIN32.Ewind.kp","Android/Erwind.A!tr",NA,NA,NA
"55",NA,NA,NA,NA,"Android.Fakecalls.GEN45163",NA,NA,NA,NA,NA,NA,NA,"Trojan ( 0055e4881 )","Android.PUA.DebugKey",NA,NA,"AndroidOS/Trojan.WBAO-9",NA,NA,"a variant of Android/TrojanDropper.Agent.IZK",NA,NA,"Malicious (score: 99)","HEUR:Trojan-Banker.AndroidOS.Fakecalls.k",NA,NA,NA,NA,NA,NA,NA,NA,NA,"Android.Spy.914.origin",NA,NA,NA,NA,"Andr/Xgen2-ZA","Trojan-Dropper.AndroidOS.Agent","Android:Evo-gen [Trj]",NA,"ANDROID/Banker.FKCG.Gen",NA,NA,NA,"TrojanDropper:AndroidOS/BankerAgent.X",NA,"HEUR:Trojan-Banker.AndroidOS.Fakecalls.k",NA,"Android.Riskware.Agent.JMB","PUP/Android.FLPrev.1039239",NA,NA,NA,NA,NA,NA,NA,NA,"Android/Agent.DSI!tr",NA,NA,NA
"56",NA,"Adware.AndroidOS.Ewind.A!c",NA,NA,NA,"Artemis!9761D9D85394",NA,NA,NA,NA,NA,NA,"Trojan ( 0055c41e1 )",NA,NA,NA,"AndroidOS/Trojan.UCXN-2","AppRisk:Generisk","PUA.Gen.2","a variant of Android/AdDisplay.Mobby.I potentially unwanted",NA,NA,NA,"not-a-virus:HEUR:AdWare.AndroidOS.Ewind.kp",NA,"Riskware.Android.Ewind.hcuhld",NA,NA,NA,NA,NA,"ApplicUnwnt@#tq2bhhs185cd",NA,"Adware.Mobby.5.origin","Adware.Ewind.Android.13151",NA,"Artemis!PUP",NA,"Android Ewind (PUA)","PUA.AndroidOS.Mobby",NA,NA,NA,"Trojan/Generic.ASMalwAD.11",NA,NA,"Program:Win32/Ymacco.AAA6",NA,"not-a-virus:HEUR:AdWare.AndroidOS.Ewind.kp",NA,NA,"Trojan/Android.Hidap.908745",NA,NA,NA,NA,NA,NA,NA,"Android.WIN32.Ewind.kp","Android/Hiddad.AEW!tr",NA,NA,NA
"57",NA,NA,NA,NA,"Android.Mobby.GEN20554 (PUP)","Artemis!919A1900C529",NA,NA,NA,NA,NA,NA,"Trojan ( 005537a81 )","Android.Malware.General (score:8)",NA,NA,NA,"Trojan:Malapp","Trojan.Gen.MBT","a variant of Android/AdDisplay.Mobby.I potentially unwanted",NA,NA,"Malicious (score: 99)","not-a-virus:HEUR:AdWare.AndroidOS.Ewind.kp",NA,NA,NA,NA,NA,NA,NA,NA,NA,"Adware.Mobby.5.origin",NA,NA,"Artemis",NA,"Android Ewind (PUA)","PUA.AndroidOS.Mobby","Android:Evo-gen [Trj]",NA,"ADWARE/ANDR.Agent.FOKP.Gen",NA,NA,NA,"Adware:AndroidOS/Ewind.A",NA,NA,NA,"Android.Riskware.HiddenAds.HA","PUP/Android.Agent.995918",NA,NA,NA,NA,NA,NA,NA,"Android.WIN32.Ewind.kp","Android/Erwind.A!tr",NA,NA,NA
"58",NA,NA,NA,NA,"Android.ScytheSCF.PC","Artemis!9D7989C69E72",NA,NA,NA,NA,NA,NA,NA,NA,NA,NA,NA,"AppRisk:Generisk",NA,"a variant of Android/Spy.Agent.BTN",NA,NA,"Malicious (score: 99)","HEUR:Trojan-Spy.AndroidOS.Agent.zq",NA,NA,NA,NA,NA,NA,NA,NA,NA,"Android.SmsSpy.11001",NA,NA,"Artemis",NA,NA,"Trojan.AndroidOS.SmsSpy","Android:Evo-gen [Trj]",NA,"ANDROID/SpyAgent.FKFL.Gen",NA,NA,NA,"Trojan:Script/Sabsik.TE.B!ml",NA,NA,NA,"Android.Riskware.Agent.gGVGX","PUP/Android.FLPrev.1052795",NA,NA,NA,NA,"a.privacy.SexInfoSteal",NA,NA,NA,"Android/Agent.BTN!tr.spy",NA,NA,NA
"59",NA,"Adware.AndroidOS.HiddenAd.A!c",NA,NA,"Android.Hiddenad.Abe3a (AdWare)","Artemis!7D5E9382D046",NA,NA,NA,NA,NA,NA,"Trojan ( 0057e8751 )","Android.Malware.General (score:6)",NA,NA,"AndroidOS/Trojan.WHGO-3",NA,NA,"a variant of Android/TrojanDropper.Agent.GZB",NA,NA,"Malicious (score: 99)","not-a-virus:HEUR:AdWare.AndroidOS.HiddenAd.ot",NA,"Riskware.Android.HiddenAd.ixddkf",NA,NA,NA,NA,NA,NA,NA,"Android.HiddenAds.1994","Adware.HiddenAd.Android.6863",NA,NA,NA,"Andr/Xgen2-YB","Trojan-Dropper.AndroidOS.Agent","Android:Evo-gen [Trj]",NA,"ANDROID/Agent.MER.Gen","Trojan/Generic.ASMalwAD.54",NA,NA,"Trojan:Win32/Phonzy.A!ml",NA,"not-a-virus:HEUR:AdWare.AndroidOS.HiddenAd.fc",NA,"Android.Trojan.Downloader.DN","PUP/Android.FLPrev.1021026",NA,NA,NA,NA,NA,NA,NA,"Android.WIN32.Adlo.a","Android/Agent.GZB!tr",NA,NA,NA
"60",NA,"Trojan.AndroidOS.Generic.C!c",NA,NA,NA,"Artemis!7199C8E5EF83",NA,NA,NA,"Malware.Generic-Script.Save.8626e7b1",NA,NA,"Trojan ( 0051a3c71 )",NA,NA,NA,"AndroidOS/GhostPush.C.gen!Eldorado",NA,"Trojan.Gen.2","a variant of Android/TrojanDropper.Shedun.V",NA,"Android:Revo-OU [Trj]","Malicious (score: 99)","HEUR:Trojan-Dropper.AndroidOS.Wapnor.a",NA,"Trojan.Android.MLW.ebzlbe",NA,NA,NA,NA,NA,NA,NA,"Android.DownLoader.329.origin",NA,NA,"Artemis!Trojan",NA,NA,"Trojan-Dropper.AndroidOS.Shedun","Android:Shedun-V [Trj]",NA,"ANDROID/Agent.hutg","Trojan/Generic.ASBOL.A0C1",NA,NA,"TrojanDropper:AndroidOS/Shedun.A!MTB",NA,NA,NA,NA,"PUP/Android.Agent.839002",NA,NA,NA,NA,"Dos.Trojan-dropper.Piom.Agld",NA,"malware (ai score=95)","Android.wapnor.a","Android/Shedun.AC!tr","Android:Revo-OU [Trj]",NA,NA
"61",NA,"Trojan.AndroidOS.Generic.C!c",NA,NA,NA,"Artemis!4A9775227534",NA,NA,NA,"Malware.Generic-Script.Save.896c8094",NA,NA,"Trojan ( 0051a3c71 )",NA,NA,NA,"AndroidOS/GhostPush.C.gen!Eldorado","AppRisk:Generisk","Trojan.Gen.2","a variant of Android/TrojanDropper.Shedun.V",NA,"Android:Revo-OU [Trj]","Malicious (score: 99)","HEUR:Trojan-Dropper.AndroidOS.Wapnor.a",NA,"Trojan.Android.MLW.ebzlbe",NA,NA,NA,NA,NA,NA,NA,"Android.DownLoader.329.origin",NA,NA,"Artemis!Trojan",NA,NA,"Trojan-Dropper.AndroidOS.Shedun","Android:Shedun-V [Trj]",NA,"ANDROID/Agent.hutg","Trojan/Generic.ASBOL.A0C1",NA,NA,"TrojanDropper:AndroidOS/Shedun.A!MTB",NA,"HEUR:Trojan-Dropper.AndroidOS.Wapnor.a",NA,NA,"PUP/Android.Agent.839002",NA,NA,NA,NA,"Dos.Trojan-dropper.Piom.Pezv",NA,"malware (ai score=95)",NA,"Android/Shedun.AC!tr","Android:Revo-OU [Trj]",NA,NA
"62",NA,NA,NA,NA,"Android.Fakecalls.GEN45163",NA,NA,NA,NA,NA,NA,NA,"Trojan ( 0055e4881 )","Android.PUA.DebugKey",NA,NA,"AndroidOS/Trojan.WBAO-9",NA,NA,"a variant of Android/TrojanDropper.Agent.IZK",NA,NA,"Malicious (score: 99)","HEUR:Trojan-Banker.AndroidOS.Fakecalls.k",NA,NA,NA,NA,NA,NA,NA,NA,NA,"Android.Spy.914.origin",NA,NA,NA,NA,"Andr/Xgen2-ZA","Trojan-Dropper.AndroidOS.Agent","Android:Evo-gen [Trj]",NA,"ANDROID/Banker.FKCG.Gen",NA,NA,NA,"TrojanDropper:AndroidOS/BankerAgent.X",NA,"HEUR:Trojan-Banker.AndroidOS.Fakecalls.k",NA,"Android.Riskware.Agent.JMB","PUP/Android.FLPrev.1039239",NA,NA,NA,NA,NA,NA,NA,NA,"Android/Agent.DSI!tr",NA,NA,NA
"63",NA,"Adware.AndroidOS.Agent.A!c",NA,NA,NA,"Artemis!CC37847A1E4B",NA,NA,NA,"Malware.Android-Script.Save.6a13d124",NA,NA,"Trojan-Downloader ( 004fb7e81 )",NA,NA,NA,NA,NA,"Trojan.Gen.2","a variant of Android/TrojanDownloader.Agent.FS",NA,"Android:Agent-OVB [Trj]",NA,"not-a-virus:HEUR:AdWare.AndroidOS.Agent.n",NA,"Riskware.Android.Agent.entxvm",NA,NA,NA,NA,NA,"ApplicUnwnt@#2hqtiqttvuauv",NA,"Android.DownLoader.337.origin",NA,NA,"Artemis!PUP",NA,NA,"Trojan.AndroidOS.Hiddenapp","Android:Agent-OVB [Trj]","AdWare.AndroidOS.egzd",NA,"Trojan/Generic.ASMalwAD.6F0",NA,NA,"Ransom:AndroidOS/LockScreen!rfn",NA,"not-a-virus:HEUR:AdWare.AndroidOS.Agent.n",NA,NA,"Trojan/Android.Agent.414435",NA,NA,NA,NA,"Android.Trojan-downloader.Agent.Szbj",NA,NA,"Android.WIN32.Multi.Generic","Android/Agent.FS!tr.dldr","Android:Agent-OVB [Trj]",NA,NA
"64",NA,"Adware.AndroidOS.Ewind.A!c",NA,NA,"Android.Mobby.GEN20554 (PUP)","Artemis!919A1900C529",NA,NA,NA,NA,NA,NA,"Trojan ( 005537a81 )","Android.Malware.General (score:8)",NA,NA,NA,"Trojan:Malapp",NA,"a variant of Android/AdDisplay.Mobby.I potentially unwanted",NA,NA,"Malicious (score: 99)","not-a-virus:HEUR:AdWare.AndroidOS.Ewind.kp",NA,NA,NA,NA,NA,NA,NA,NA,NA,"Adware.Mobby.5.origin",NA,NA,NA,NA,NA,"PUA.AndroidOS.Mobby","Android:Evo-gen [Trj]",NA,"ADWARE/ANDR.Agent.FOKP.Gen",NA,NA,NA,NA,NA,NA,NA,"Android.Riskware.HiddenAds.HA","PUP/Android.Agent.995918",NA,NA,NA,NA,NA,NA,NA,"Android.WIN32.Ewind.kp","Android/Erwind.A!tr",NA,NA,NA
"65",NA,"Trojan.AndroidOS.Wapnor.C!c",NA,NA,NA,"Artemis!623F3D059FE5",NA,NA,NA,"Malware.Android-Script.Save.5e01ff6c",NA,NA,"Trojan ( 0051a3c71 )",NA,NA,NA,"AndroidOS/GhostPush.C.gen!Eldorado",NA,"Trojan.Gen.2","a variant of Android/TrojanDropper.Shedun.V",NA,"Android:Revo-OU [Trj]","Malicious (score: 99)","HEUR:Trojan-Dropper.AndroidOS.Wapnor.a",NA,"Trojan.Android.MLW.ebzlbe",NA,NA,NA,NA,NA,"Malware@#2dkqrrry7r5jp","Malware.ANDROID/Agent.hutg","Android.DownLoader.329.origin","Dropper.Shedun.Android.155327",NA,"Artemis!Trojan",NA,NA,"Trojan-Dropper.AndroidOS.Shedun","Android:Shedun-V [Trj]",NA,"ANDROID/Agent.hutg","Trojan[Dropper:HEUR]/Android.Piom",NA,NA,"TrojanDropper:AndroidOS/Shedun.A!MTB",NA,"HEUR:Trojan-Dropper.AndroidOS.Wapnor.a",NA,NA,"PUP/Android.Agent.839002",NA,NA,NA,NA,"Dos.Trojan-dropper.Piom.Wlpn",NA,"malware (ai score=99)","Android.wapnor.a","Android/Shedun.AC!tr","Android:Revo-OU [Trj]",NA,NA
"66",NA,"Riskware.AndroidOS.Generic.z!c",NA,NA,NA,"Artemis!D71C100730CF",NA,NA,NA,NA,NA,NA,"Trojan ( 0051a3c71 )",NA,NA,NA,"AndroidOS/Trojan.VLSX-6",NA,"Trojan.Gen.2","a variant of Android/TrojanDropper.Shedun.V",NA,"Android:Revo-OU [Trj]","Malicious (score: 99)","HEUR:Trojan-Dropper.AndroidOS.Wapnor.a",NA,"Trojan.Android.MLW.ebzlbe",NA,NA,NA,NA,NA,"Malware@#2s8zrkklhxyc7",NA,"Android.DownLoader.329.origin",NA,NA,"Artemis!Trojan",NA,NA,"Trojan-Dropper.AndroidOS.Shedun","Android:Shedun-V [Trj]",NA,"ANDROID/Dropper.Shedun.AD.Gen","Trojan/Generic.ASBOL.97F8",NA,NA,"TrojanDropper:AndroidOS/Shedun.A!MTB",NA,NA,NA,NA,"PUP/Android.Shedun.245365",NA,NA,NA,NA,NA,NA,NA,NA,"Android/Shedun.AC!tr","Android:Revo-OU [Trj]",NA,NA
"67",NA,NA,NA,NA,"Android.TiFamily.GEN44865 (PUP)","Artemis!F539F058E64D",NA,NA,NA,NA,NA,NA,"Trojan ( 005818341 )","Android.Malware.General (score:9)",NA,NA,NA,"AdLibrary:Generisk",NA,"a variant of Android/Monitor.TiFamily.Q",NA,NA,"Malicious (score: 99)","not-a-virus:HEUR:Monitor.AndroidOS.MonitorMinor.l",NA,NA,NA,NA,NA,NA,NA,NA,NA,"Program.MonitorMinor.2.origin",NA,NA,"Artemis",NA,NA,"Monitor.AndroidOS.Bruno","APK:RepMetagen [Trj]",NA,"PUA/ANDR.Agent.FKAC.Gen",NA,NA,NA,NA,NA,"not-a-virus:HEUR:Monitor.AndroidOS.MonitorMinor.l",NA,"Android.Monitor.TiSpy.U","AppCare/Android.Tispy.1030054",NA,NA,NA,NA,NA,NA,NA,NA,"Riskware/Generic.Z.1114DEA!Android",NA,NA,NA
"68",NA,"Adware.AndroidOS.Ewind.A!c",NA,NA,"Android.Mobby.GEN20554 (PUP)",NA,NA,NA,NA,NA,NA,NA,"Trojan ( 005537a81 )","Android.Malware.General (score:8)",NA,NA,NA,"Trojan:Malapp","Trojan.Gen.MBT","a variant of Android/AdDisplay.Mobby.I potentially unwanted",NA,NA,"Malicious (score: 99)",NA,NA,NA,NA,NA,NA,NA,NA,NA,NA,"Adware.Mobby.5.origin",NA,NA,"Artemis",NA,NA,"PUA.AndroidOS.Mobby","Android:Evo-gen [Trj]",NA,"ADWARE/ANDR.Agent.FOKP.Gen",NA,NA,NA,NA,NA,"not-a-virus:HEUR:AdWare.AndroidOS.Ewind.kp",NA,"Android.Riskware.HiddenAds.HA","PUP/Android.Agent.995918",NA,NA,NA,NA,NA,NA,NA,NA,"Android/Erwind.A!tr",NA,NA,NA
"69",NA,"Adware.AndroidOS.Ewind.A!c",NA,NA,"Android.Mobby.GEN20554 (PUP)","Artemis!919A1900C529",NA,NA,NA,NA,NA,NA,"Trojan ( 005537a81 )","Android.Malware.General (score:8)",NA,NA,NA,"Trojan:Malapp","Trojan.Gen.MBT","a variant of Android/AdDisplay.Mobby.I potentially unwanted",NA,NA,"Malicious (score: 99)",NA,NA,NA,NA,NA,NA,NA,NA,NA,NA,"Adware.Mobby.5.origin",NA,NA,"Artemis",NA,"Android Ewind (PUA)","PUA.AndroidOS.Mobby","Android:Evo-gen [Trj]",NA,"ADWARE/ANDR.Agent.FOKP.Gen",NA,NA,NA,"Adware:AndroidOS/Ewind.A",NA,"not-a-virus:HEUR:AdWare.AndroidOS.Ewind.kp",NA,"Android.Riskware.HiddenAds.HA","PUP/Android.Agent.995918",NA,NA,NA,NA,NA,NA,NA,"Android.WIN32.Ewind.kp","Android/Erwind.A!tr",NA,NA,NA
"70",NA,"Adware.AndroidOS.Ewind.A!c",NA,NA,"Android.Mobby.GEN20554 (PUP)","Artemis!919A1900C529",NA,NA,NA,NA,NA,NA,"Trojan ( 005537a81 )","Android.Malware.General (score:8)",NA,NA,NA,"Trojan:Malapp","Trojan.Gen.MBT","a variant of Android/AdDisplay.Mobby.I potentially unwanted",NA,NA,"Malicious (score: 99)","not-a-virus:HEUR:AdWare.AndroidOS.Ewind.kp",NA,NA,NA,NA,NA,NA,NA,NA,NA,"Adware.Mobby.5.origin",NA,NA,"Artemis",NA,"Android Ewind (PUA)","PUA.AndroidOS.Mobby","Android:Evo-gen [Trj]",NA,"ADWARE/ANDR.Agent.FOKP.Gen",NA,NA,NA,"Adware:AndroidOS/Ewind.A",NA,NA,NA,"Android.Riskware.HiddenAds.HA","PUP/Android.Agent.995918",NA,NA,NA,NA,NA,NA,NA,"Android.WIN32.Ewind.kp","Android/Erwind.A!tr",NA,NA,NA
"71",NA,NA,NA,NA,"Android.Fakecalls.GEN45163",NA,NA,NA,NA,NA,NA,NA,"Trojan ( 0055e4881 )","Android.PUA.DebugKey",NA,NA,"AndroidOS/Trojan.WBAO-9",NA,NA,"a variant of Android/TrojanDropper.Agent.IZK",NA,NA,"Malicious (score: 99)","HEUR:Trojan-Banker.AndroidOS.Fakecalls.k",NA,NA,NA,NA,NA,NA,NA,NA,NA,"Android.Spy.914.origin",NA,NA,NA,NA,"Andr/Xgen2-ZA","Trojan-Dropper.AndroidOS.Agent","Android:Evo-gen [Trj]",NA,"ANDROID/Banker.FKCG.Gen",NA,NA,NA,"TrojanDropper:AndroidOS/BankerAgent.X",NA,NA,NA,"Android.Riskware.Agent.JMB","PUP/Android.FLPrev.1039239",NA,NA,NA,NA,NA,NA,NA,NA,"Android/Agent.DSI!tr",NA,NA,NA
"72",NA,NA,NA,NA,"Android.Mobby.GEN20554 (PUP)","Artemis!919A1900C529",NA,NA,NA,NA,NA,NA,"Trojan ( 005537a81 )","Android.Malware.General (score:8)",NA,NA,NA,"Trojan:Malapp","Trojan.Gen.MBT","a variant of Android/AdDisplay.Mobby.I potentially unwanted",NA,NA,"Malicious (score: 99)","not-a-virus:HEUR:AdWare.AndroidOS.Ewind.kp",NA,NA,NA,NA,NA,NA,NA,NA,NA,"Adware.Mobby.5.origin",NA,NA,"Artemis",NA,"Android Ewind (PUA)","PUA.AndroidOS.Mobby","Android:Evo-gen [Trj]",NA,"ADWARE/ANDR.Agent.FOKP.Gen",NA,NA,NA,"Adware:AndroidOS/Ewind.A",NA,"not-a-virus:HEUR:AdWare.AndroidOS.Ewind.kp",NA,"Android.Riskware.HiddenAds.HA","PUP/Android.Agent.995918",NA,NA,NA,NA,NA,NA,NA,"Android.WIN32.Ewind.kp","Android/Erwind.A!tr",NA,NA,NA
"73",NA,"Trojan.AndroidOS.Agent.C!c",NA,NA,NA,"Artemis!1014E9DFB449",NA,NA,NA,"Malware.Android-Script.Save.ec837d5d",NA,NA,NA,NA,NA,NA,"AndroidOS/FakePlayer.H.gen!Eldorado","AppRisk:Generisk",NA,"a variant of Android/TrojanSMS.Agent.DDY",NA,"Android:FakePlayer-I [Trj]",NA,"HEUR:Trojan-SMS.AndroidOS.Agent.acl",NA,"Trojan.Android.SmsSend.fuakcz",NA,NA,NA,NA,NA,NA,NA,NA,NA,NA,"Artemis!Trojan",NA,NA,"Trojan.AndroidOS.FakePlayer","Android:FakePlayer-I [Trj]",NA,NA,"Trojan/Generic.ASMalwAD.19",NA,NA,"Trojan:AndroidOS/FakePlayer!rfn",NA,NA,NA,NA,"Trojan/Android.FakeInst.893874",NA,NA,NA,NA,NA,NA,NA,NA,"Android/FakePlayer.I!tr","Android:FakePlayer-I [Trj]",NA,NA
"74",NA,"Trojan.AndroidOS.Bray.C!c",NA,NA,"Android.SmsThief.GEN44819","Artemis!DE4D4A92B49B",NA,NA,NA,NA,NA,"TrojanSpy:Android/Agent.341ac6bc","Trojan ( 00579dc81 )","Android.Malware.Spyware",NA,NA,NA,"AppRisk:Generisk","Trojan.Gen.MBT","a variant of Android/Spy.Agent.BMP",NA,"Android:FakeCop-P [Trj]","Malicious (score: 99)","HEUR:Trojan-Banker.AndroidOS.Bray.j",NA,"Trojan.Android.SpyAgent.jgpdwu",NA,NA,NA,NA,NA,NA,NA,"Android.Spy.891.origin",NA,NA,"Artemis!Trojan",NA,"Andr/Xgen2-ZB","Trojan.AndroidOS.Agent","Android:Evo-gen [Trj]",NA,"ANDROID/SpyAgent.FJZB.Gen",NA,NA,NA,"TrojanSpy:AndroidOS/Bray.A",NA,"HEUR:Trojan-Banker.AndroidOS.Bray.b",NA,"Android.Trojan.InfoStealer.XY","Spyware/Android.Agent.1011823",NA,NA,NA,NA,"a.privacy.emial.d",NA,NA,NA,"Android/Agent.BMP!tr","Android:FakeCop-P [Trj]",NA,NA
"75",NA,"Adware.AndroidOS.Ewind.A!c",NA,NA,"Android.Mobby.GEN20554 (PUP)","Artemis!919A1900C529",NA,NA,NA,NA,NA,NA,"Trojan ( 005537a81 )","Android.Malware.General (score:8)",NA,NA,NA,"Trojan:Malapp",NA,"a variant of Android/AdDisplay.Mobby.I potentially unwanted",NA,NA,"Malicious (score: 99)","not-a-virus:HEUR:AdWare.AndroidOS.Ewind.kp",NA,NA,NA,NA,NA,NA,NA,NA,NA,"Adware.Mobby.5.origin",NA,NA,NA,NA,NA,"PUA.AndroidOS.Mobby","Android:Evo-gen [Trj]",NA,"ADWARE/ANDR.Agent.FOKP.Gen",NA,NA,NA,"Adware:AndroidOS/Ewind.A",NA,NA,NA,"Android.Riskware.HiddenAds.HA","PUP/Android.Agent.995918",NA,NA,NA,NA,NA,NA,NA,"Android.WIN32.Ewind.kp","Android/Erwind.A!tr",NA,NA,NA
"76",NA,"Trojan.AndroidOS.Agent.C!c",NA,NA,NA,"Artemis!AAB1E4CC9B65",NA,NA,NA,NA,NA,NA,"Trojan ( 0053d7441 )",NA,NA,NA,NA,"AppRisk:Generisk","Trojan.Gen.2","a variant of Android/Agent.BAS",NA,NA,NA,"HEUR:Trojan-SMS.AndroidOS.Agent.abw",NA,"Trojan.Android.RemoteCode.fmjpta",NA,NA,NA,NA,NA,"Malware@#2k5nhq6qeea1q",NA,"Android.RemoteCode.907","Trojan.Agent.Android.156182",NA,"Artemis!Trojan",NA,NA,"Trojan.AndroidOS.Agent",NA,"Trojan.AndroidOS.fvyv",NA,"Trojan[SMS]/Android.Agent",NA,NA,"Program:AndroidOS/Multiverze",NA,"HEUR:Trojan-SMS.AndroidOS.Agent.abw",NA,NA,"PUP/Android.SmsPay.894417",NA,NA,NA,NA,NA,NA,NA,"Virus.AdWare.AndroidOS.Agent.cf","Android/Agent.BHM!tr",NA,NA,NA
"77",NA,NA,NA,NA,NA,"Artemis!1D576BCEEF0A",NA,NA,NA,"Malware.Generic-Script.Save.cf719948",NA,NA,"Trojan ( 0051a3c71 )",NA,NA,NA,"AndroidOS/GhostPush.C.gen!Eldorado","AppRisk:Generisk","Trojan.Gen.MBT","a variant of Android/TrojanDropper.Shedun.V",NA,"Android:Revo-OU [Trj]","Malicious (score: 99)","HEUR:Trojan-Dropper.AndroidOS.Wapnor.a",NA,"Trojan.Android.MLW.ebzlbe",NA,NA,NA,NA,NA,"Malware@#1t42ede4dlu2x","Malware.ANDROID/Agent.hutg","Android.DownLoader.329.origin","Dropper.Shedun.Android.302158",NA,"Artemis!Trojan",NA,NA,"Trojan-Dropper.AndroidOS.Shedun","Android:Shedun-V [Trj]",NA,"ANDROID/Agent.hutg","Trojan[Dropper]/Android.Shedun.v",NA,NA,"TrojanDropper:AndroidOS/Shedun.A!MTB",NA,"HEUR:Trojan-Dropper.AndroidOS.Wapnor.a",NA,NA,"PUP/Android.Agent.839002",NA,NA,NA,NA,"Dos.Trojan-dropper.Piom.Dzud",NA,"malware (ai score=95)","Android.wapnor.a","Android/Shedun.AC!tr","Android:Revo-OU [Trj]",NA,NA
"78",NA,"Trojan.AndroidOS.Generic.C!c",NA,NA,NA,NA,NA,NA,NA,NA,NA,NA,"Trojan ( 0051a3c71 )",NA,NA,NA,"AndroidOS/GhostPush.C.gen!Eldorado",NA,"Trojan.Gen.2","a variant of Android/TrojanDropper.Shedun.V",NA,NA,"Malicious (score: 99)","HEUR:Trojan-Dropper.AndroidOS.Wapnor.a",NA,"Trojan.Android.MLW.ebzlbe",NA,NA,NA,NA,NA,"Malware@#2vj0xc5jb9d7s",NA,"Android.DownLoader.329.origin",NA,NA,"Artemis!Trojan",NA,NA,NA,"Android:Shedun-V [Trj]",NA,"ANDROID/Agent.hutg","Trojan/Generic.ASMalwAD.735",NA,NA,"TrojanDropper:AndroidOS/Shedun.A!MTB",NA,"HEUR:Trojan-Dropper.AndroidOS.Wapnor.a",NA,NA,"PUP/Android.Agent.839002",NA,NA,NA,NA,"Dos.Trojan-dropper.Piom.Tbsc",NA,"malware (ai score=99)",NA,"Android/Shedun.AC!tr",NA,NA,NA
"79",NA,"Trojan.AndroidOS.Wapnor.C!c",NA,NA,NA,"Artemis!152AB367F6C0",NA,NA,NA,"Malware.Generic-Script.Save.896c8094",NA,NA,"Trojan ( 0051a3c71 )",NA,NA,NA,"AndroidOS/GhostPush.C.gen!Eldorado","AppRisk:Generisk","Trojan.Gen.2","a variant of Android/TrojanDropper.Shedun.V",NA,"Android:Revo-OU [Trj]","Malicious (score: 99)","HEUR:Trojan-Dropper.AndroidOS.Wapnor.a",NA,"Trojan.Android.MLW.ebzlbe",NA,NA,NA,NA,NA,"Malware@#2xysgv71ukm2e",NA,"Android.DownLoader.329.origin","Dropper.Wapnor.Android.47112",NA,"Artemis",NA,NA,"Trojan-Dropper.AndroidOS.Shedun","Android:Shedun-V [Trj]",NA,"ANDROID/Agent.hutg","Trojan/Generic.ASBOL.A0C1",NA,NA,"TrojanDropper:AndroidOS/Shedun.A!MTB",NA,NA,NA,NA,"PUP/Android.Agent.839002",NA,NA,NA,NA,"Dos.Trojan-dropper.Wapnor.Dvpy",NA,NA,"Android.wapnor.a","Android/Shedun.AC!tr","Android:Revo-OU [Trj]",NA,NA
"80",NA,"Adware.AndroidOS.Ewind.A!c",NA,NA,"Android.Mobby.GEN20554 (PUP)","Artemis!919A1900C529",NA,NA,NA,NA,NA,NA,"Trojan ( 005537a81 )","Android.Malware.General (score:8)",NA,NA,NA,"Trojan:Malapp","Trojan.Gen.MBT","a variant of Android/AdDisplay.Mobby.I potentially unwanted",NA,NA,"Malicious (score: 99)","not-a-virus:HEUR:AdWare.AndroidOS.Ewind.kp",NA,NA,NA,NA,NA,NA,NA,NA,NA,"Adware.Mobby.5.origin",NA,NA,"Artemis",NA,"Android Ewind (PUA)","PUA.AndroidOS.Mobby","Android:Evo-gen [Trj]",NA,"ADWARE/ANDR.Agent.FOKP.Gen",NA,NA,NA,"Adware:AndroidOS/Ewind.A",NA,"not-a-virus:HEUR:AdWare.AndroidOS.Ewind.kp",NA,"Android.Riskware.HiddenAds.HA","PUP/Android.Agent.995918",NA,NA,NA,NA,NA,NA,NA,NA,"Android/Erwind.A!tr",NA,NA,NA
"81",NA,NA,NA,NA,"Android.Mobby.GEN20554 (PUP)","Artemis!919A1900C529",NA,NA,NA,NA,NA,NA,"Trojan ( 005537a81 )","Android.Malware.General (score:8)",NA,NA,NA,"Trojan:Malapp",NA,"a variant of Android/AdDisplay.Mobby.I potentially unwanted",NA,NA,"Malicious (score: 99)","not-a-virus:HEUR:AdWare.AndroidOS.Ewind.kp",NA,NA,NA,NA,NA,NA,NA,NA,NA,"Adware.Mobby.5.origin",NA,NA,"Artemis",NA,"Android Ewind (PUA)","PUA.AndroidOS.Mobby","Android:Evo-gen [Trj]",NA,"ADWARE/ANDR.Agent.FOKP.Gen",NA,NA,NA,"Adware:AndroidOS/Ewind.A",NA,NA,NA,"Android.Riskware.HiddenAds.HA","PUP/Android.Agent.995918",NA,NA,NA,NA,NA,NA,NA,"Android.WIN32.Ewind.kp","Android/Erwind.A!tr",NA,NA,NA
"82",NA,"Trojan.AndroidOS.Generic.C!c",NA,NA,NA,"Artemis!E777ADC22F2A",NA,NA,NA,"Malware.Generic-Script.Save.5e923ef9",NA,NA,"Trojan ( 0051a3c71 )",NA,NA,NA,"AndroidOS/GhostPush.C.gen!Eldorado",NA,"Trojan.Gen.MBT","a variant of Android/TrojanDropper.Shedun.V",NA,"Android:Revo-OU [Trj]","Malicious (score: 99)","HEUR:Trojan-Dropper.AndroidOS.Wapnor.a",NA,"Trojan.Android.MLW.ebzlbe",NA,NA,NA,NA,NA,NA,NA,"Android.DownLoader.329.origin",NA,NA,"Artemis!Trojan",NA,NA,"Trojan-Dropper.AndroidOS.Shedun","Android:Shedun-V [Trj]",NA,"ANDROID/Agent.hutg","Trojan/Generic.ASBOL.A0C1",NA,NA,"TrojanDropper:AndroidOS/Shedun.A!MTB",NA,"HEUR:Trojan-Dropper.AndroidOS.Wapnor.a",NA,NA,"PUP/Android.Agent.839002",NA,NA,NA,NA,"Dos.Trojan-dropper.Piom.Akot",NA,"malware (ai score=99)","Android.wapnor.a","Android/Shedun.AC!tr","Android:Revo-OU [Trj]",NA,NA
"83",NA,"Trojan.AndroidOS.Wapnor.C!c",NA,NA,NA,"Artemis!0B40C7B97AC3",NA,NA,NA,"Malware.Android-Script.Save.5e01ff6c",NA,NA,"Trojan ( 0051a3c71 )",NA,NA,NA,"AndroidOS/GhostPush.C.gen!Eldorado",NA,"Trojan.Gen.2","a variant of Android/TrojanDropper.Shedun.V",NA,"Android:Revo-OU [Trj]","Malicious (score: 99)","HEUR:Trojan-Dropper.AndroidOS.Wapnor.a",NA,"Trojan.Android.MLW.ebzlbe",NA,NA,NA,NA,NA,NA,NA,"Android.DownLoader.329.origin","Dropper.Shedun.Android.247139",NA,"Artemis!Trojan",NA,NA,"Trojan-Dropper.AndroidOS.Shedun","Android:SMSreg-CXQ [Trj]",NA,"ANDROID/Agent.hutg","Trojan/Generic.ASBOL.A0C1",NA,NA,"TrojanDropper:AndroidOS/Shedun.A!MTB",NA,"HEUR:Trojan-Dropper.AndroidOS.Wapnor.a",NA,NA,"PUP/Android.Agent.839002",NA,NA,NA,NA,"Dos.Trojan-dropper.Piom.Frs",NA,"malware (ai score=99)","Android.wapnor.a","Android/Shedun.AC!tr","Android:Revo-OU [Trj]",NA,NA
"84",NA,"Adware.AndroidOS.Ewind.A!c",NA,NA,"Android.Mobby.GEN20554 (PUP)",NA,NA,NA,NA,NA,NA,NA,"Trojan ( 005537a81 )","Android.Malware.General (score:8)",NA,NA,NA,"Trojan:Malapp","Trojan.Gen.MBT","a variant of Android/AdDisplay.Mobby.I potentially unwanted",NA,NA,"Malicious (score: 99)","not-a-virus:HEUR:AdWare.AndroidOS.Ewind.kp",NA,NA,NA,NA,NA,NA,NA,NA,NA,"Adware.Mobby.5.origin",NA,NA,"Artemis",NA,"Android Ewind (PUA)","PUA.AndroidOS.Mobby","Android:Evo-gen [Trj]",NA,"ADWARE/ANDR.Agent.FOKP.Gen",NA,NA,NA,"Adware:AndroidOS/Ewind.A",NA,NA,NA,"Android.Riskware.HiddenAds.HA","PUP/Android.Agent.995918",NA,NA,NA,NA,NA,NA,NA,"Android.WIN32.Ewind.kp","Android/Erwind.A!tr",NA,NA,NA
"85",NA,NA,NA,NA,NA,"Artemis!2943331E1BD4",NA,NA,NA,NA,NA,NA,"Trojan ( 0057e8751 )",NA,NA,NA,NA,NA,NA,"a variant of Android/TrojanDropper.Agent.IXE",NA,NA,"Malicious (score: 99)","not-a-virus:HEUR:AdWare.AndroidOS.Adlo.b",NA,NA,NA,NA,NA,NA,NA,NA,"Malware.ANDROID/Agent.MER.Gen","Android.Packed.55586",NA,NA,"Artemis",NA,"Andr/Xgen2-YR","Trojan-Dropper.AndroidOS.Agent","Android:Evo-gen [Trj]",NA,"ANDROID/Agent.MER.Gen",NA,NA,NA,"Trojan:Script/Sabsik.FL.B!ml",NA,"not-a-virus:HEUR:AdWare.AndroidOS.Adlo.b",NA,"Android.Riskware.Downloader.DN","PUP/Android.Hidad.1030260",NA,NA,NA,NA,NA,NA,NA,"Android.WIN32.Adlo.a","Android/Agent.HVN!tr",NA,NA,NA
"86",NA,"Trojan.AndroidOS.Generic.C!c",NA,NA,NA,"Artemis!B8E631CC1D85",NA,NA,NA,NA,NA,NA,"Trojan ( 004958921 )",NA,NA,NA,NA,"AppRisk:Generisk","Trojan.Gen.2","a variant of Android/MTK.M","ANDROIDOS_ADLOADER.VA",NA,"Malicious (score: 99)",NA,NA,"Trojan.Android.Dowgin.dgryvi",NA,NA,NA,NA,NA,"Malware@#1ypb2bkp1hvzc",NA,NA,"Trojan.MTK.Android.11775","ANDROIDOS_ADLOADER.VA",NA,NA,"Android Zdtad (PUA)","Trojan.AndroidOS.MTK",NA,NA,"ANDROID/MTK.Q.Gen",NA,NA,NA,"Trojan:Script/Wacatac.B!ml",NA,NA,NA,NA,"PUP/Android.Dowgin.62170",NA,NA,NA,NA,"Android.Trojan.Generic.Pitq",NA,NA,NA,"Android/Generic.Z.8EF9C3!tr",NA,NA,NA
"87",NA,"Adware.AndroidOS.Ewind.A!c",NA,NA,"Android.Mobby.GEN20554 (PUP)","Artemis!919A1900C529",NA,NA,NA,NA,NA,NA,"Trojan ( 005537a81 )","Android.Malware.General (score:8)",NA,NA,NA,"Trojan:Malapp","Trojan.Gen.MBT","a variant of Android/AdDisplay.Mobby.I potentially unwanted",NA,NA,"Malicious (score: 99)",NA,NA,NA,NA,NA,NA,NA,NA,NA,NA,"Adware.Mobby.5.origin",NA,NA,"Artemis",NA,"Android Ewind (PUA)","PUA.AndroidOS.Mobby","Android:Evo-gen [Trj]",NA,"ADWARE/ANDR.Agent.FOKP.Gen",NA,NA,NA,"Adware:AndroidOS/Ewind.A",NA,"not-a-virus:HEUR:AdWare.AndroidOS.Ewind.kp",NA,"Android.Riskware.HiddenAds.HA","PUP/Android.Agent.995918",NA,NA,NA,NA,NA,NA,NA,NA,"Android/Erwind.A!tr",NA,NA,NA
"88",NA,"Adware.AndroidOS.Ewind.A!c",NA,NA,"Android.Mobby.GEN20554 (PUP)","Artemis!919A1900C529",NA,NA,NA,NA,NA,NA,"Trojan ( 005537a81 )","Android.Malware.General (score:8)",NA,NA,NA,"Trojan:Malapp","Trojan.Gen.MBT","a variant of Android/AdDisplay.Mobby.I potentially unwanted",NA,NA,"Malicious (score: 99)","not-a-virus:HEUR:AdWare.AndroidOS.Ewind.kp",NA,NA,NA,NA,NA,NA,NA,NA,NA,"Adware.Mobby.5.origin",NA,NA,"Artemis",NA,"Android Ewind (PUA)","PUA.AndroidOS.Mobby","Android:Evo-gen [Trj]",NA,"ADWARE/ANDR.Agent.FOKP.Gen",NA,NA,NA,"Adware:AndroidOS/Ewind.A",NA,"not-a-virus:HEUR:AdWare.AndroidOS.Ewind.kp",NA,"Android.Riskware.HiddenAds.HA","PUP/Android.Agent.995918",NA,NA,NA,NA,NA,NA,NA,"Android.WIN32.Ewind.kp","Android/Erwind.A!tr",NA,NA,NA
"89",NA,"Trojan.AndroidOS.SpyNote.C!c",NA,NA,"Android.Spy.GEN27587","Android/Tripoli",NA,NA,NA,"Malware.Android-Script.Save.557766d0",NA,NA,"Spyware ( 005383381 )","Android.Malware.General (score:4)","Trojan.Generic.D2AE5D0C",NA,"AndroidOS/Banker.L",NA,NA,"a variant of Android/Spy.Agent.BAT",NA,"Android:SpyMax-D [Spy]","Malicious (score: 99)","HEUR:Trojan-Spy.AndroidOS.SpyNote.an","Trojan.GenericKD.44981516","Trojan.Android.Mlw.flfkkg",NA,"Trojan.GenericKD.44981516",NA,NA,"Trojan.GenericKD.44981516 (B)","Malware@#28omzbaexgv12","Malware.ANDROID/SpyAgent.FGRX.Gen","Android.Backdoor.685.origin",NA,NA,"Android/Tripoli","Trojan.GenericKD.44981516","Andr/Spy-AZW","Trojan.AndroidOS.SpyNote","Android:Evo-gen [Trj]",NA,"ANDROID/Banker.FAAR.Gen","Trojan[Spy]/Android.SpyNote",NA,NA,"Ransom:Win32/Eris",NA,"HEUR:Trojan-Spy.AndroidOS.SpyNote.an","Trojan.GenericKD.44981516","Android.Riskware.FakeApp.MV","Spyware/Android.Agent.733520",NA,NA,NA,NA,NA,"Trojan.Mober.bSzBF9.5","malware (ai score=82)","Android.spynote.j","Android/SpyNote.AN!tr.spy",NA,NA,NA
"90",NA,"Adware.AndroidOS.Dnotua.A!c",NA,NA,"Android.Hiddad.A34f","Artemis!E9B1BDF2A86A",NA,NA,NA,NA,NA,"AdWare:Android/Dnotua.7112b341","Trojan ( 0054c2c81 )","Android.Malware.General",NA,NA,"Trojan.DKHM-33","AdLibrary:Generisk",NA,"a variant of Android/Hiddad.ABF",NA,NA,NA,NA,NA,NA,NA,NA,NA,NA,NA,NA,NA,NA,"Trojan.HiddenAd.Android.2538",NA,"Artemis!Trojan",NA,NA,"Trojan.AndroidOS.Hiddad",NA,NA,NA,"Trojan/Generic.ASMalwAD.56",NA,NA,"Program:AndroidOS/Multiverze",NA,NA,NA,NA,NA,NA,NA,NA,NA,"a.gray.adwtb",NA,NA,NA,"Adware/Dnotua!Android",NA,NA,NA
"91",NA,"Adware.AndroidOS.Adlo.A!c",NA,NA,NA,"Artemis!72B80100F4B5",NA,NA,NA,NA,NA,NA,"Trojan ( 0057e8751 )",NA,NA,NA,NA,NA,NA,"a variant of Android/TrojanDropper.Agent.IXE",NA,NA,"Malicious (score: 99)","not-a-virus:HEUR:AdWare.AndroidOS.Adlo.b",NA,"Riskware.Android.Adlo.jgoavo",NA,NA,NA,NA,NA,NA,NA,"Android.HiddenAds.2968",NA,NA,"Artemis!PUP",NA,"Andr/Xgen2-YR","Trojan-Dropper.AndroidOS.Agent","Android:Evo-gen [Trj]",NA,"ANDROID/Agent.MER.Gen","Trojan/Generic.ASMalwAD.2D",NA,NA,"Trojan:Script/Sabsik.FL.B!ml",NA,"not-a-virus:HEUR:AdWare.AndroidOS.Adlo.b",NA,"Android.Riskware.Downloader.DN","PUP/Android.Hidad.1030260",NA,NA,NA,NA,NA,NA,NA,"Android.WIN32.Adlo.a","Android/Agent.HVN!tr",NA,NA,NA
"92",NA,"Trojan.AndroidOS.Bray.C!c",NA,NA,"Android.SmsThief.GEN44819","Artemis!07E0C50A8A28",NA,NA,NA,NA,NA,"TrojanSpy:Android/Agent.341ac6bc","Trojan ( 00579dc81 )","Android.Malware.Spyware",NA,NA,NA,"AppRisk:Generisk","Trojan.Gen.MBT","a variant of Android/Spy.Agent.BMP",NA,"Android:FakeCop-P [Trj]","Malicious (score: 99)","HEUR:Trojan-Banker.AndroidOS.Bray.j",NA,NA,NA,NA,NA,NA,NA,NA,NA,"Android.Spy.891.origin",NA,NA,NA,NA,"Andr/Xgen2-ZB","Trojan.AndroidOS.Agent","Android:Evo-gen [Trj]",NA,"ANDROID/SpyAgent.FJZB.Gen","Trojan/Generic.ASMalwAD.16",NA,NA,"TrojanSpy:AndroidOS/Bray.A",NA,"HEUR:Trojan-Banker.AndroidOS.Bray.b",NA,"Android.Trojan.InfoStealer.XY","Spyware/Android.Agent.1011823",NA,NA,NA,NA,"Android.Trojan-spy.Agent.Hyu",NA,NA,NA,"Android/Agent.BMP!tr","Android:FakeCop-P [Trj]",NA,NA
"93",NA,"Adware.AndroidOS.Ewind.A!c",NA,NA,"Android.Mobby.GEN20554 (PUP)","Artemis!919A1900C529",NA,NA,NA,NA,NA,NA,"Trojan ( 005537a81 )","Android.Malware.General (score:8)",NA,NA,NA,"Trojan:Malapp","Trojan.Gen.MBT","a variant of Android/AdDisplay.Mobby.I potentially unwanted",NA,NA,"Malicious (score: 99)","not-a-virus:HEUR:AdWare.AndroidOS.Ewind.kp",NA,NA,NA,NA,NA,NA,NA,NA,NA,"Adware.Mobby.5.origin",NA,NA,"Artemis",NA,NA,"PUA.AndroidOS.Mobby","Android:Evo-gen [Trj]",NA,"ADWARE/ANDR.Agent.FOKP.Gen",NA,NA,NA,"Adware:AndroidOS/Ewind.A",NA,NA,NA,"Android.Riskware.HiddenAds.HA","PUP/Android.Agent.995918",NA,NA,NA,NA,NA,NA,NA,"Android.WIN32.Ewind.kp","Android/Erwind.A!tr",NA,NA,NA
"94",NA,NA,NA,NA,NA,"Artemis!9774B8704437",NA,NA,"Trojan.AndroidOS.Generic.a (v)",NA,NA,NA,"Trojan ( 0058940f1 )",NA,NA,NA,"AndroidOS/Opfake.A",NA,"Trojan.Gen.2","a variant of Android/TrojanSMS.Agent.FV","ANDROIDOS_OPFAKE.HAT","Android:OpFake-AJ [Trj]","Malicious (score: 99)","HEUR:Trojan-SMS.AndroidOS.Opfake.a",NA,"Trojan.Android.Opfake.ctdicm",NA,NA,NA,NA,NA,"Malware@#yyluhfjymfwi",NA,"Android.SmsSend.390.origin","Trojan.Agent.Android.95298","ANDROIDOS_OPFAKE.HAT","Artemis!Trojan",NA,"Andr/Opfake-S","Trojan-SMS.AndroidOS.Agent","Android:SMSSend-AHT [Trj]","Trojan/AndroidOS.aezw","ANDROID/TrojanSMS.Femto.A.Gen","Trojan/Generic.ASMalwAD.5E",NA,NA,"Trojan:Win32/Occamy.CF1",NA,NA,NA,NA,"Trojan/Android.SmsSend.998058",NA,NA,NA,NA,"Trojan.Android.FakeInstall.ll",NA,NA,"Android.Opfake.A","Android/Agent.FV!tr","Android:OpFake-AJ [Trj]",NA,NA
"95",NA,"Adware.AndroidOS.Ewind.A!c",NA,NA,"Android.Mobby.GEN20554 (PUP)","Artemis!919A1900C529",NA,NA,NA,NA,NA,NA,"Trojan ( 005537a81 )","Android.Malware.General (score:8)",NA,NA,NA,"Trojan:Malapp","Trojan.Gen.MBT","a variant of Android/AdDisplay.Mobby.I potentially unwanted",NA,NA,NA,"not-a-virus:HEUR:AdWare.AndroidOS.Ewind.kp",NA,NA,NA,NA,NA,NA,NA,NA,NA,"Adware.Mobby.5.origin",NA,NA,"Artemis",NA,"Android Ewind (PUA)","PUA.AndroidOS.Mobby","Android:Evo-gen [Trj]",NA,"ADWARE/ANDR.Agent.FOKP.Gen",NA,NA,NA,"Adware:AndroidOS/Ewind.A",NA,NA,NA,"Android.Riskware.HiddenAds.HA","PUP/Android.Agent.995918",NA,NA,NA,NA,NA,NA,NA,"Android.WIN32.Ewind.kp","Android/Erwind.A!tr",NA,NA,NA
"96",NA,NA,NA,NA,"Android.Fakecalls.GEN45163",NA,NA,NA,NA,NA,NA,NA,"Trojan ( 0055e4881 )","Android.PUA.DebugKey",NA,NA,"AndroidOS/Trojan.WBAO-9",NA,NA,"a variant of Android/TrojanDropper.Agent.IZK",NA,NA,"Malicious (score: 99)","HEUR:Trojan-Banker.AndroidOS.Fakecalls.k",NA,NA,NA,NA,NA,NA,NA,NA,NA,"Android.Spy.914.origin",NA,NA,NA,NA,"Andr/Xgen2-ZA","Trojan-Dropper.AndroidOS.Agent","Android:Evo-gen [Trj]",NA,"ANDROID/Banker.FKCG.Gen",NA,NA,NA,"TrojanDropper:AndroidOS/BankerAgent.X",NA,NA,NA,"Android.Riskware.Agent.JMB","PUP/Android.FLPrev.1039239",NA,NA,NA,NA,NA,NA,NA,NA,"Android/Agent.DSI!tr",NA,NA,NA
"97",NA,"Trojan.AndroidOS.Agent.C!c",NA,NA,NA,"Artemis!52D56041F319",NA,NA,NA,NA,NA,NA,"Trojan ( 004cde2d1 )",NA,NA,NA,"AndroidOS/FakeInst.JK",NA,"Trojan.Gen.2","Android/TrojanDropper.Agent.BT",NA,"Android:FakeInst-AIC [Trj]",NA,"HEUR:Trojan-SMS.AndroidOS.Agent.ql",NA,"Trojan.Android.Agent.dkzuxa",NA,NA,NA,NA,NA,"Malware@#3i5u2xg8nrm2u",NA,"Android.MulDrop.50.origin","Dropper.Agent..3977",NA,"Artemis!Trojan",NA,NA,"Trojan-Dropper.AndroidOS.Agent","Android:FakeInst-AIC [Trj]",NA,NA,"Trojan/Generic.ASMalwAD.19",NA,NA,NA,NA,NA,NA,NA,"Trojan/Android.FakeInst.50532",NA,NA,NA,NA,"Trojan.Android.Agent.xc",NA,"malware (ai score=100)",NA,"Android/Agent.BT!tr","Android:FakeInst-AIC [Trj]",NA,NA
"98",NA,"Trojan.AndroidOS.Generic.C!c",NA,NA,"Android.AndroidosCAD.ZE","Artemis!26AF7B239BAA",NA,NA,NA,NA,NA,NA,"Trojan ( 0053ca141 )","Android.PUA.General",NA,NA,NA,"Other:Android.Reputation.2","Trojan.Gen.2",NA,NA,NA,"Malicious (score: 99)",NA,NA,NA,NA,NA,NA,NA,NA,NA,NA,NA,NA,NA,"Artemis",NA,NA,"Trojan.AndroidOS.FakeApp","APK:RepSandbox [Trj]",NA,"ANDROID/Clicker.AMAC.Gen",NA,NA,NA,"Trojan:Script/Wacatac.B!ml",NA,NA,NA,NA,NA,NA,NA,NA,NA,"Android.Trojan.Fakeapp.Hrzj",NA,NA,NA,"Android/Clicker.KK!tr",NA,NA,NA
"99",NA,NA,NA,NA,"Android.ScytheSCF.PC","Artemis!38F46450EC4E",NA,NA,NA,NA,NA,NA,"Spyware ( 005809a11 )","Android.PUA.DebugKey",NA,NA,NA,"AppRisk:Generisk",NA,"a variant of Android/Spy.Agent.BTN",NA,NA,"Malicious (score: 99)","HEUR:Trojan-Spy.AndroidOS.Agent.zq",NA,NA,NA,NA,NA,NA,NA,NA,NA,"Android.SmsSpy.11001",NA,NA,"Artemis",NA,NA,"Trojan.AndroidOS.SmsSpy","Android:Evo-gen [Trj]",NA,"ANDROID/SpyAgent.FKFL.Gen",NA,NA,NA,"Trojan:Script/Wacatac.B!ml",NA,"HEUR:Trojan-Spy.AndroidOS.Agent.zq",NA,"Android.Riskware.Agent.gGVGX","PUP/Android.FLPrev.1052795",NA,NA,NA,NA,"a.privacy.SexInfoSteal",NA,NA,NA,"Android/Agent.BTN!tr.spy",NA,NA,NA
