{"vhash": "e28950e70606b104c91627f09c10c0b7", "submission_names": ["ff6f1dd413e4.zip"], "scan_date": "2021-11-03 08:22:50", "first_seen": "2021-11-03 08:22:50", "total": 61, "additional_info": {"exiftool": {"MIMEType": "application/zip", "ZipRequiredVersion": "20", "ZipCRC": "0xb888b755", "FileType": "ZIP", "ZipCompression": "Deflated", "ZipUncompressedSize": "2804", "ZipCompressedSize": "2759", "FileTypeExtension": "zip", "ZipFileName": "res/drawable-xxhdpi/abc_btn_switch_to_on_mtrl_00012.9.png", "ZipBitFlag": "0x0808", "ZipModifyDate": "2021:10:19 19:57:40"}, "trid": "Java Archive (72.9%)\nZIP compressed archive (21.6%)\nPrintFox/Pagefox bitmap (640x800) (5.4%)", "androguard": {"Activities": ["com.moxiu.launcher.pbecc9ec7", "com.moxiu.launcher.p0d1ccbb7", "com.moxiu.launcher.p52d6fbd5", "com.moxiu.launcher.pad07be8f", "com.moxiu.launcher.p714d61af"], "AndroidVersionCode": "1", "certificate": {"validto": "2035-07-17 01:33:46", "serialnumber": "936eacbe07f201df", "Issuer": {"DN": "C:US, CN:Android, L:Mountain View, O:Android, ST:California, OU:Android, email:android@android.com", "C": "US", "CN": "Android", "L": "Mountain View", "O": "Android", "ST": "California", "OU": "Android", "email": "android@android.com"}, "thumbprint": "61ed377e85d386a8dfee6b864bd85b0bfaa5af81", "validfrom": "2008-02-29 01:33:46", "Subject": {"DN": "C:US, CN:Android, L:Mountain View, O:Android, ST:California, OU:Android, email:android@android.com", "C": "US", "CN": "Android", "L": "Mountain View", "O": "Android", "ST": "California", "OU": "Android", "email": "android@android.com"}}, "VTAndroidInfo": 2, "AndroidApplication": 1, "Package": "com.moxiu.launcher", "AndroidApplicationError": false, "intent-filters": {"Services": {"com.moxiu.launcher.pa049184f": {"action": ["android.intent.action.RESPOND_VIA_MESSAGE"], "category": ["android.intent.category.DEFAULT"]}, "com.moxiu.launcher.p5b8b5ea4": {"action": ["android.accessibilityservice.AccessibilityService"]}, "com.moxiu.launcher.pbbc2c997": {"action": ["android.service.notification.NotificationListenerService"]}}, "Activities": {"com.moxiu.launcher.p52d6fbd5": {"action": ["android.intent.action.SENDTO", "android.intent.action.SEND"], "category": ["android.intent.category.BROWSABLE", "android.intent.category.DEFAULT"]}, "com.moxiu.launcher.pbecc9ec7": {"action": ["android.intent.action.MAIN"]}, "com.moxiu.launcher.p0d1ccbb7": {"action": ["android.intent.action.MAIN"], "category": ["android.intent.category.LAUNCHER"]}}, "Receivers": {"com.moxiu.launcher.p5d7b3497": {"action": ["android.provider.Telephony.WAP_PUSH_DELIVER"]}, "com.moxiu.launcher.p558ef842": {"action": ["android.provider.Telephony.SMS_DELIVER"]}}}, "Main Activity": "com.moxiu.launcher.p0d1ccbb7", "StringsInformation": ["http://acs.amazonaws.com/groups/global/AllUsers", "http://acs.amazonaws.com/groups/global/AuthenticatedUsers", "http://acs.amazonaws.com/groups/s3/LogDelivery", "http://cipa.jp/exif/1.0/", "http://iptc.org/std/Iptc4xmpCore/1.0/xmlns/", "http://iptc.org/std/Iptc4xmpExt/2008-02-29/", "http://javax.xml.XMLConstants/feature/secure-processing", "http://ns.adobe.com/DICOM/", "http://ns.adobe.com/StockPhoto/1.0/", "http://ns.adobe.com/TransformXMP/", "http://ns.adobe.com/album/1.0/", "http://ns.adobe.com/asf/1.0/", "http://ns.adobe.com/bwf/bext/1.0/", "http://ns.adobe.com/camera-raw-settings/1.0/", "http://ns.adobe.com/creatorAtom/1.0/", "http://ns.adobe.com/exif/1.0/", "http://ns.adobe.com/exif/1.0/aux/", "http://ns.adobe.com/iX/1.0/", "http://ns.adobe.com/jp2k/1.0/", "http://ns.adobe.com/jpeg/1.0/", "http://ns.adobe.com/pdf/1.3/", "http://ns.adobe.com/pdfx/1.3/", "http://ns.adobe.com/photoshop/1.0/", "http://ns.adobe.com/png/1.0/", "http://ns.adobe.com/riff/info/", "http://ns.adobe.com/swf/1.0/", "http://ns.adobe.com/tiff/1.0/", "http://ns.adobe.com/xap/1.0/", "http://ns.adobe.com/xap/1.0/bj/", "http://ns.adobe.com/xap/1.0/g/", "http://ns.adobe.com/xap/1.0/g/img/", "http://ns.adobe.com/xap/1.0/mm/", "http://ns.adobe.com/xap/1.0/rights/", "http://ns.adobe.com/xap/1.0/sType/Dimensions#", "http://ns.adobe.com/xap/1.0/sType/Font#", "http://ns.adobe.com/xap/1.0/sType/Job#", "http://ns.adobe.com/xap/1.0/sType/ManifestItem#", "http://ns.adobe.com/xap/1.0/sType/ResourceEvent#", "http://ns.adobe.com/xap/1.0/sType/ResourceRef#", "http://ns.adobe.com/xap/1.0/sType/Version#", "http://ns.adobe.com/xap/1.0/t/", "http://ns.adobe.com/xap/1.0/t/pg/", "http://ns.adobe.com/xmp/1.0/DynamicMedia/", "http://ns.adobe.com/xmp/1.0/Script/", "http://ns.adobe.com/xmp/Identifier/qual/1.0/", "http://ns.adobe.com/xmp/note/", "http://ns.adobe.com/xmp/transient/1.0/", "http://ns.adobe.com/xmp/wav/1.0/", "http://ns.useplus.org/ldf/xmp/1.0/", "http://photoshopexpressandroid.adobe.com/imagepicker", "http://play.google.com/store/apps/details?id=com.facebook.orca", "http://purl.org/dc/1.1/", "http://purl.org/dc/elements/1.1/", "http://s3.amazonaws.com/doc/2006-03-01/", "http://schema.org/CompletedActionStatus", "http://schema.org/ViewAction", "http://schemas.android.com/apk/com.behance.sdk", "http://www.adobe.com/go/psexpress_iOS_omniture_learnmore", "http://www.aiim.org/pdfa/ns/extension/", "http://www.aiim.org/pdfa/ns/field#", "http://www.aiim.org/pdfa/ns/id/", "http://www.aiim.org/pdfa/ns/property#", "http://www.aiim.org/pdfa/ns/schema#", "http://www.aiim.org/pdfa/ns/type#", "http://www.android.com/", "http://www.behance.net/", "http://www.npes.org/pdfx/ns/id/", "http://www.w3.org/1999/02/22-rdf-syntax-ns#", "http://www.w3.org/2001/XMLSchema-instance", "http://www.w3.org/XML/1998/namespace", "https://%s/rest/v1/delivery/?client=%s&sessionId=%s", "https://%s/v3/%s/end", "https://.facebook.com", "https://Photos.adobe.io/v2/catalogs/f270b1c513494be08836d593cd1d6363/", "https://adobeacrobat.app.link/foqigH5uCY", "https://adobeacrobat.app.link/rUfhEP3Sq4", "https://api.twitter.com/1.1/statuses/update.json?status=", "https://assets.adobedtm.com/%s.json", "https://facebook.com", "https://facebook.com/device?user_code=%1$s&qr=1", "https://fb.gg/me/community/", "https://fb.gg/me/friendfinder/", "https://fb.gg/me/media_asset/", "https://graph-video.%s", "https://graph.%s", "https://helpx.adobe.com/", "https://photos.adobe.io/v2/profiles?subtype=", "https://play.google.com/apps/testing/com.adobe.psmobile", "https://play.google.com/store/apps/details?id=", "https://s3-us-west-1.amazonaws.com", "https://www.adobe.com/go/terms_linkfree_en", "https://www.adobe.com/privacy/policy-linkfree.html", "https://www.behance.net", "https://www.behance.net/v2/project/embeds/transforms?{key_client_id_param}={clientId}"], "AndroidVersionName": "1.5", "RiskIndicator": {"PERM": {"INSTANT": 4, "PRIVACY": 4, "DANGEROUS": 1, "NORMAL": 7, "SMS": 4, "MONEY": 2, "INTERNET": 1}}, "Services": ["com.moxiu.launcher.pbbc2c997", "com.moxiu.launcher.pa049184f", "com.moxiu.launcher.p5b8b5ea4", "com.moxiu.launcher.p9b21b3a4", "com.moxiu.launcher.pe6663e86"], "MinSdkVersion": "24", "AndroidApplicationInfo": "APK", "TargetSdkVersion": "28", "Receivers": ["com.moxiu.launcher.p558ef842", "com.moxiu.launcher.p5d7b3497"], "AndroguardVersion": "3.4.0a1", "Permissions": {"android.permission.REQUEST_IGNORE_BATTERY_OPTIMIZATIONS": ["normal", "ask to ignore battery optimizations", "Allows an app to ask for permission to ignore battery optimizations for that app."], "android.permission.REQUEST_DELETE_PACKAGES": ["normal", "request delete packages", "Allows an application to request deletion of packages."], "android.permission.QUERY_ALL_PACKAGES": ["normal", "Unknown permission from android reference", "Unknown permission from android reference"], "android.permission.READ_PHONE_STATE": ["dangerous", "read phone status and identity", "Allows the app to access the phone\n      features of the device.  This permission allows the app to determine the\n      phone number and device IDs, whether a call is active, and the remote number\n      connected by a call."], "android.permission.SEND_SMS": ["dangerous", "send and view SMS messages", "Allows the app to send SMS messages.\n     This may result in unexpected charges. Malicious apps may cost you money by\n     sending messages without your confirmation."], "android.permission.KILL_BACKGROUND_PROCESSES": ["normal", "close other apps", "Allows the app to end\n      background processes of other apps.  This may cause other apps to stop\n      running."], "android.permission.WRITE_SMS": ["normal", "", ""], "android.permission.ACCESS_NETWORK_STATE": ["normal|instant", "view network connections", "Allows the app to view\n      information about network connections such as which networks exist and are\n      connected."], "android.permission.WAKE_LOCK": ["normal|instant", "prevent phone from sleeping", "Allows the app to prevent the phone from going to sleep."], "android.permission.CALL_PHONE": ["dangerous", "directly call phone numbers", "Allows the app to call phone numbers\n      without your intervention. This may result in unexpected charges or calls.\n      Note that this doesn't allow the app to call emergency numbers.\n      Malicious apps may cost you money by making calls without your\n      confirmation."], "android.permission.VIBRATE": ["normal|instant", "control vibration", "Allows the app to control the vibrator."], "android.permission.RECEIVE_SMS": ["dangerous", "receive text messages (SMS)", "Allows the app to receive and process SMS\n      messages. This means the app could monitor or delete messages sent to your\n      device without showing them to you."], "android.permission.READ_CONTACTS": ["dangerous", "read your contacts", "Allows the app to\n      read data about your contacts stored on your phone, including the\n      frequency with which you've called, emailed, or communicated in other ways\n      with specific individuals. This permission allows apps to save your\n      contact data, and malicious apps may share contact data without your\n      knowledge."], "android.permission.FOREGROUND_SERVICE": ["normal|instant", "run foreground service", "Allows the app to make use of foreground services."], "android.permission.INTERNET": ["normal|instant", "have full network access", "Allows the app to create\n     network sockets and use custom network protocols. The browser and other\n     applications provide means to send data to the internet, so this\n     permission is not required to send data to the internet."], "android.permission.READ_SMS": ["dangerous", "read your text messages (SMS or MMS)", "This app can read all SMS (text) messages stored on your phone."]}}, "magic": "Zip archive data, at least v2.0 to extract", "compressedview": {"highest_datetime": "2021-10-19 19:57:40", "lowest_datetime": "2021-10-19 19:57:40", "num_children": 684, "extensions": {"bin": 1, "dex": 1, "MF": 1, "SF": 1, "zip": 4, "xml": 353, "db": 1, "RSA": 1, "js": 3, "cer": 4, "bks": 2, "dhb": 1, "dtd": 1, "ttf": 1, "png": 266}, "file_types": {"XML": 353, "ZIP": 4, "unknown": 55, "JavaScript": 1, "JSON": 2, "HTML": 3, "PNG": 266}, "type": "APK", "children": [{"detection_ratio": [0, 75], "datetime": "2021-10-19 19:57:40", "filename": "res/drawable-xxhdpi/abc_btn_switch_to_on_mtrl_00012.9.png", "sha256": "40ae459db3548ac42fb949d69ecd5d3c452866db0fcf4d1b1081dd676a9431ec", "type": "PNG", "size": 2804}, {"detection_ratio": [0, 73], "datetime": "2021-10-19 19:57:40", "filename": "res/drawable-xxhdpi/abc_spinner_mtrl_am_alpha.9.png", "sha256": "922c92d475881f6b4e0d31b1eb12448db22e9a64c6ece0965be4dde9f3e1e7ca", "type": "PNG", "size": 638}, {"detection_ratio": [0, 75], "datetime": "2021-10-19 19:57:40", "filename": "res/drawable-xxhdpi/abc_ic_menu_copy_mtrl_am_alpha.png", "sha256": "25b940bbf6547c154f6329e00285f8e0999725d6493ef3cc92630dde0f68ff19", "type": "PNG", "size": 347}, {"detection_ratio": [0, 75], "datetime": "2021-10-19 19:57:40", "filename": "res/drawable-xxhdpi/abc_ic_menu_share_mtrl_alpha.png", "sha256": "3ce988c77d872733de52c74ac26ca2b11dc7aa252e6a66ed4b00215a5c6f583f", "type": "PNG", "size": 1291}, {"detection_ratio": [0, 75], "datetime": "2021-10-19 19:57:40", "filename": "res/drawable-xxhdpi/abc_btn_radio_to_on_mtrl_000.png", "sha256": "39b8fecea842c1704dd85d5dd6e4671a5809c35104735350b84461c6cf54a28d", "type": "PNG", "size": 1248}, {"detection_ratio": [0, 75], "datetime": "2021-10-19 19:57:40", "filename": "res/drawable-xxhdpi/abc_btn_check_to_on_mtrl_000.png", "sha256": "2080c4c57966f1e6ed4bde9d60cba1694974a76816f9acded3d997572093760a", "type": "PNG", "size": 368}, {"detection_ratio": [0, 73], "datetime": "2021-10-19 19:57:40", "filename": "res/drawable-xxhdpi/abc_list_longpressed_holo.9.png", "sha256": "9af6f5d96f027a5894e947545dcf10e073612a51c6be15e97c2e145f42582279", "type": "PNG", "size": 230}, {"detection_ratio": [0, 75], "datetime": "2021-10-19 19:57:40", "filename": "res/drawable-xxhdpi/abc_scrubber_control_to_pressed_mtrl_005.png", "sha256": "a6908c9e77e876145d416c7b92700cea2afa7b8397bc87f2b48f38c91d3316fb", "type": "PNG", "size": 810}, {"detection_ratio": [0, 58], "datetime": "2021-10-19 19:57:40", "filename": "res/drawable-xxhdpi/abc_list_pressed_holo_light.9.png", "sha256": "ef4dc88afba9106ab27208a9c8f4bee1c2dcddc66b9f96b606f0c9c9ac6c1b4c", "type": "PNG", "size": 230}, {"detection_ratio": [0, 75], "datetime": "2021-10-19 19:57:40", "filename": "res/drawable-xxhdpi/abc_text_select_handle_right_mtrl_light.png", "sha256": "fb51861615a0831e32e8df733e0c42c27467d0db70be181a72a1ec1cd0575d1b", "type": "PNG", "size": 448}, {"detection_ratio": [0, 73], "datetime": "2021-10-19 19:57:40", "filename": "res/drawable-xxhdpi/abc_menu_hardkey_panel_mtrl_mult.9.png", "sha256": "3502cda6a7ecc6c98a011d688cfd952412491ef537ac7a0b96ef2924fd03932d", "type": "PNG", "size": 2405}, {"detection_ratio": [0, 74], "datetime": "2021-10-19 19:57:40", "filename": "res/drawable-xxhdpi/abc_ic_commit_search_api_mtrl_alpha.png", "sha256": "828bb64e8d64abf722abf835d04a526ad20276e8c929fb5a9fcd6ba14b515353", "type": "PNG", "size": 305}, {"detection_ratio": [0, 73], "datetime": "2021-10-19 19:57:40", "filename": "res/drawable-xxhdpi/abc_popup_background_mtrl_mult.9.png", "sha256": "9302f49dd8824162a7d34a5bfc6e481d0cafa0f2d88dc6f25ff731e74a53482a", "type": "PNG", "size": 3075}, {"detection_ratio": [0, 73], "datetime": "2021-10-19 19:57:40", "filename": "res/drawable-xxhdpi/abc_textfield_search_activated_mtrl_alpha.9.png", "sha256": "99b846297d4554063cd3282d4f4bbd598755eeee6e4c82c7b7975b5a2c3a97ad", "type": "PNG", "size": 209}, {"detection_ratio": [0, 75], "datetime": "2021-10-19 19:57:40", "filename": "res/drawable-xxhdpi/abc_ic_star_black_36dp.png", "sha256": "eaf9948b94e5db21172035dc90e45f23ac64acee63704d898346c5e8e703a9a2", "type": "PNG", "size": 1704}, {"detection_ratio": [0, 73], "datetime": "2021-10-19 19:57:40", "filename": "res/drawable-xxhdpi/abc_textfield_search_default_mtrl_alpha.9.png", "sha256": "eab6b0a2d9223b4a702ccadff7b5534dbfc98b314ac3f8ed2d43bbfd7de2a3b8", "type": "PNG", "size": 217}, {"detection_ratio": [0, 73], "datetime": "2021-10-19 19:57:40", "filename": "res/drawable-xxhdpi/abc_btn_switch_to_on_mtrl_00001.9.png", "sha256": "be359b2358116fd89553d63b7c838398256d6e2aa6b4af0db145ddb9a42aa078", "type": "PNG", "size": 2734}, {"detection_ratio": [0, 74], "datetime": "2021-10-19 19:57:40", "filename": "res/drawable-xxhdpi/abc_ic_menu_cut_mtrl_alpha.png", "sha256": "69c8b9ac56e5040d5eec6ab9cdeba233484c88024d8c1cf6b37141c89916fdda", "type": "PNG", "size": 934}, {"detection_ratio": [0, 75], "datetime": "2021-10-19 19:57:40", "filename": "res/drawable-xxhdpi/abc_text_select_handle_left_mtrl_dark.png", "sha256": "36909910a49ff9c5d3b44e363ee254b05e93b4711df8512428dd00007f33c0a3", "type": "PNG", "size": 444}, {"detection_ratio": [0, 73], "datetime": "2021-10-19 19:57:40", "filename": "res/drawable-xxhdpi/abc_cab_background_top_mtrl_alpha.9.png", "sha256": "0f28461b5e493d5409638d49a2ca63cff044dc4d03b6f5a61b72d5ed7e62c47c", "type": "PNG", "size": 255}, {"detection_ratio": [0, 75], "datetime": "2021-10-19 19:57:40", "filename": "res/drawable-xxhdpi/abc_ic_menu_selectall_mtrl_alpha.png", "sha256": "a5f94e6e3edd3daa008578881c93e682058732ed307258f936996bbcc511bc13", "type": "PNG", "size": 322}, {"detection_ratio": [0, 75], "datetime": "2021-10-19 19:57:40", "filename": "res/drawable-xxhdpi/abc_btn_radio_to_on_mtrl_015.png", "sha256": "9111845cb02aecfe447d81b4b63d2c072a48eb29b76485a344a53545031ada09", "type": "PNG", "size": 1466}, {"detection_ratio": [0, 75], "datetime": "2021-10-19 19:57:40", "filename": "res/drawable-xxhdpi/design_ic_visibility_off.png", "sha256": "9a730ea31d8093cc99726357be8a334f6fb3d1b7182c82e031a77b18fa038e31", "type": "PNG", "size": 1448}, {"detection_ratio": [0, 74], "datetime": "2021-10-19 19:57:40", "filename": "res/drawable-xxhdpi/abc_ic_star_black_48dp.png", "sha256": "c848eaa2fc0ec3806e08f7edc2d75e795415c8702781a940ad4ead790324b41d", "type": "PNG", "size": 2088}, {"detection_ratio": [0, 73], "datetime": "2021-10-19 19:57:40", "filename": "res/drawable-xxhdpi/abc_textfield_default_mtrl_alpha.9.png", "sha256": "a61531530718027ff75adc7b6c6d109f565f6513ecf77ee9390678148efb806c", "type": "PNG", "size": 217}, {"detection_ratio": [0, 75], "datetime": "2021-10-19 19:57:40", "filename": "res/drawable-xxhdpi/design_ic_visibility.png", "sha256": "8ea4f401e0a8dc70d96f5f0761d6fc627d37b5a60981637f6a7b510a94d19aac", "type": "PNG", "size": 1417}, {"detection_ratio": [0, 75], "datetime": "2021-10-19 19:57:40", "filename": "res/drawable-xxhdpi/abc_scrubber_control_to_pressed_mtrl_000.png", "sha256": "bd384cddb3c8553b51122abce889a97275694a9383719cd0c57fa8c6d9fef515", "type": "PNG", "size": 588}, {"detection_ratio": [0, 73], "datetime": "2021-10-19 19:57:40", "filename": "res/drawable-xxhdpi/abc_scrubber_track_mtrl_alpha.9.png", "sha256": "f8c5ead6ba60db7283679904b4bc3c14eb4fbc5d98493efad005f01da726c885", "type": "PNG", "size": 228}, {"detection_ratio": [0, 75], "datetime": "2021-10-19 19:57:40", "filename": "res/drawable-xxhdpi/abc_ic_star_black_16dp.png", "sha256": "759dab356c5e2e9400f0ae6b10e5f32c54fc16548c4050658b62fa651f5a6ccf", "type": "PNG", "size": 892}, {"detection_ratio": [0, 73], "datetime": "2021-10-19 19:57:40", "filename": "res/drawable-xxhdpi/abc_list_focused_holo.9.png", "sha256": "a9d803ba9df17d667a868e4f6b702c1d4662da4b51418f5c723b50749005cd02", "type": "PNG", "size": 250}, {"detection_ratio": [0, 73], "datetime": "2021-10-19 19:57:40", "filename": "res/drawable-xxhdpi/abc_textfield_activated_mtrl_alpha.9.png", "sha256": "99108fbd0233baac062fb41ecea972ed1c4e183b732014107c4803bfc5d73295", "type": "PNG", "size": 216}, {"detection_ratio": [0, 75], "datetime": "2021-10-19 19:57:40", "filename": "res/drawable-xxhdpi/abc_btn_check_to_on_mtrl_015.png", "sha256": "7bef5527fde01279ea0ebee5324fdd489b97e6b6d44812e35c8dba9a336c8e5c", "type": "PNG", "size": 724}, {"detection_ratio": [0, 75], "datetime": "2021-10-19 19:57:40", "filename": "res/drawable-xxhdpi/abc_text_select_handle_middle_mtrl_dark.png", "sha256": "11874df92f54d985ef703f2afe700da3b9f02e1ac0618defe6db388f7a29d5c5", "type": "PNG", "size": 1134}, {"detection_ratio": [0, 74], "datetime": "2021-10-19 19:57:40", "filename": "res/drawable-xxhdpi/abc_text_select_handle_right_mtrl_dark.png", "sha256": "603fbe1ab7064d693465a380dfaed6aa1ae2d4a8ad8261c946c49d1b16489b09", "type": "PNG", "size": 448}, {"detection_ratio": [0, 57], "datetime": "2021-10-19 19:57:40", "filename": "res/drawable-xxhdpi/abc_list_pressed_holo_dark.9.png", "sha256": "d50ac57ec3dc3951a3e18f70a2850070a13b07dd56e8fade8cd7740a14d8a0e6", "type": "PNG", "size": 230}, {"detection_ratio": [0, 73], "datetime": "2021-10-19 19:57:40", "filename": "res/drawable-xxhdpi/abc_switch_track_mtrl_alpha.9.png", "sha256": "0c01dd16fc165bf3abb0095d986c35365f69a793712d5056f170611dce44f654", "type": "PNG", "size": 922}, {"detection_ratio": [0, 73], "datetime": "2021-10-19 19:57:40", "filename": "res/drawable-xxhdpi/abc_tab_indicator_mtrl_alpha.9.png", "sha256": "a676387684b6991677b1e2e09b89f4c844fa52e55a5e4715b2ce464b5e2542ca", "type": "PNG", "size": 224}, {"detection_ratio": [0, 73], "datetime": "2021-10-19 19:57:40", "filename": "res/drawable-xxhdpi/abc_scrubber_primary_mtrl_alpha.9.png", "sha256": "410cd65413364fadaa797ffd27a278962f84780dbe41c2228a92c3785fdd00d3", "type": "PNG", "size": 228}, {"detection_ratio": [0, 73], "datetime": "2021-10-19 19:57:40", "filename": "res/drawable-xxhdpi/abc_list_selector_disabled_holo_light.9.png", "sha256": "dff8225f6436c14d50d9739b5f7d3f6a3678d259512f1c9c02608472bba88fed", "type": "PNG", "size": 264}, {"detection_ratio": [0, 75], "datetime": "2021-10-19 19:57:40", "filename": "res/drawable-xxhdpi/abc_ic_menu_paste_mtrl_am_alpha.png", "sha256": "ac17e96a02a456a827fb2700062d17049db252c7dd67bcb86217cf829391aef4", "type": "PNG", "size": 510}, {"detection_ratio": [0, 73], "datetime": "2021-10-19 19:57:40", "filename": "res/drawable-xxhdpi/abc_list_selector_disabled_holo_dark.9.png", "sha256": "61ce37c8d4e36ed31aa068e95c065b23b1885cf1b09d2c6e664d1294b4a4eccd", "type": "PNG", "size": 273}, {"detection_ratio": [0, 70], "datetime": "2021-10-19 19:57:40", "filename": "res/drawable-xxhdpi/abc_ic_star_half_black_48dp.png", "sha256": "b7483aa299286619ce26b4bef6a90b9978c2909441ed0f252c85e232c8e0cb1c", "type": "PNG", "size": 1328}, {"detection_ratio": [0, 75], "datetime": "2021-10-19 19:57:40", "filename": "res/drawable-xxhdpi/abc_scrubber_control_off_mtrl_alpha.png", "sha256": "450bf8ea02097bc27ac7e21fa40fdc4e4ad521faf2e6bd1765711cd2c02c59b5", "type": "PNG", "size": 396}, {"detection_ratio": [0, 73], "datetime": "2021-10-19 19:57:40", "filename": "res/drawable-xxhdpi/abc_list_divider_mtrl_alpha.9.png", "sha256": "49903073ab23abfc11a55e1333eb2905c743e1b382006c27c15434fd76e0207c", "type": "PNG", "size": 171}, {"detection_ratio": [0, 75], "datetime": "2021-10-19 19:57:40", "filename": "res/drawable-xxhdpi/abc_text_select_handle_left_mtrl_light.png", "sha256": "7d98e7a2f6c4da770814a97cb46fb3c8219c84fc6822034b09a84509ffd730a4", "type": "PNG", "size": 444}, {"detection_ratio": [0, 75], "datetime": "2021-10-19 19:57:40", "filename": "res/drawable-xxhdpi/abc_ic_star_half_black_36dp.png", "sha256": "a4f42bf15816e6394b07bb4c9805ce2d5e5f9a63f3ea23ab0df9400e13aa3885", "type": "PNG", "size": 1101}, {"detection_ratio": [0, 75], "datetime": "2021-10-19 19:57:40", "filename": "res/drawable-xxhdpi/abc_ic_star_half_black_16dp.png", "sha256": "74d3900f09ca1ebbdfa3bbb9073f05246d0243f18bc4e68a55c8892d59a2c069", "type": "PNG", "size": 584}, {"detection_ratio": [0, 72], "datetime": "2021-10-19 19:57:40", "filename": "res/drawable-xxhdpi/abc_ab_share_pack_mtrl_alpha.9.png", "sha256": "ec8d2f2fa98baded00cd4aeedfa03b1dd7750099439633e0b7d07c0005e2f62e", "type": "PNG", "size": 299}, {"detection_ratio": [0, 75], "datetime": "2021-10-19 19:57:40", "filename": "res/drawable-xxhdpi/abc_text_select_handle_middle_mtrl_light.png", "sha256": "04941f76e9871ffa9865c3a27fee20647fddb766f97f739b989feee6680bb4fb", "type": "PNG", "size": 1134}, {"datetime": "2021-10-19 19:57:40", "sha256": "cfcfebb06cef8676f60f6f0e61aa8e9ccb7dacd70fb2bb744c00c4089abc07a5", "type": "XML", "filename": "res/layout-watch/abc_alert_dialog_title_material.xml", "size": 1364}, {"datetime": "2021-10-19 19:57:40", "sha256": "dee42c575828c12fde448d53675cb2e711822686f59c590ba818a238ca51fe68", "type": "XML", "filename": "res/layout-watch/abc_alert_dialog_button_bar_material.xml", "size": 1216}, {"detection_ratio": [0, 73], "datetime": "2021-10-19 19:57:40", "filename": "res/drawable-ldrtl-hdpi/abc_spinner_mtrl_am_alpha.9.png", "sha256": "82b0436ef010d482fa4750dd94b1718ef2d145ace47a0f2ed855e99d3891cb9a", "type": "PNG", "size": 416}, {"detection_ratio": [0, 75], "datetime": "2021-10-19 19:57:40", "filename": "res/drawable-ldrtl-hdpi/abc_ic_menu_copy_mtrl_am_alpha.png", "sha256": "0b0a289c80203add42c4a10f6ba71ff8af08d156142284700052fb42851f430a", "type": "PNG", "size": 279}, {"detection_ratio": [0, 75], "datetime": "2021-10-19 19:57:40", "filename": "res/drawable-ldrtl-hdpi/abc_ic_menu_cut_mtrl_alpha.png", "sha256": "c1ce965b6ae24cf35e3d68d7a47b89efbf146fb66274cad838a52f3ebf4dcf0f", "type": "PNG", "size": 584}, {"detection_ratio": [0, 73], "datetime": "2021-10-19 19:57:40", "filename": "res/interpolator/mtrl_linear_out_slow_in.xml", "sha256": "7d4960dcae237ca6b8cffe311dadd415a0eb3122b59a8d35d358aa66a5aa35e5", "type": "XML", "size": 408}, {"detection_ratio": [0, 73], "datetime": "2021-10-19 19:57:40", "filename": "res/interpolator/btn_radio_to_off_mtrl_animation_interpolator_0.xml", "sha256": "f18f59bc76ae3f54e84202437945829fee23b2482574b53aa7f24b4778944de6", "type": "XML", "size": 328}, {"detection_ratio": [0, 73], "datetime": "2021-10-19 19:57:40", "filename": "res/interpolator/mtrl_linear.xml", "sha256": "1a17f65ffe21468210fe5e4adf9a7dcdecfb76301d0b82f7ede7f38b3a5a2b41", "type": "XML", "size": 124}, {"detection_ratio": [0, 76], "datetime": "2021-10-19 19:57:40", "filename": "res/interpolator/btn_checkbox_unchecked_mtrl_animation_interpolator_1.xml", "sha256": "c10c217651d9cd0c04d2a7c1f96e14824a8165719e3e6d7b4ea0e00057f1069d", "type": "XML", "size": 336}, {"detection_ratio": [0, 74], "datetime": "2021-10-19 19:57:40", "filename": "res/interpolator/btn_checkbox_unchecked_mtrl_animation_interpolator_0.xml", "sha256": "7c54953d4256b19525a8a63e33f792d18ed997312f494c1b2f7544d7103ff36a", "type": "XML", "size": 320}, {"detection_ratio": [0, 73], "datetime": "2021-10-19 19:57:40", "filename": "res/interpolator/btn_radio_to_on_mtrl_animation_interpolator_0.xml", "sha256": "f18f59bc76ae3f54e84202437945829fee23b2482574b53aa7f24b4778944de6", "type": "XML", "size": 328}, {"detection_ratio": [0, 76], "datetime": "2021-10-19 19:57:40", "filename": "res/interpolator/btn_checkbox_checked_mtrl_animation_interpolator_1.xml", "sha256": "c10c217651d9cd0c04d2a7c1f96e14824a8165719e3e6d7b4ea0e00057f1069d", "type": "XML", "size": 336}, {"detection_ratio": [0, 73], "datetime": "2021-10-19 19:57:40", "filename": "res/interpolator/mtrl_fast_out_linear_in.xml", "sha256": "ecdddcd4ea37d2ba77ceb06ae3cef9872f6f446160e02522e4795c9cb065a556", "type": "XML", "size": 408}, {"detection_ratio": [0, 73], "datetime": "2021-10-19 19:57:40", "filename": "res/interpolator/fast_out_slow_in.xml", "sha256": "dbab0262019c1e6b5804aff0ab1bf98d5a027141921e13393391c708ac922d68", "type": "XML", "size": 408}, {"detection_ratio": [0, 73], "datetime": "2021-10-19 19:57:40", "filename": "res/interpolator/mtrl_fast_out_slow_in.xml", "sha256": "dbab0262019c1e6b5804aff0ab1bf98d5a027141921e13393391c708ac922d68", "type": "XML", "size": 408}, {"detection_ratio": [0, 74], "datetime": "2021-10-19 19:57:40", "filename": "res/interpolator/btn_checkbox_checked_mtrl_animation_interpolator_0.xml", "sha256": "7c54953d4256b19525a8a63e33f792d18ed997312f494c1b2f7544d7103ff36a", "type": "XML", "size": 320}, {"detection_ratio": [0, 73], "datetime": "2021-10-19 19:57:40", "filename": "res/drawable-hdpi/abc_btn_switch_to_on_mtrl_00012.9.png", "sha256": "5faf5b68b0627a5a245501940940301e0595d1830cb2f5694231dcd752c1b46e", "type": "PNG", "size": 1431}, {"detection_ratio": [0, 73], "datetime": "2021-10-19 19:57:40", "filename": "res/drawable-hdpi/notification_bg_low_pressed.9.png", "sha256": "859dbbc97eecb8c52d4a4cd299511d947ad9fd704687818d5c84a803b46eacda", "type": "PNG", "size": 229}, {"detection_ratio": [0, 73], "datetime": "2021-10-19 19:57:40", "filename": "res/drawable-hdpi/abc_spinner_mtrl_am_alpha.9.png", "sha256": "00eb85d1efbcc9e36a08d49ce953db6021a8b33cb7b9e952c209644d426b2d87", "type": "PNG", "size": 416}, {"detection_ratio": [0, 74], "datetime": "2021-10-19 19:57:40", "filename": "res/drawable-hdpi/abc_ic_menu_copy_mtrl_am_alpha.png", "sha256": "e1930bb2fc547323cd56b0825a10d9d236502e48eac14297ecf82df6c40a2926", "type": "PNG", "size": 280}, {"detection_ratio": [0, 75], "datetime": "2021-10-19 19:57:40", "filename": "res/drawable-hdpi/abc_ic_menu_share_mtrl_alpha.png", "sha256": "31b1e219ba4ba5db77c87235010c299896f9b393f67d7bc599bed22b657d5d90", "type": "PNG", "size": 791}, {"detection_ratio": [0, 75], "datetime": "2021-10-19 19:57:40", "filename": "res/drawable-hdpi/abc_btn_radio_to_on_mtrl_000.png", "sha256": "442d02638b8fad7863d38c43b701793d9cb1755280dbf44be3920fc19a389001", "type": "PNG", "size": 621}, {"detection_ratio": [0, 75], "datetime": "2021-10-19 19:57:40", "filename": "res/drawable-hdpi/abc_btn_check_to_on_mtrl_000.png", "sha256": "ddc61305597383be60a8e1ec1841932942c92f3c1720c6f9490da63a084c1a5f", "type": "PNG", "size": 305}, {"detection_ratio": [0, 73], "datetime": "2021-10-19 19:57:40", "filename": "res/drawable-hdpi/abc_list_longpressed_holo.9.png", "sha256": "991dc7798084e79a39381d9f26d4c9ec54c010d8147ad0d30dca6eba656e9cac", "type": "PNG", "size": 229}, {"detection_ratio": [0, 74], "datetime": "2021-10-19 19:57:40", "filename": "res/drawable-hdpi/notification_bg_low_normal.9.png", "sha256": "21f0b55280be10b187ceff8edef4a5a7047683e6e9fcf47de410aa3839f41094", "type": "PNG", "size": 212}, {"detection_ratio": [0, 74], "datetime": "2021-10-19 19:57:40", "filename": "res/drawable-hdpi/abc_scrubber_control_to_pressed_mtrl_005.png", "sha256": "9b96b614b00c3e140092567c1cc3caf3276766314de202d98dabd2d63cab9de9", "type": "PNG", "size": 386}, {"detection_ratio": [0, 76], "datetime": "2021-10-19 19:57:40", "filename": "res/drawable-hdpi/abc_list_pressed_holo_light.9.png", "sha256": "37392304e444c3248f7e380224afb5bf7e05b70dba5c55e7845c3bffda620565", "type": "PNG", "size": 229}, {"detection_ratio": [0, 75], "datetime": "2021-10-19 19:57:40", "filename": "res/drawable-hdpi/abc_text_select_handle_right_mtrl_light.png", "sha256": "fcd78484a4509b83544a452089b4a9429b1c2c5992b59fc6c1501783ecfaade5", "type": "PNG", "size": 277}, {"detection_ratio": [0, 70], "datetime": "2021-10-19 19:57:40", "filename": "res/drawable-hdpi/abc_menu_hardkey_panel_mtrl_mult.9.png", "sha256": "9774271e279ffdb6373192f55cb6d99447228ccb1b47c536ff06eae4d687b641", "type": "PNG", "size": 1203}, {"detection_ratio": [0, 74], "datetime": "2021-10-19 19:57:40", "filename": "res/drawable-hdpi/abc_ic_commit_search_api_mtrl_alpha.png", "sha256": "5fdffb3fa44d5ad6365994e41d2904217a825e95007ec3dd3fc0569cb7c505a5", "type": "PNG", "size": 225}, {"detection_ratio": [0, 73], "datetime": "2021-10-19 19:57:40", "filename": "res/drawable-hdpi/abc_popup_background_mtrl_mult.9.png", "sha256": "884957a078d7c2c824dc5fb7673b8a1c24331e53ecc3fa98abed022a4bd3786d", "type": "PNG", "size": 1493}, {"detection_ratio": [0, 73], "datetime": "2021-10-19 19:57:40", "filename": "res/drawable-hdpi/abc_textfield_search_activated_mtrl_alpha.9.png", "sha256": "21e26480ecb86c49a924c90497e8b6dee874300fcd2e2502cb7fa0412fff54ac", "type": "PNG", "size": 206}, {"detection_ratio": [0, 75], "datetime": "2021-10-19 19:57:40", "filename": "res/drawable-hdpi/abc_ic_star_black_36dp.png", "sha256": "108bd44ff1c509da8ab966c201c28efff5a9104dbd1d284b3e27943891476ed8", "type": "PNG", "size": 974}, {"detection_ratio": [0, 73], "datetime": "2021-10-19 19:57:40", "filename": "res/drawable-hdpi/abc_textfield_search_default_mtrl_alpha.9.png", "sha256": "ed683ae70835c5634ecb5eab47b3966be9234e5e6ec00edbd476131733b4b081", "type": "PNG", "size": 207}, {"detection_ratio": [0, 73], "datetime": "2021-10-19 19:57:40", "filename": "res/drawable-hdpi/abc_btn_switch_to_on_mtrl_00001.9.png", "sha256": "43fa1cc6146ab0abaf9496f5c61f85a07d604f0d25b87b55af56163f07e6f0ba", "type": "PNG", "size": 1253}, {"detection_ratio": [0, 74], "datetime": "2021-10-19 19:57:40", "filename": "res/drawable-hdpi/abc_ic_menu_cut_mtrl_alpha.png", "sha256": "fe9951faab1cc5e224bb62a81df6550322704340b77ca97f379ce63006d24557", "type": "PNG", "size": 583}, {"detection_ratio": [0, 74], "datetime": "2021-10-19 19:57:40", "filename": "res/drawable-hdpi/abc_text_select_handle_left_mtrl_dark.png", "sha256": "7e961b4dd339e62a4a5333c87a2b2c52c70fc59d7f598f605d2a68d3022e6e0e", "type": "PNG", "size": 277}, {"detection_ratio": [0, 73], "datetime": "2021-10-19 19:57:40", "filename": "res/drawable-hdpi/abc_cab_background_top_mtrl_alpha.9.png", "sha256": "5873753caf5ace4740d84c7a3da3b708e85d398843a2d695641fe6f9d12d0d70", "type": "PNG", "size": 244}, {"detection_ratio": [0, 74], "datetime": "2021-10-19 19:57:40", "filename": "res/drawable-hdpi/abc_ic_menu_selectall_mtrl_alpha.png", "sha256": "1b229f011fa942b53d955567083d2c3e0331146efb5f767f4eb92ddf1f5e9531", "type": "PNG", "size": 269}, {"detection_ratio": [0, 75], "datetime": "2021-10-19 19:57:40", "filename": "res/drawable-hdpi/abc_btn_radio_to_on_mtrl_015.png", "sha256": "cf62578a2d4b857425800cc9cffad1cbb724b965d237776d99f56a7b472f0c95", "type": "PNG", "size": 752}, {"detection_ratio": [0, 72], "datetime": "2021-10-19 19:57:40", "filename": "res/drawable-hdpi/design_ic_visibility_off.png", "sha256": "fe1d5ed3e0d6907cc6f9c0d11134a4ca18321f0eeb2cf0dde4460d6fb309e485", "type": "PNG", "size": 917}, {"detection_ratio": [0, 75], "datetime": "2021-10-19 19:57:40", "filename": "res/drawable-hdpi/abc_ic_star_black_48dp.png", "sha256": "3be35c7d843879bd75b4628f64238efb6c1f79defaac1a97dce0427846766a96", "type": "PNG", "size": 1234}, {"detection_ratio": [0, 73], "datetime": "2021-10-19 19:57:40", "filename": "res/drawable-hdpi/abc_textfield_default_mtrl_alpha.9.png", "sha256": "a897c41c12db75f128bd4af212cb0130ca61f3b402b306e0fd8d4c861037508a", "type": "PNG", "size": 219}, {"detection_ratio": [0, 65], "datetime": "2021-10-19 19:57:40", "filename": "res/drawable-hdpi/design_ic_visibility.png", "sha256": "0a397f2caf21fe841dea82c08a58acd75c155fdb6e3e0fbec05c8cca0427bc4f", "type": "PNG", "size": 836}, {"detection_ratio": [0, 74], "datetime": "2021-10-19 19:57:40", "filename": "res/drawable-hdpi/abc_scrubber_control_to_pressed_mtrl_000.png", "sha256": "1d6d4260643eb5735a0f3c75fe52f575cee5f42c3af3ce42dc54acc929e586a8", "type": "PNG", "size": 270}, {"detection_ratio": [0, 72], "datetime": "2021-10-19 19:57:40", "filename": "res/drawable-hdpi/abc_scrubber_track_mtrl_alpha.9.png", "sha256": "9db1dc6a5067e5e95daae76906a05d6118afdd3a7d8315f5ad71908f13205612", "type": "PNG", "size": 223}, {"detection_ratio": [0, 75], "datetime": "2021-10-19 19:57:40", "filename": "res/drawable-hdpi/abc_ic_star_black_16dp.png", "sha256": "e7c9d0588af165b7aa92098685b85f41c6852bff2435c9e8937704302da8f34b", "type": "PNG", "size": 493}, {"detection_ratio": [0, 73], "datetime": "2021-10-19 19:57:40", "filename": "res/drawable-hdpi/abc_list_focused_holo.9.png", "sha256": "c0ada573d94407b4a4b6b6894ae307002ec289d807ea37e9819409bc83f2f944", "type": "PNG", "size": 248}, {"detection_ratio": [0, 73], "datetime": "2021-10-19 19:57:40", "filename": "res/drawable-hdpi/abc_textfield_activated_mtrl_alpha.9.png", "sha256": "53e2ecd2feeec480f0f1782b8de5602728966be04a1aa88743970980e17a9b09", "type": "PNG", "size": 209}, {"detection_ratio": [0, 75], "datetime": "2021-10-19 19:57:40", "filename": "res/drawable-hdpi/abc_btn_check_to_on_mtrl_015.png", "sha256": "ad617187537c1bc753b1d20ae4747a11cd5aa13d02c9da874321dc09361fdbb0", "type": "PNG", "size": 548}, {"detection_ratio": [0, 74], "datetime": "2021-10-19 19:57:40", "filename": "res/drawable-hdpi/abc_text_select_handle_middle_mtrl_dark.png", "sha256": "47d390a2361d21b501a19359137cce2610d4ee2d699afee13f5c332956e399ca", "type": "PNG", "size": 653}], "uncompressed_size": 8710092}}, "size": 4137920, "authentihash": null, "times_submitted": 1, "harmless_votes": 0, "malicious_votes": 0, "sha256": "06b523da0f9d2d52ddf3b2c76a8be5e4084bd921e363b36c7e3bb3c456aa5a39", "type": "Android", "scans": {"Bkav": {"detected": false, "version": "1.3.0.9899", "result": null, "update": "20211102"}, "Lionic": {"detected": false, "version": "4.2", "result": null, "update": "20211103"}, "ClamAV": {"detected": false, "version": "0.104.0.0", "result": null, "update": "20211102"}, "CMC": {"detected": false, "version": "2.10.2019.1", "result": null, "update": "20211026"}, "CAT-QuickHeal": {"detected": false, "version": "14.00", "result": null, "update": "20211103"}, "McAfee": {"detected": true, "version": "6.0.6.653", "result": "Artemis!22C0A8828F11", "update": "20211103"}, "ALYac": {"detected": false, "version": "1.1.3.1", "result": null, "update": "20211103"}, "Malwarebytes": {"detected": false, "version": "4.2.2.27", "result": null, "update": "20211103"}, "VIPRE": {"detected": false, "version": "96678", "result": null, "update": "20211103"}, "Sangfor": {"detected": false, "version": "2.9.0.0", "result": null, "update": "20210930"}, "K7AntiVirus": {"detected": false, "version": "11.225.39131", "result": null, "update": "20211103"}, "Alibaba": {"detected": false, "version": "0.3.0.5", "result": null, "update": "20190527"}, "K7GW": {"detected": true, "version": "11.225.39131", "result": "Trojan ( 005806451 )", "update": "20211103"}, "Trustlook": {"detected": true, "version": "1.0", "result": "Android.PUA.DebugKey", "update": "20211103"}, "Arcabit": {"detected": false, "version": "1.0.0.886", "result": null, "update": "20211103"}, "Baidu": {"detected": false, "version": "1.0.0.2", "result": null, "update": "20190318"}, "Cyren": {"detected": false, "version": "6.3.0.2", "result": null, "update": "20211103"}, "SymantecMobileInsight": {"detected": false, "version": "2.0", "result": null, "update": "20210126"}, "Symantec": {"detected": false, "version": "1.16.0.0", "result": null, "update": "20211103"}, "ESET-NOD32": {"detected": true, "version": "24229", "result": "a variant of Android/TrojanDropper.Agent.IVA", "update": "20211103"}, "TrendMicro-HouseCall": {"detected": false, "version": "10.0.0.1040", "result": null, "update": "20211101"}, "Avast": {"detected": false, "version": "21.1.5827.0", "result": null, "update": "20211103"}, "Cynet": {"detected": true, "version": "4.0.0.27", "result": "Malicious (score: 99)", "update": "20211103"}, "Kaspersky": {"detected": true, "version": "21.0.1.45", "result": "HEUR:Trojan-Dropper.AndroidOS.Hqwar.bk", "update": "20211103"}, "BitDefender": {"detected": false, "version": "7.2", "result": null, "update": "20211103"}, "NANO-Antivirus": {"detected": true, "version": "1.0.146.25370", "result": "Trojan.Android.BankBot.jggbnd", "update": "20211103"}, "SUPERAntiSpyware": {"detected": false, "version": "5.6.0.1032", "result": null, "update": "20211030"}, "MicroWorld-eScan": {"detected": false, "version": "14.0.409.0", "result": null, "update": "20211103"}, "Rising": {"detected": false, "version": "25.0.0.26", "result": null, "update": "20211103"}, "Ad-Aware": {"detected": false, "version": "3.0.21.193", "result": null, "update": "20211103"}, "Emsisoft": {"detected": false, "version": "2021.5.0.7597", "result": null, "update": "20211103"}, "Comodo": {"detected": false, "version": "34044", "result": null, "update": "20211102"}, "F-Secure": {"detected": true, "version": "12.0.86.52", "result": "Malware.ANDROID/Dropper.FJVV.Gen", "update": "20211103"}, "DrWeb": {"detected": true, "version": "7.0.52.8270", "result": "Android.BankBot.11138", "update": "20211103"}, "Zillya": {"detected": false, "version": "2.0.0.4487", "result": null, "update": "20211102"}, "TrendMicro": {"detected": false, "version": "11.0.0.1006", "result": null, "update": "20211103"}, "McAfee-GW-Edition": {"detected": false, "version": "v2019.1.2+3728", "result": null, "update": "20211102"}, "FireEye": {"detected": false, "version": "32.44.1.0", "result": null, "update": "20211103"}, "Sophos": {"detected": true, "version": "1.4.1.0", "result": "Andr/Banker-HAB", "update": "20211103"}, "Ikarus": {"detected": true, "version": "0.1.5.2", "result": "Trojan-Banker.AndroidOS.Flubot", "update": "20211102"}, "Avast-Mobile": {"detected": true, "version": "211102-00", "result": "Android:Evo-gen [Trj]", "update": "20211102"}, "Jiangmin": {"detected": false, "version": "16.0.100", "result": null, "update": "20211102"}, "Avira": {"detected": true, "version": "8.3.3.12", "result": "ANDROID/Dropper.FJVV.Gen", "update": "20211103"}, "Antiy-AVL": {"detected": false, "version": "3.0.0.1", "result": null, "update": "20211103"}, "Kingsoft": {"detected": false, "version": "2017.9.26.565", "result": null, "update": "20211103"}, "Gridinsoft": {"detected": false, "version": "1.0.60.158", "result": null, "update": "20211103"}, "Microsoft": {"detected": true, "version": "1.1.18700.4", "result": "Trojan:Script/Wacatac.B!ml", "update": "20211103"}, "ViRobot": {"detected": false, "version": "2014.3.20.0", "result": null, "update": "20211103"}, "ZoneAlarm": {"detected": true, "version": "1.0", "result": "HEUR:Trojan-Dropper.AndroidOS.Hqwar.bk", "update": "20211102"}, "GData": {"detected": false, "version": "A:25.31229B:27.25015", "result": null, "update": "20211103"}, "BitDefenderFalx": {"detected": true, "version": "2.0.936", "result": "Android.Riskware.PackMal.QP", "update": "20210610"}, "AhnLab-V3": {"detected": true, "version": "3.21.1.10219", "result": "Trojan/Android.Marcher.1028025", "update": "20211103"}, "BitDefenderTheta": {"detected": false, "version": "7.2.37796.0", "result": null, "update": "20211021"}, "TACHYON": {"detected": false, "version": "2021-11-03.02", "result": null, "update": "20211103"}, "VBA32": {"detected": false, "version": "5.0.0", "result": null, "update": "20211102"}, "Zoner": {"detected": false, "version": "0.0.0.0", "result": null, "update": "20211102"}, "Tencent": {"detected": false, "version": "1.0.0.1", "result": null, "update": "20211103"}, "Yandex": {"detected": false, "version": "5.5.2.24", "result": null, "update": "20211103"}, "MAX": {"detected": false, "version": "2019.9.16.1", "result": null, "update": "20211103"}, "MaxSecure": {"detected": false, "version": "1.0.0.1", "result": null, "update": "20211102"}, "Fortinet": {"detected": true, "version": "6.2.142.0", "result": "Android/Agent.IVA!tr", "update": "20211103"}}, "tags": ["apk", "android"], "scan_id": "06b523da0f9d2d52ddf3b2c76a8be5e4084bd921e363b36c7e3bb3c456aa5a39-1635927770", "unique_sources": 1, "positives": 18, "ssdeep": "98304:/gkW89iS413fkXCl96rK8r9nG/UD3MnjTdTWeutF+6WBaT86h4sQTr:/NW892czK8RnrcjvACBaTNh4f", "md5": "2a0df65d94ec05fcd635ff6f1dd413e4", "permalink": "https://www.virustotal.com/gui/file/06b523da0f9d2d52ddf3b2c76a8be5e4084bd921e363b36c7e3bb3c456aa5a39/detection/f-06b523da0f9d2d52ddf3b2c76a8be5e4084bd921e363b36c7e3bb3c456aa5a39-1635927770", "sha1": "9db282665315e2ac6a81631428d8db5d464d6364", "submission": {"submitter_region": "63", "date": "2021-11-03 08:22:50", "submitter_country": "UA", "filename": "ff6f1dd413e4.zip"}, "response_code": 1, "community_reputation": 0, "verbose_msg": "Scan finished, information embedded", "ITW_urls": [], "last_seen": "2021-11-03 08:22:50"}