{"vhash": "6b8bcba3cafde88f961d6919ba644bbb", "submission_names": ["18074cc80c21cc4946365588dfd0b34b116ad06daeb620ef288b2f788a68ce98_mIxr1kN.apk"], "scan_date": "2021-11-03 08:44:15", "first_seen": "2021-11-03 08:44:15", "total": 63, "additional_info": {"exiftool": {"MIMEType": "application/zip", "ZipRequiredVersion": "20", "ZipCRC": "0x730e9aa0", "FileType": "ZIP", "ZipCompression": "Deflated", "ZipUncompressedSize": "29492", "ZipCompressedSize": "5787", "FileTypeExtension": "zip", "ZipFileName": "AndroidManifest.xml", "ZipBitFlag": "0x0808", "ZipModifyDate": "2021:11:03 16:24:36"}, "trid": "Android Package (67.5%)\nJava Archive (23.6%)\nZIP compressed archive (7.0%)\nPrintFox/Pagefox bitmap (640x800) (1.7%)", "androguard": {"Activities": ["com.atbcad.anove02.MainActivity", "com.atbcad.anove02.CallActivity", "com.atbcad.anove02.CPMActivity", "com.atbcad.anove02.CommandActivity", "com.google.android.gms.common.api.GoogleApiActivity"], "AndroidVersionCode": "41", "certificate": {"validto": "2035-09-01 22:40:50", "serialnumber": "b3998086d056cffa", "Issuer": {"DN": "C:US, CN:Android, L:Mountain View, O:Android, ST:California, OU:Android, email:android@android.com", "C": "US", "CN": "Android", "L": "Mountain View", "O": "Android", "ST": "California", "OU": "Android", "email": "android@android.com"}, "thumbprint": "27196e386b875e76adf700e7ea84e4c6eee33dfa", "validfrom": "2008-04-15 22:40:50", "Subject": {"DN": "C:US, CN:Android, L:Mountain View, O:Android, ST:California, OU:Android, email:android@android.com", "C": "US", "CN": "Android", "L": "Mountain View", "O": "Android", "ST": "California", "OU": "Android", "email": "android@android.com"}}, "VTAndroidInfo": 2, "AndroidApplication": 1, "Package": "com.atbcad.anove02", "intent-filters": {"Services": {"com.atbcad.anove02.service.LAutoService": {"action": ["android.accessibilityservice.AccessibilityService"]}, "com.atbcad.anove02.service.LSService": {"action": ["android.intent.action.RESPOND_VIA_MESSAGE"], "category": ["android.intent.category.DEFAULT"]}, "com.google.firebase.messaging.FirebaseMessagingService": {"action": ["com.google.firebase.MESSAGING_EVENT"]}, "com.atbcad.anove02.service.MIDService": {"action": ["com.google.firebase.INSTANCE_ID_EVENT"]}, "com.atbcad.anove02.service.MMService": {"action": ["com.google.firebase.MESSAGING_EVENT"]}, "com.google.firebase.iid.FirebaseInstanceIdService": {"action": ["com.google.firebase.INSTANCE_ID_EVENT"]}, "com.atbcad.anove02.service.LCallService": {"action": ["android.telecom.InCallService"]}}, "Activities": {"com.atbcad.anove02.CallActivity": {"action": ["android.intent.action.DIAL", "android.intent.action.VIEW"], "category": ["android.intent.category.DEFAULT", "android.intent.category.BROWSABLE"]}, "com.atbcad.anove02.MainActivity": {"action": ["android.intent.action.MAIN"], "category": ["android.intent.category.LAUNCHER"]}, "com.atbcad.anove02.CPMActivity": {"action": ["android.intent.action.SEND", "android.intent.action.SENDTO"], "category": ["android.intent.category.DEFAULT", "android.intent.category.BROWSABLE"]}}, "Receivers": {"com.atbcad.anove02.receiver.LMSReceiver": {"action": ["android.provider.Telephony.WAP_PUSH_DELIVER"]}, "com.atbcad.anove02.receiver.LSMReceiver": {"action": ["android.provider.Telephony.SMS_DELIVER", "android.provider.Telephony.SMS_RECEIVED", "android.intent.action.BOOT_COMPLETED", "android.net.wifi.WIFI_STATE_CHANGED", "android.net.wifi.STATE_CHANGE", "android.intent.action.SIM_STATE_CHANGED", "android.net.conn.CONNECTIVITY_CHANGE", "android.intent.action.ANY_DATA_STATE", "android.bluetooth.adapter.action.STATE_CHANGED", "android.intent.action.ACTION_POWER_CONNECTED", "android.intent.action.ACTION_POWER_DISCONNECTED", "android.intent.action.USER_PRESENT", "android.intent.action.PHONE_STATE", "android.intent.action.TIME_CHANGED", "android.intent.action.DATE_CHANGED", "android.intent.action.TIMEZONE_CHANGED", "android.intent.action.ACTION_MEDIA_EJECT", "android.intent.action.MEDIA_UNMOUNTED", "android.intent.action.MEDIA_REMOVED", "android.intent.action.MEDIA_CHECKING", "android.intent.action.MEDIA_EJECT", "android.intent.action.ACTION_PACKAGE_ADDED", "android.intent.action.SCREEN_ON", "android.intent.action.SCREEN_OFF", "android.intent.action.MAIN"]}, "com.atbcad.anove02.receiver.LPReceiver": {"action": ["android.intent.action.NEW_OUTGOING_CALL", "android.provider.Telephony.SMS_DELIVER", "android.provider.Telephony.SMS_RECEIVED", "android.intent.action.BOOT_COMPLETED", "android.net.wifi.WIFI_STATE_CHANGED", "android.net.wifi.STATE_CHANGE", "android.intent.action.SIM_STATE_CHANGED", "android.net.conn.CONNECTIVITY_CHANGE", "android.intent.action.ANY_DATA_STATE", "android.bluetooth.adapter.action.STATE_CHANGED", "android.intent.action.ACTION_POWER_CONNECTED", "android.intent.action.ACTION_POWER_DISCONNECTED", "android.intent.action.USER_PRESENT", "android.intent.action.PHONE_STATE", "android.intent.action.TIME_CHANGED", "android.intent.action.DATE_CHANGED", "android.intent.action.TIMEZONE_CHANGED", "android.intent.action.ACTION_MEDIA_EJECT", "android.intent.action.MEDIA_UNMOUNTED", "android.intent.action.MEDIA_REMOVED", "android.intent.action.MEDIA_CHECKING", "android.intent.action.MEDIA_EJECT", "android.intent.action.ACTION_PACKAGE_ADDED", "android.intent.action.SCREEN_ON", "android.intent.action.SCREEN_OFF", "android.intent.action.MAIN"]}, "com.google.firebase.iid.FirebaseInstanceIdReceiver": {"action": ["com.google.android.c2dm.intent.RECEIVE"], "category": ["com.atbcad.anove02"]}, "com.atbcad.anove02.receiver.LBootReceiver": {"action": ["android.intent.action.BOOT_COMPLETED", "action.restart.PERSISTENT_SERVICE", "android.intent.action.USER_PRESENT"]}, "com.atbcad.anove02.receiver.LOutReceiver": {"action": ["android.intent.action.NEW_OUTGOING_CALL", "android.intent.action.PHONE_STATE"]}, "com.google.android.gms.measurement.AppMeasurementInstallReferrerReceiver": {"action": ["com.android.vending.INSTALL_REFERRER"]}}}, "Main Activity": "com.atbcad.anove02.MainActivity", "AndroidApplicationError": false, "Providers": ["com.google.firebase.provider.FirebaseInitProvider"], "AndroidVersionName": "4.1", "RiskIndicator": {"APK": {"DEX": 1, "SHARED LIBRARIES": 10}, "PERM": {"PRIVACY": 8, "DANGEROUS": 8, "NORMAL": 10, "SMS": 2, "SYSTEM": 1, "CALL": 1, "MONEY": 1, "SIGNATURE": 1, "INTERNET": 1, "GPS": 3}}, "Services": ["com.atbcad.anove02.service.LInitService", "com.atbcad.anove02.service.MIDService", "com.atbcad.anove02.service.MMService", "com.atbcad.anove02.service.LSService", "com.atbcad.anove02.service.LHoldService", "com.atbcad.anove02.service.LCallService", "com.atbcad.anove02.service.LAutoService", "com.google.firebase.messaging.FirebaseMessagingService", "com.google.android.gms.measurement.AppMeasurementService", "com.google.android.gms.measurement.AppMeasurementJobService", "com.google.firebase.iid.FirebaseInstanceIdService"], "MinSdkVersion": "19", "AndroidApplicationInfo": "APK", "TargetSdkVersion": "22", "Receivers": ["com.atbcad.anove02.receiver.LOutReceiver", "com.atbcad.anove02.receiver.LPReceiver", "com.atbcad.anove02.receiver.LBootReceiver", "com.atbcad.anove02.receiver.LSMReceiver", "com.atbcad.anove02.receiver.LMSReceiver", "com.google.android.gms.measurement.AppMeasurementReceiver", "com.google.android.gms.measurement.AppMeasurementInstallReferrerReceiver", "com.google.firebase.iid.FirebaseInstanceIdReceiver"], "AndroguardVersion": "3.4.0a1", "Permissions": {"android.permission.CHANGE_NETWORK_STATE": ["normal", "change network connectivity", "Allows the app to change the state of network connectivity."], "android.permission.REQUEST_DELETE_PACKAGES": ["normal", "Unknown permission from android reference", "Unknown permission from android reference"], "android.permission.ACCESS_COARSE_UPDATES": ["normal", "Unknown permission from android reference", "Unknown permission from android reference"], "com.atbcad.anove02.permission.C2D_MESSAGE": ["normal", "Unknown permission from android reference", "Unknown permission from android reference"], "android.permission.PROCESS_OUTGOING_CALLS": ["dangerous", "reroute outgoing calls", "Allows the app to see the\n        number being dialed during an outgoing call with the option to redirect\n        the call to a different number or abort the call altogether."], "android.permission.ACCESS_COARSE_LOCATION": ["dangerous", "approximate location\n      (network-based)", "Allows the app to get your\n      approximate location. This location is derived by location services using\n      network location sources such as cell towers and Wi-Fi. These location\n      services must be turned on and available to your device for the app to\n      use them. Apps may use this to determine approximately where you\n      are."], "android.permission.BLUETOOTH": ["dangerous", "pair with Bluetooth devices", "Allows the app to view the\n      configuration of the Bluetooth on the phone, and to make and accept\n      connections with paired devices."], "android.permission.INTERNET": ["dangerous", "full network access", "Allows the app to create\n     network sockets and use custom network protocols. The browser and other\n     applications provide means to send data to the internet, so this\n     permission is not required to send data to the internet."], "android.permission.BLUETOOTH_ADMIN": ["dangerous", "access Bluetooth settings", "Allows the app to configure\n      the local Bluetooth phone, and to discover and pair with remote devices."], "android.permission.ACCESS_FINE_LOCATION": ["dangerous", "precise location (GPS and\n      network-based)", "Allows the app to get your\n      precise location using the Global Positioning System (GPS) or network\n      location sources such as cell towers and Wi-Fi. These location services\n      must be turned on and available to your device for the app to use them.\n      Apps may use this to determine where you are, and may consume additional\n      battery power."], "android.permission.BOOT_COMPLETED": ["normal", "Unknown permission from android reference", "Unknown permission from android reference"], "android.permission.REQUEST_INSTALL_PACKAGES": ["normal", "Unknown permission from android reference", "Unknown permission from android reference"], "android.permission.RECEIVE_USER_PRESENT": ["normal", "Unknown permission from android reference", "Unknown permission from android reference"], "com.google.android.c2dm.permission.RECEIVE": ["normal", "Unknown permission from android reference", "Unknown permission from android reference"], "android.permission.ACCESS_NETWORK_STATE": ["normal", "view network connections", "Allows the app to view\n      information about network connections such as which networks exist and are\n      connected."], "android.permission.ACCESS_LOCATION_EXTRA_COMMANDS": ["normal", "access extra location provider commands", "Allows the app to access\n      extra location provider commands.  This may allow the app to interfere\n      with the operation of the GPS or other location sources."], "android.permission.WRITE_CALL_LOG": ["dangerous", "write call log", "Allows the app to modify your phone's call log, including data about incoming and outgoing calls.\n        Malicious apps may use this to erase or modify your call log."], "android.permission.GET_TASKS": ["normal", "retrieve running apps", "Allows the app to retrieve information\n       about currently and recently running tasks.  This may allow the app to\n       discover information about which applications are used on the device."], "android.permission.READ_CALL_LOG": ["dangerous", "read call log", "Allows the app to read\n      your phone's call log, including data about incoming and outgoing calls.\n      This permission allows apps to save your call log data, and malicious apps\n      may share call log data without your knowledge."], "android.permission.ACCESS_BACKGROUND_LOCATION": ["normal", "Unknown permission from android reference", "Unknown permission from android reference"], "android.permission.WRITE_EXTERNAL_STORAGE": ["dangerous", "modify or delete the contents of your SD card", "Allows the app to write to the SD card."], "android.permission.RECEIVE_SMS": ["dangerous", "receive text messages (SMS)", "Allows the app to receive and process SMS\n      messages. This means the app could monitor or delete messages sent to your\n      device without showing them to you."], "android.permission.REQUEST_IGNORE_BATTERY_OPTIMIZATIONS": ["normal", "Unknown permission from android reference", "Unknown permission from android reference"], "android.permission.WRITE_CONTACTS": ["dangerous", "modify your contacts", "Allows the app to\n    modify the data about your contacts stored on your phone, including the\n    frequency with which you've called, emailed, or communicated in other ways\n    with specific contacts. This permission allows apps to delete contact\n    data."], "android.permission.READ_EXTERNAL_STORAGE": ["normal", "read the contents of your SD card", "Allows the app to read the contents of your SD card."], "android.permission.RECEIVE_BOOT_COMPLETED": ["normal", "run at startup", "Allows the app to\n        have itself started as soon as the system has finished booting.\n        This can make it take longer to start the phone and allow the\n        app to slow down the overall phone by always running."], "android.permission.BROADCAST_STICKY": ["normal", "send sticky broadcast", "Allows the app to\n    send sticky broadcasts, which remain after the broadcast ends. Excessive\n    use may make the phone slow or unstable by causing it to use too\n    much memory."], "android.permission.CALL_PHONE": ["dangerous", "directly call phone numbers", "Allows the app to call phone numbers\n      without your intervention. This may result in unexpected charges or calls.\n      Note that this doesn't allow the app to call emergency numbers.\n      Malicious apps may cost you money by making calls without your\n      confirmation."], "android.permission.READ_PHONE_STATE": ["dangerous", "read phone status and identity", "Allows the app to access the phone\n      features of the device.  This permission allows the app to determine the\n      phone number and device IDs, whether a call is active, and the remote number\n      connected by a call."], "android.permission.MODIFY_AUDIO_SETTINGS": ["normal", "change your audio settings", "Allows the app to modify global audio settings such as volume and which speaker is used for output."], "android.permission.FOREGROUND_SERVICE": ["normal", "Unknown permission from android reference", "Unknown permission from android reference"], "android.permission.READ_SMS": ["dangerous", "read your text messages (SMS or MMS)", "Allows the app to read SMS\n      messages stored on your phone or SIM card. This allows the app to read all\n      SMS messages, regardless of content or confidentiality."], "android.permission.VIBRATE": ["normal", "control vibration", "Allows the app to control the vibrator."], "android.permission.SYSTEM_OVERLAY_WINDOW": ["normal", "Unknown permission from android reference", "Unknown permission from android reference"], "android.permission.SYSTEM_ALERT_WINDOW": ["dangerous", "draw over other apps", "Allows the app to draw on top of other\n        applications or parts of the user interface.  They may interfere with your\n        use of the interface in any application, or change what you think you are\n        seeing in other applications."], "android.permission.ACCESS_WIFI_STATE": ["normal", "view Wi-Fi connections", "Allows the app to view information\n      about Wi-Fi networking, such as whether Wi-Fi is enabled and name of\n      connected Wi-Fi devices."], "android.permission.WAKE_LOCK": ["normal", "prevent phone from sleeping", "Allows the app to prevent the phone from going to sleep."], "android.permission.CHANGE_WIFI_STATE": ["dangerous", "connect and disconnect from Wi-Fi", "Allows the app to connect to and\n      disconnect from Wi-Fi access points and to make changes to device\n      configuration for Wi-Fi networks."], "android.permission.RECORD_AUDIO": ["dangerous", "record audio", "Allows the app to record audio with the\n      microphone.  This permission allows the app to record audio at any time\n      without your confirmation."], "android.permission.READ_CONTACTS": ["dangerous", "read your contacts", "Allows the app to\n      read data about your contacts stored on your phone, including the\n      frequency with which you've called, emailed, or communicated in other ways\n      with specific individuals. This permission allows apps to save your\n      contact data, and malicious apps may share contact data without your\n      knowledge."], "android.permission.MOUNT_UNMOUNT_FILESYSTEMS": ["system|signature", "access SD Card filesystem", "Allows the app to mount and\n        unmount filesystems for removable storage."], "android.permission.ANSWER_PHONE_CALLS": ["normal", "Unknown permission from android reference", "Unknown permission from android reference"]}}, "magic": "Zip archive data, at least v2.0 to extract", "compressedview": {"highest_datetime": "2021-11-03 16:24:38", "lowest_datetime": "2021-11-03 16:24:36", "num_children": 490, "extensions": {"dex": 3, "xml": 275, "MF": 1, "RSA": 1, "jpg": 7, "js": 9, "so": 10, "mp3": 10, "css": 7, "SF": 1, "png": 136}, "file_types": {"DEX": 1, "XML": 271, "unknown": 67, "JavaScript": 1, "ELF": 10, "JPG": 4, "PNG": 136}, "type": "APK", "children": [{"datetime": "2021-11-03 16:24:36", "sha256": "9bf83dda20b3a3e0657832c5b4a0fb31c11eb55fbd31d6bcfd88bf77dbe51c61", "type": "XML", "filename": "AndroidManifest.xml", "size": 29492}, {"datetime": "2021-11-03 16:24:36", "sha256": "6c06f383c4b2d6df37d095ca284edf8a87472548112b13a66c654cd98e1050eb", "type": "unknown", "filename": "assets/1.mp3", "size": 43467}, {"datetime": "2021-11-03 16:24:36", "sha256": "fb6fd3a0499d4c48417d7aee708986501e992afd2646706e93683831fe647d09", "type": "unknown", "filename": "assets/10.mp3", "size": 112013}, {"datetime": "2021-11-03 16:24:36", "sha256": "d913648374f3b855e2ffe550995824e8d145aee6b24689d0b9faa6b3ec3607b3", "type": "unknown", "filename": "assets/2.mp3", "size": 74814}, {"datetime": "2021-11-03 16:24:36", "sha256": "448e5b421973213afc2a149b0ad9b035c485b60052a8e492eae3798225a0204e", "type": "unknown", "filename": "assets/3.mp3", "size": 58096}, {"datetime": "2021-11-03 16:24:36", "sha256": "98a0cabb7b891c693248190df0c0b9aad4831970880bf22487dfae233f93c199", "type": "unknown", "filename": "assets/4.mp3", "size": 39706}, {"datetime": "2021-11-03 16:24:36", "sha256": "fde893b735e23c90c7a673c6218c4617685c09c5be9a1337ceca487dbad88222", "type": "unknown", "filename": "assets/5.mp3", "size": 31764}, {"datetime": "2021-11-03 16:24:36", "sha256": "983636d427ec1c2055a4767e5c5e916112d97ffd194599868fd478ad8f9f6cef", "type": "unknown", "filename": "assets/6.mp3", "size": 152555}, {"datetime": "2021-11-03 16:24:36", "sha256": "9e8e01d760ed18031199e898c3bfb3598bcc419754c7f7205ff8327b75ec6445", "type": "unknown", "filename": "assets/7.mp3", "size": 141688}, {"datetime": "2021-11-03 16:24:36", "sha256": "28a984bad699ec3f32184b4854043d7f8e4b464b108faf18688d7a6e8c4b777d", "type": "unknown", "filename": "assets/8.mp3", "size": 119118}, {"datetime": "2021-11-03 16:24:36", "sha256": "a57a4e236c5d8f52a25f053cf8fae6b502cfcc220a1aecf7ef3f9e5abea3257e", "type": "unknown", "filename": "assets/9.mp3", "size": 114102}, {"detection_ratio": [0, 75], "datetime": "2021-11-03 16:24:36", "filename": "assets/fa68_37v2_0308_5.jpg", "sha256": "d0ba393f593596bc29aace08d242a63098aeeb8ef9a83f9b162110a24e17953d", "type": "unknown", "size": 2369292}, {"detection_ratio": [0, 72], "datetime": "2021-11-03 16:24:36", "filename": "assets/fdmodel.jpg", "sha256": "2b719e0484a25ab4491c915f25534e40e0e4ac2bdb14e49581412e1251be1252", "type": "unknown", "size": 197657}, {"detection_ratio": [0, 73], "datetime": "2021-11-03 16:24:36", "filename": "assets/ldClassifier.jpg", "sha256": "e6c4dec6288a6fd9956e9e2e9afdd37bf5d73d60da188cb17eb08ba5b5ad7fe9", "type": "unknown", "size": 17408}, {"datetime": "2021-11-03 16:24:36", "sha256": "e6607ad6942b3e127e7378fe736548ec4ebf6b312492c2b9305aebf01732434b", "type": "unknown", "filename": "assets/web/app.html", "size": 8818}, {"detection_ratio": [0, 47], "datetime": "2021-11-03 16:24:36", "filename": "assets/web/css/ocommon/jquery-ui-1.8.16.css", "sha256": "863efda7c67c0823225420196fa7880dfcaa3b06e83c21c60ad3b0d55e5b1114", "type": "unknown", "size": 34054}, {"datetime": "2021-11-03 16:24:36", "sha256": "69dd10d3a5bdd0527d1bb7764df844e1b42bdfb95e4ce13b47f333052ace9da7", "type": "unknown", "filename": "assets/web/css/osite/omweb_2017.css", "size": 103154}, {"datetime": "2021-11-03 16:24:36", "sha256": "15e222accb787159468ad4be0c1f9e2d2154f11ede4ba0ba231d0262d98b84e6", "type": "unknown", "filename": "assets/web/css/osite/omweb_2018.css", "size": 30311}, {"datetime": "2021-11-03 16:24:36", "sha256": "d5f4f9b81efa2e4ff4dcfd773044ec5113d702e02203492fad802a35135915f3", "type": "unknown", "filename": "assets/web/css/osite/omweb_finance.css", "size": 13344}, {"datetime": "2021-11-03 16:24:36", "sha256": "9552aaa4078d6bd80de2ef2488ac6032a0387ecba9352365449bc42efdb408f8", "type": "unknown", "filename": "assets/web/huokuan.html", "size": 9052}, {"datetime": "2021-11-03 16:24:36", "sha256": "c2fe852178fc010cdc9cdae6ce011e49b8693d7c9bb4f35614d94ea7fb503cf4", "type": "PNG", "filename": "assets/web/img/banner_2018_main4.png", "size": 19625}, {"datetime": "2021-11-03 16:24:36", "sha256": "4d749da0b464c2ec333e0fbc5bd9c59db4ca99ddd10651cdbf5897bd0f664825", "type": "PNG", "filename": "assets/web/img/omweb/btn_detail.png", "size": 2193}, {"datetime": "2021-11-03 16:24:36", "sha256": "800f2c6f6c7f0041837b8c225d9faa33e1f1ad94f6785ab5a2c305ca94cb2cc7", "type": "PNG", "filename": "assets/web/img/omweb/favi_iphone_n201512.png", "size": 6992}, {"datetime": "2021-11-03 16:24:36", "sha256": "bd900066dad0509f92a4e7a46d24a4e6f754b674926a6dd8fa30c090274f9622", "type": "PNG", "filename": "assets/web/img/omweb/new/ico_select.png", "size": 1135}, {"datetime": "2021-11-03 16:24:36", "sha256": "9228c1618af29b1a2c9ba51c4a114caa90619dfe85f225b8358ee49fc0b9676b", "type": "PNG", "filename": "assets/web/img/omweb/new/img_app_n_02.png", "size": 137702}, {"datetime": "2021-11-03 16:24:36", "sha256": "6910ec049bfa262242d91bbbb4e9c51e93ff4c131362395607a8f3cc4b65e34f", "type": "PNG", "filename": "assets/web/img/omweb/new/img_header.png", "size": 14155}, {"datetime": "2021-11-03 16:24:36", "sha256": "9a71c4956d6f6b6767931ca73d515ceb1b76b8e6be55359fcc6f5d4a66ca181b", "type": "PNG", "filename": "assets/web/img/omweb/new/img_icon.png", "size": 50050}, {"datetime": "2021-11-03 16:24:36", "sha256": "bfb51d2ab74dc6acb6c3f18888897dfe7d25f027083a0ab28054d016c25195ee", "type": "JPG", "filename": "assets/web/img/omweb/new/main_banner1.jpg", "size": 84209}, {"datetime": "2021-11-03 16:24:36", "sha256": "012fce6c0d14c50e5f997fe909498e04bdabbcecc6eb8574ca4790548d474b0e", "type": "JPG", "filename": "assets/web/img/omweb/new/main_banner2.jpg", "size": 104351}, {"datetime": "2021-11-03 16:24:36", "sha256": "0c90a462eff178aa7e5e52325e53d1151b08f645be31b2d2ecf88781cb4255dc", "type": "JPG", "filename": "assets/web/img/omweb/new/main_banner3.jpg", "size": 88232}, {"datetime": "2021-11-03 16:24:36", "sha256": "77b1c775a50f9b870893120db65e240abdd74d6f94851c5b8258ab2114724aa5", "type": "JPG", "filename": "assets/web/img/omweb/new/main_banner4.jpg", "size": 94227}, {"datetime": "2021-11-03 16:24:36", "sha256": "9f6188cabbbc000a505ef219722f0b0d4f687d56d918f5ca78ee7355bd9dda8e", "type": "PNG", "filename": "assets/web/img/omweb/new/main_banner_per_n.png", "size": 196630}, {"detection_ratio": [0, 62], "datetime": "2021-11-03 16:24:36", "filename": "assets/web/js/common/common_ui.js", "sha256": "2cfc5144fcec644077ced43619f9b76e824561f480a110e7789ba3b6bfd4e34b", "type": "unknown", "size": 11929}, {"datetime": "2021-11-03 16:24:36", "sha256": "21cf932114fc8d16c94902e0e3a8e7c89796fb018bed5939f335ae711bbab0d3", "type": "unknown", "filename": "assets/web/js/common/wizvera/config.js", "size": 47343}, {"datetime": "2021-11-03 16:24:36", "sha256": "48b12cb137b9bbfbb4fee4270ca15ad2f588599dd99a84bc75dd538c52b4a145", "type": "unknown", "filename": "assets/web/js/subutils.js", "size": 976}, {"datetime": "2021-11-03 16:24:36", "sha256": "e6b7224b9d8e26ae3100677883d8ca11d7de7c3a5680bd2b3249e3de31ca40a6", "type": "unknown", "filename": "assets/web/ok.html", "size": 2930}, {"datetime": "2021-11-03 16:24:36", "sha256": "8685269baa2e24f1597a6e5781ba5c3d2cc43e3d215ba4d4e3eb1ba9cbcd77be", "type": "unknown", "filename": "assets/web/omweb/html/css/bootstrap.min.css", "size": 124864}, {"datetime": "2021-11-03 16:24:36", "sha256": "1b832fd4ed78db5d885f13690d390bae2ade21f75820c3998397c040b93276db", "type": "unknown", "filename": "assets/web/omweb/html/css/opre.css", "size": 33566}, {"datetime": "2021-11-03 16:24:36", "sha256": "42ad9be01e37188224cc2565209cb4588b3814ea520ea6b7dc5ca48ed9b62567", "type": "unknown", "filename": "assets/web/omweb/html/css/slick.css", "size": 4767}, {"datetime": "2021-11-03 16:24:36", "sha256": "ecd6c703a30df79682d9653f61fcdf88366c77383a21ecbe57d6b0a721b39e7b", "type": "PNG", "filename": "assets/web/omweb/html/img/common/arrow-type-1.png", "size": 1085}, {"datetime": "2021-11-03 16:24:36", "sha256": "3f7b3f8bc9f65f758d03323348044f5dcf43bd7a2ce49c80ce4eeb5eeb383ee1", "type": "JavaScript", "filename": "assets/web/omweb/js/cae_common_abtest.js", "size": 1573}, {"datetime": "2021-11-03 16:24:36", "sha256": "03b2f902db355e7116a1e6cbb50e67af9053f67182dc70fbbc8cb4c9bd10e633", "type": "unknown", "filename": "assets/web/omweb/js/iscroll.js", "size": 33968}, {"detection_ratio": [0, 66], "datetime": "2021-11-03 16:24:36", "filename": "assets/web/omweb/js/jquery-1.6.4.min.js", "sha256": "dd1fa2fd3e69731fcae810c094186a6b9ac42ade2527fc2332736295543b9cc3", "type": "unknown", "size": 91672}, {"detection_ratio": [0, 61], "datetime": "2021-11-03 16:24:36", "filename": "assets/web/omweb/js/jquery_lib.js", "sha256": "26753bf67cb214fa553132b4371ac73e04acfaad4feb06b647c301911d257d0c", "type": "unknown", "size": 94305}, {"datetime": "2021-11-03 16:24:36", "sha256": "eefd072d0f4c782d4f3492b362b0bae401398daca89680e8485184eec3c2a01b", "type": "unknown", "filename": "assets/web/omweb/js/modernizr.custom.js", "size": 27388}, {"datetime": "2021-11-03 16:24:36", "sha256": "0741ebede5d54aefe8370fa6457c7a746d7d20629f480f4c190660bfbb65ed91", "type": "unknown", "filename": "assets/web/omweb/js/slick.js", "size": 84265}, {"datetime": "2021-11-03 16:24:36", "sha256": "88fc6bc14226818c9583258917030a0080b9395a505845d95504317e2f1908f7", "type": "DEX", "filename": "classes.dex", "size": 42308}, {"detection_ratio": [0, 73], "datetime": "2021-11-03 16:24:36", "filename": "error_prone/Annotations.gwt.xml", "sha256": "c118a3de9a4be1f5fa7bb5dc422d8367dd4765ded5d95c2f57419a3862a91bee", "type": "unknown", "size": 119}, {"detection_ratio": [0, 74], "datetime": "2021-11-03 16:24:36", "filename": "jsr305_annotations/Jsr305_annotations.gwt.xml", "sha256": "0215a446bddde28ed59ae7122f8f59472d4be649ac7b92d5f56488407b364f39", "type": "unknown", "size": 133}, {"detection_ratio": [0, 69], "datetime": "2021-11-03 16:24:36", "filename": "lib/armeabi-v7a/libalivc_audio.so", "sha256": "05d4a4240eea90b70a642b68e48fe8e10d5eb98186df0dc2dab7a616c6ceec41", "type": "ELF", "size": 177716}, {"detection_ratio": [0, 73], "datetime": "2021-11-03 16:24:36", "filename": "lib/armeabi-v7a/libartp.so", "sha256": "1f89dee486c9f377e8e649d5d0de84e27ed26a49bc3a582d29a0b1caf60754cd", "type": "ELF", "size": 1443544}, {"datetime": "2021-11-03 16:24:36", "sha256": "38f948d170fc64a47f9d9894185c3677125ad893b10b3943cff41680659fd1c6", "type": "ELF", "filename": "lib/armeabi-v7a/libdn_ssl.so", "size": 1693816}, {"datetime": "2021-11-03 16:24:36", "sha256": "4e528148c52fc4f866d6383f97c9a9bcbb65839f473fd82f7132ebe12f20f041", "type": "ELF", "filename": "lib/armeabi-v7a/libfirebase.so", "size": 26176}, {"detection_ratio": [0, 67], "datetime": "2021-11-03 16:24:36", "filename": "lib/armeabi-v7a/liblive-fdkaac.so", "sha256": "d1a7607fe3b4499e34c626c2a54f80ec88ff6eb5b0d74e085b52170f87cfd837", "type": "ELF", "size": 534228}, {"detection_ratio": [0, 74], "datetime": "2021-11-03 16:24:36", "filename": "lib/armeabi-v7a/liblive-pusher.so", "sha256": "2157057ea25383587c3165664207867e0c6f9daf591523c595d71a30c6ac607d", "type": "ELF", "size": 1994340}, {"detection_ratio": [0, 73], "datetime": "2021-11-03 16:24:36", "filename": "lib/armeabi-v7a/liblive-rtmp.so", "sha256": "7308eba46d66c4fb104a673720f63c6f16aaac810924fd0c1b25d60268817533", "type": "ELF", "size": 62948}, {"detection_ratio": [0, 74], "datetime": "2021-11-03 16:24:36", "filename": "lib/armeabi-v7a/liblivepusher-openh264.so", "sha256": "9874d898cb3accdbf2770018f6ac2751773ce2e0399a8b774ae102b9be4ddb0f", "type": "ELF", "size": 906528}, {"detection_ratio": [0, 74], "datetime": "2021-11-03 16:24:38", "filename": "lib/armeabi-v7a/librealm-jni.so", "sha256": "3a2c38aeae4c672d81d25206acd81d3325555f856fe5f2f54cbcba91955e12f8", "type": "ELF", "size": 3020432}, {"detection_ratio": [0, 73], "datetime": "2021-11-03 16:24:38", "filename": "lib/armeabi-v7a/libRtsSDK.so", "sha256": "6b52aca5e865c5d64addb98f67815bf9b52bbe640356c96a8528815a60ad66bd", "type": "ELF", "size": 1813064}, {"detection_ratio": [0, 74], "datetime": "2021-11-03 16:24:38", "filename": "META-INF/android.arch.core_runtime.version", "sha256": "cc52f678848b814373757b460383bf61960e4943c203735adde0a350b3e50989", "type": "unknown", "size": 6}, {"detection_ratio": [0, 74], "datetime": "2021-11-03 16:24:38", "filename": "META-INF/android.arch.lifecycle_livedata-core.version", "sha256": "cc52f678848b814373757b460383bf61960e4943c203735adde0a350b3e50989", "type": "unknown", "size": 6}, {"detection_ratio": [0, 74], "datetime": "2021-11-03 16:24:38", "filename": "META-INF/android.arch.lifecycle_livedata.version", "sha256": "cc52f678848b814373757b460383bf61960e4943c203735adde0a350b3e50989", "type": "unknown", "size": 6}, {"detection_ratio": [0, 74], "datetime": "2021-11-03 16:24:38", "filename": "META-INF/android.arch.lifecycle_runtime.version", "sha256": "cc52f678848b814373757b460383bf61960e4943c203735adde0a350b3e50989", "type": "unknown", "size": 6}, {"detection_ratio": [0, 74], "datetime": "2021-11-03 16:24:38", "filename": "META-INF/android.arch.lifecycle_viewmodel.version", "sha256": "cc52f678848b814373757b460383bf61960e4943c203735adde0a350b3e50989", "type": "unknown", "size": 6}, {"detection_ratio": [0, 73], "datetime": "2021-11-03 16:24:38", "filename": "META-INF/androidx.appcompat_appcompat.version", "sha256": "59854984853104df5c353e2f681a15fc7924742f9a2e468c29af248dce45ce03", "type": "unknown", "size": 6}, {"detection_ratio": [0, 73], "datetime": "2021-11-03 16:24:38", "filename": "META-INF/androidx.asynclayoutinflater_asynclayoutinflater.version", "sha256": "59854984853104df5c353e2f681a15fc7924742f9a2e468c29af248dce45ce03", "type": "unknown", "size": 6}, {"detection_ratio": [0, 73], "datetime": "2021-11-03 16:24:38", "filename": "META-INF/androidx.coordinatorlayout_coordinatorlayout.version", "sha256": "59854984853104df5c353e2f681a15fc7924742f9a2e468c29af248dce45ce03", "type": "unknown", "size": 6}, {"detection_ratio": [0, 73], "datetime": "2021-11-03 16:24:38", "filename": "META-INF/androidx.core_core.version", "sha256": "59854984853104df5c353e2f681a15fc7924742f9a2e468c29af248dce45ce03", "type": "unknown", "size": 6}, {"detection_ratio": [0, 73], "datetime": "2021-11-03 16:24:38", "filename": "META-INF/androidx.cursoradapter_cursoradapter.version", "sha256": "59854984853104df5c353e2f681a15fc7924742f9a2e468c29af248dce45ce03", "type": "unknown", "size": 6}, {"detection_ratio": [0, 73], "datetime": "2021-11-03 16:24:38", "filename": "META-INF/androidx.customview_customview.version", "sha256": "59854984853104df5c353e2f681a15fc7924742f9a2e468c29af248dce45ce03", "type": "unknown", "size": 6}, {"detection_ratio": [0, 73], "datetime": "2021-11-03 16:24:38", "filename": "META-INF/androidx.documentfile_documentfile.version", "sha256": "59854984853104df5c353e2f681a15fc7924742f9a2e468c29af248dce45ce03", "type": "unknown", "size": 6}, {"detection_ratio": [0, 73], "datetime": "2021-11-03 16:24:38", "filename": "META-INF/androidx.drawerlayout_drawerlayout.version", "sha256": "59854984853104df5c353e2f681a15fc7924742f9a2e468c29af248dce45ce03", "type": "unknown", "size": 6}, {"detection_ratio": [0, 73], "datetime": "2021-11-03 16:24:38", "filename": "META-INF/androidx.fragment_fragment.version", "sha256": "59854984853104df5c353e2f681a15fc7924742f9a2e468c29af248dce45ce03", "type": "unknown", "size": 6}, {"detection_ratio": [0, 73], "datetime": "2021-11-03 16:24:38", "filename": "META-INF/androidx.interpolator_interpolator.version", "sha256": "59854984853104df5c353e2f681a15fc7924742f9a2e468c29af248dce45ce03", "type": "unknown", "size": 6}, {"detection_ratio": [0, 73], "datetime": "2021-11-03 16:24:38", "filename": "META-INF/androidx.legacy_legacy-support-core-ui.version", "sha256": "59854984853104df5c353e2f681a15fc7924742f9a2e468c29af248dce45ce03", "type": "unknown", "size": 6}, {"detection_ratio": [0, 73], "datetime": "2021-11-03 16:24:38", "filename": "META-INF/androidx.legacy_legacy-support-core-utils.version", "sha256": "59854984853104df5c353e2f681a15fc7924742f9a2e468c29af248dce45ce03", "type": "unknown", "size": 6}, {"detection_ratio": [0, 73], "datetime": "2021-11-03 16:24:38", "filename": "META-INF/androidx.loader_loader.version", "sha256": "59854984853104df5c353e2f681a15fc7924742f9a2e468c29af248dce45ce03", "type": "unknown", "size": 6}, {"detection_ratio": [0, 73], "datetime": "2021-11-03 16:24:38", "filename": "META-INF/androidx.localbroadcastmanager_localbroadcastmanager.version", "sha256": "59854984853104df5c353e2f681a15fc7924742f9a2e468c29af248dce45ce03", "type": "unknown", "size": 6}, {"detection_ratio": [0, 73], "datetime": "2021-11-03 16:24:38", "filename": "META-INF/androidx.print_print.version", "sha256": "59854984853104df5c353e2f681a15fc7924742f9a2e468c29af248dce45ce03", "type": "unknown", "size": 6}, {"detection_ratio": [0, 73], "datetime": "2021-11-03 16:24:38", "filename": "META-INF/androidx.slidingpanelayout_slidingpanelayout.version", "sha256": "59854984853104df5c353e2f681a15fc7924742f9a2e468c29af248dce45ce03", "type": "unknown", "size": 6}, {"detection_ratio": [0, 73], "datetime": "2021-11-03 16:24:38", "filename": "META-INF/androidx.swiperefreshlayout_swiperefreshlayout.version", "sha256": "59854984853104df5c353e2f681a15fc7924742f9a2e468c29af248dce45ce03", "type": "unknown", "size": 6}, {"detection_ratio": [0, 73], "datetime": "2021-11-03 16:24:38", "filename": "META-INF/androidx.vectordrawable_vectordrawable-animated.version", "sha256": "59854984853104df5c353e2f681a15fc7924742f9a2e468c29af248dce45ce03", "type": "unknown", "size": 6}, {"detection_ratio": [0, 73], "datetime": "2021-11-03 16:24:38", "filename": "META-INF/androidx.vectordrawable_vectordrawable.version", "sha256": "59854984853104df5c353e2f681a15fc7924742f9a2e468c29af248dce45ce03", "type": "unknown", "size": 6}, {"detection_ratio": [0, 73], "datetime": "2021-11-03 16:24:38", "filename": "META-INF/androidx.versionedparcelable_versionedparcelable.version", "sha256": "59854984853104df5c353e2f681a15fc7924742f9a2e468c29af248dce45ce03", "type": "unknown", "size": 6}, {"detection_ratio": [0, 73], "datetime": "2021-11-03 16:24:38", "filename": "META-INF/androidx.viewpager_viewpager.version", "sha256": "59854984853104df5c353e2f681a15fc7924742f9a2e468c29af248dce45ce03", "type": "unknown", "size": 6}, {"detection_ratio": [0, 72], "datetime": "2021-11-03 16:24:38", "filename": "res/anim/abc_fade_in.xml", "sha256": "1ced2e2209c1a3b5a178f318c1e15a734254deff39d17b3f321beaba86670fa4", "type": "XML", "size": 104}, {"detection_ratio": [0, 72], "datetime": "2021-11-03 16:24:38", "filename": "res/anim/abc_fade_out.xml", "sha256": "1ced2e2209c1a3b5a178f318c1e15a734254deff39d17b3f321beaba86670fa4", "type": "XML", "size": 104}, {"detection_ratio": [0, 76], "datetime": "2021-11-03 16:24:38", "filename": "res/anim/abc_grow_fade_in_from_bottom.xml", "sha256": "5cd45a18866672db10050204b12a2f3e025a51a359cbca467106bf1f343744a6", "type": "XML", "size": 852}, {"detection_ratio": [0, 74], "datetime": "2021-11-03 16:24:38", "filename": "res/anim/abc_popup_enter.xml", "sha256": "53da8301f8e7139f8f21b65dc48a5aee7497f4617f8252746be9e1a6cedc972f", "type": "XML", "size": 508}, {"detection_ratio": [0, 73], "datetime": "2021-11-03 16:24:38", "filename": "res/anim/abc_popup_exit.xml", "sha256": "8ab0883d7e49f86d7faaa9e3893e39575a0b3d7e01e9693b1e2f99e5f70f3dff", "type": "XML", "size": 508}, {"detection_ratio": [0, 76], "datetime": "2021-11-03 16:24:38", "filename": "res/anim/abc_shrink_fade_out_from_bottom.xml", "sha256": "818be87e34697e921907456ccb1a731bc55621c7aad825b157bc94dd441186c3", "type": "XML", "size": 852}, {"detection_ratio": [0, 72], "datetime": "2021-11-03 16:24:38", "filename": "res/anim/abc_slide_in_bottom.xml", "sha256": "1ced2e2209c1a3b5a178f318c1e15a734254deff39d17b3f321beaba86670fa4", "type": "XML", "size": 104}, {"detection_ratio": [0, 72], "datetime": "2021-11-03 16:24:38", "filename": "res/anim/abc_slide_in_top.xml", "sha256": "1ced2e2209c1a3b5a178f318c1e15a734254deff39d17b3f321beaba86670fa4", "type": "XML", "size": 104}, {"detection_ratio": [0, 72], "datetime": "2021-11-03 16:24:38", "filename": "res/anim/abc_slide_out_bottom.xml", "sha256": "1ced2e2209c1a3b5a178f318c1e15a734254deff39d17b3f321beaba86670fa4", "type": "XML", "size": 104}, {"detection_ratio": [0, 72], "datetime": "2021-11-03 16:24:38", "filename": "res/anim/abc_slide_out_top.xml", "sha256": "1ced2e2209c1a3b5a178f318c1e15a734254deff39d17b3f321beaba86670fa4", "type": "XML", "size": 104}, {"detection_ratio": [0, 73], "datetime": "2021-11-03 16:24:38", "filename": "res/anim/abc_tooltip_enter.xml", "sha256": "d55ccbcea937a5bebdcf58c2681c33fb4faf7cc4c92021529f01e55ecd73b401", "type": "XML", "size": 388}, {"detection_ratio": [0, 75], "datetime": "2021-11-03 16:24:38", "filename": "res/anim/abc_tooltip_exit.xml", "sha256": "312fe868b573ea071126e4eb34c768edea9724c9f193fced514b0ee119f69b17", "type": "XML", "size": 388}, {"detection_ratio": [0, 73], "datetime": "2021-11-03 16:24:38", "filename": "res/anim/out.xml", "sha256": "9ba5e2e3ec8429ec57f7fbbc40d398aff0a9bb51141b7b4926dd65a2b0183385", "type": "XML", "size": 540}, {"detection_ratio": [0, 72], "datetime": "2021-11-03 16:24:38", "filename": "res/anim/up.xml", "sha256": "1ced2e2209c1a3b5a178f318c1e15a734254deff39d17b3f321beaba86670fa4", "type": "XML", "size": 104}, {"detection_ratio": [0, 73], "datetime": "2021-11-03 16:24:38", "filename": "res/color/abc_background_cache_hint_selector_material_dark.xml", "sha256": "4f3d0ee7f9db0ed6d30e3d0bbb21ea236198d3a530cd9d85385ffd62e05bba47", "type": "XML", "size": 468}], "uncompressed_size": 23216902}}, "size": 15202016, "authentihash": null, "times_submitted": 1, "harmless_votes": 0, "malicious_votes": 0, "sha256": "18074cc80c21cc4946365588dfd0b34b116ad06daeb620ef288b2f788a68ce98", "type": "Android", "scans": {"Bkav": {"detected": false, "version": "1.3.0.9899", "result": null, "update": "20211102"}, "Lionic": {"detected": false, "version": "4.2", "result": null, "update": "20211103"}, "Elastic": {"detected": false, "version": "4.0.29", "result": null, "update": "20211005"}, "Cynet": {"detected": true, "version": "4.0.0.27", "result": "Malicious (score: 99)", "update": "20211103"}, "CMC": {"detected": false, "version": "2.10.2019.1", "result": null, "update": "20211026"}, "CAT-QuickHeal": {"detected": true, "version": "14.00", "result": "Android.Fakecalls.GEN45163", "update": "20211103"}, "McAfee": {"detected": false, "version": "6.0.6.653", "result": null, "update": "20211103"}, "ALYac": {"detected": false, "version": "1.1.3.1", "result": null, "update": "20211103"}, "Malwarebytes": {"detected": false, "version": "4.2.2.27", "result": null, "update": "20211103"}, "VIPRE": {"detected": false, "version": "96678", "result": null, "update": "20211103"}, "Sangfor": {"detected": false, "version": "2.9.0.0", "result": null, "update": "20210930"}, "K7AntiVirus": {"detected": false, "version": "11.225.39131", "result": null, "update": "20211103"}, "Alibaba": {"detected": false, "version": "0.3.0.5", "result": null, "update": "20190527"}, "K7GW": {"detected": true, "version": "11.225.39131", "result": "Trojan ( 0055e4881 )", "update": "20211103"}, "Trustlook": {"detected": true, "version": "1.0", "result": "Android.PUA.DebugKey", "update": "20211103"}, "Arcabit": {"detected": false, "version": "1.0.0.886", "result": null, "update": "20211103"}, "Baidu": {"detected": false, "version": "1.0.0.2", "result": null, "update": "20190318"}, "Cyren": {"detected": true, "version": "6.3.0.2", "result": "AndroidOS/Trojan.WBAO-9", "update": "20211103"}, "SymantecMobileInsight": {"detected": false, "version": "2.0", "result": null, "update": "20210126"}, "Symantec": {"detected": false, "version": "1.16.0.0", "result": null, "update": "20211103"}, "ESET-NOD32": {"detected": true, "version": "24229", "result": "a variant of Android/TrojanDropper.Agent.IZK", "update": "20211103"}, "TrendMicro-HouseCall": {"detected": false, "version": "10.0.0.1040", "result": null, "update": "20211101"}, "Avast": {"detected": false, "version": "21.1.5827.0", "result": null, "update": "20211103"}, "ClamAV": {"detected": false, "version": "0.104.0.0", "result": null, "update": "20211102"}, "Kaspersky": {"detected": true, "version": "21.0.1.45", "result": "HEUR:Trojan-Banker.AndroidOS.Fakecalls.k", "update": "20211103"}, "BitDefender": {"detected": false, "version": "7.2", "result": null, "update": "20211103"}, "NANO-Antivirus": {"detected": false, "version": "1.0.146.25370", "result": null, "update": "20211103"}, "SUPERAntiSpyware": {"detected": false, "version": "5.6.0.1032", "result": null, "update": "20211030"}, "MicroWorld-eScan": {"detected": false, "version": "14.0.409.0", "result": null, "update": "20211103"}, "Rising": {"detected": false, "version": "25.0.0.26", "result": null, "update": "20211103"}, "Ad-Aware": {"detected": false, "version": "3.0.21.193", "result": null, "update": "20211103"}, "Emsisoft": {"detected": false, "version": "2021.5.0.7597", "result": null, "update": "20211103"}, "Comodo": {"detected": false, "version": "34044", "result": null, "update": "20211102"}, "F-Secure": {"detected": false, "version": "12.0.86.52", "result": null, "update": "20211103"}, "DrWeb": {"detected": true, "version": "7.0.52.8270", "result": "Android.Spy.914.origin", "update": "20211103"}, "Zillya": {"detected": false, "version": "2.0.0.4487", "result": null, "update": "20211102"}, "TrendMicro": {"detected": false, "version": "11.0.0.1006", "result": null, "update": "20211103"}, "McAfee-GW-Edition": {"detected": false, "version": "v2019.1.2+3728", "result": null, "update": "20211102"}, "FireEye": {"detected": false, "version": "32.44.1.0", "result": null, "update": "20211103"}, "Sophos": {"detected": true, "version": "1.4.1.0", "result": "Andr/Xgen2-ZA", "update": "20211103"}, "Ikarus": {"detected": true, "version": "0.1.5.2", "result": "Trojan-Dropper.AndroidOS.Agent", "update": "20211102"}, "Avast-Mobile": {"detected": true, "version": "211102-00", "result": "Android:Evo-gen [Trj]", "update": "20211102"}, "Jiangmin": {"detected": false, "version": "16.0.100", "result": null, "update": "20211102"}, "Avira": {"detected": true, "version": "8.3.3.12", "result": "ANDROID/Banker.FKCG.Gen", "update": "20211103"}, "Antiy-AVL": {"detected": false, "version": "3.0.0.1", "result": null, "update": "20211103"}, "Kingsoft": {"detected": false, "version": "2017.9.26.565", "result": null, "update": "20211103"}, "Gridinsoft": {"detected": false, "version": "1.0.60.158", "result": null, "update": "20211103"}, "Microsoft": {"detected": true, "version": "1.1.18700.4", "result": "TrojanDropper:AndroidOS/BankerAgent.X", "update": "20211103"}, "ViRobot": {"detected": false, "version": "2014.3.20.0", "result": null, "update": "20211103"}, "ZoneAlarm": {"detected": true, "version": "1.0", "result": "HEUR:Trojan-Banker.AndroidOS.Fakecalls.k", "update": "20211102"}, "GData": {"detected": false, "version": "A:25.31229B:27.25015", "result": null, "update": "20211103"}, "BitDefenderFalx": {"detected": true, "version": "2.0.936", "result": "Android.Riskware.Agent.JMB", "update": "20210610"}, "AhnLab-V3": {"detected": true, "version": "3.21.1.10219", "result": "PUP/Android.FLPrev.1039239", "update": "20211103"}, "BitDefenderTheta": {"detected": false, "version": "7.2.37796.0", "result": null, "update": "20211021"}, "TACHYON": {"detected": false, "version": "2021-11-03.02", "result": null, "update": "20211103"}, "VBA32": {"detected": false, "version": "5.0.0", "result": null, "update": "20211102"}, "Zoner": {"detected": false, "version": "0.0.0.0", "result": null, "update": "20211102"}, "Tencent": {"detected": false, "version": "1.0.0.1", "result": null, "update": "20211103"}, "Yandex": {"detected": false, "version": "5.5.2.24", "result": null, "update": "20211103"}, "MAX": {"detected": false, "version": "2019.9.16.1", "result": null, "update": "20211103"}, "MaxSecure": {"detected": false, "version": "1.0.0.1", "result": null, "update": "20211102"}, "Fortinet": {"detected": true, "version": "6.2.142.0", "result": "Android/Agent.DSI!tr", "update": "20211103"}, "Panda": {"detected": false, "version": "4.6.4.2", "result": null, "update": "20211102"}}, "tags": ["apk", "android", "contains-elf"], "scan_id": "18074cc80c21cc4946365588dfd0b34b116ad06daeb620ef288b2f788a68ce98-1635929055", "unique_sources": 1, "positives": 17, "ssdeep": "393216:PKxmU1H18e63m+6P44lH1pwgLOXbgdutZTm4vVy4YgQyx:PKBgA4+zLOXbRZTm4vY9tyx", "md5": "130798df594b41c12b0adf635901cde6", "permalink": "https://www.virustotal.com/gui/file/18074cc80c21cc4946365588dfd0b34b116ad06daeb620ef288b2f788a68ce98/detection/f-18074cc80c21cc4946365588dfd0b34b116ad06daeb620ef288b2f788a68ce98-1635929055", "sha1": "6ee2eb19e28eafc10a3d398dcb9f1eb8c215f9e3", "submission": {"submitter_region": "41", "date": "2021-11-03 08:44:15", "submitter_country": "KR", "filename": "18074cc80c21cc4946365588dfd0b34b116ad06daeb620ef288b2f788a68ce98_mIxr1kN.apk"}, "response_code": 1, "community_reputation": 0, "verbose_msg": "Scan finished, information embedded", "ITW_urls": [], "last_seen": "2021-11-03 08:44:15"}