{"vhash": "6bde4c6718cbb6bbfd10aa7f339e79b4", "submission_names": ["99fb64d86ca6df9958664ab60cfe0002.virus"], "scan_date": "2021-11-03 08:16:40", "first_seen": "2021-11-03 08:16:40", "total": 63, "additional_info": {"exiftool": {"MIMEType": "application/zip", "ZipRequiredVersion": "20", "ZipCRC": "0x3f1c9897", "FileType": "ZIP", "ZipCompression": "Deflated", "ZipUncompressedSize": "93529", "ZipCompressedSize": "29792", "FileTypeExtension": "zip", "ZipFileName": "META-INF/MANIFEST.MF", "ZipBitFlag": "0x0808", "ZipModifyDate": "2021:04:04 18:00:00"}, "trid": "Android Package (43.2%)\nOpenOffice Extension (24.1%)\nJava Archive (15.1%)\nSweet Home 3D design (generic) (11.7%)\nZIP compressed archive (4.4%)", "androguard": {"Activities": ["com.cyjh.elfin.activity.news.SplashActivity", "com.cyjh.elfin.activity.ElfinFreeActivity", "com.cyjh.elfin.activity.news.FengLingAdWebViewActivity", "com.cyjh.elfin.activity.AdActivity", "com.cyjh.elfin.activity.news.FullScreenTwoAdActivity", "com.cyjh.elfin.activity.SettingActivity", "com.cyjh.elfin.activity.ScriptLogActivity", "com.cyjh.elfin.activity.ScriptLogDetailActivity", "com.cyjh.elfin.activity.FeedbackActivity", "com.cyjh.feedback.lib.activity.ImageSelectActivity", "com.cyjh.elfin.activity.news.H5LinkJumpPageActivity", "com.cyjh.elfin.activity.MessagePushActivity", "com.cyjh.elfin.activity.MessageDetailActivity", "com.cyjh.elfin.activity.RecommendGamesActivity", "com.cyjh.elfin.activity.AbnormalGamesActivity", "com.cyjh.elfin.activity.AbGamesDetailsActivity", "com.cyjh.elfin.activity.ImagePicZoomActivity", "com.cyjh.elfin.activity.TestActivity", "com.iflytek.voiceads.request.IFLYBrowser", "mobi.oneway.export.AdShowActivity", "com.didi.virtualapk.delegate.StubActivity", "com.didi.virtualapk.core.A$1", "com.didi.virtualapk.core.A$2", "com.didi.virtualapk.core.B$1", "com.didi.virtualapk.core.B$2", "com.didi.virtualapk.core.B$3", "com.didi.virtualapk.core.B$4", "com.didi.virtualapk.core.B$5", "com.didi.virtualapk.core.B$6", "com.didi.virtualapk.core.B$7", "com.didi.virtualapk.core.B$8", "com.didi.virtualapk.core.C$1", "com.didi.virtualapk.core.C$2", "com.didi.virtualapk.core.C$3", "com.didi.virtualapk.core.C$4", "com.didi.virtualapk.core.C$5", "com.didi.virtualapk.core.C$6", "com.didi.virtualapk.core.C$7", "com.didi.virtualapk.core.C$8", "com.didi.virtualapk.core.D$1", "com.didi.virtualapk.core.D$2", "com.didi.virtualapk.core.D$3", "com.didi.virtualapk.core.D$4", "com.didi.virtualapk.core.D$5", "com.didi.virtualapk.core.D$6", "com.didi.virtualapk.core.D$7", "com.didi.virtualapk.core.D$8", "com.cyjh.mobileanjian.screencap.ForScreenShotActivity"], "AndroidVersionCode": "2017011016", "certificate": {"validto": "2116-12-10 08:50:14", "serialnumber": "4f4a2e0e", "Issuer": {"DN": "C:CN, CN:\u4e0a\u6d77\u6234\u601d\u8f6f\u4ef6\u6280\u672f\u6709\u9650\u516c\u53f8, L:\u95f5\u884c\u533a, O:\u4e0a\u6d77\u6234\u601d\u8f6f\u4ef6\u6280\u672f\u6709\u9650\u516c\u53f8, ST:\u4e0a\u6d77, OU:\u4e0a\u6d77\u6234\u601d\u8f6f\u4ef6\u6280\u672f\u6709\u9650\u516c\u53f8", "C": "CN", "CN": "\u4e0a\u6d77\u6234\u601d\u8f6f\u4ef6\u6280\u672f\u6709\u9650\u516c\u53f8", "L": "\u95f5\u884c\u533a", "O": "\u4e0a\u6d77\u6234\u601d\u8f6f\u4ef6\u6280\u672f\u6709\u9650\u516c\u53f8", "ST": "\u4e0a\u6d77", "OU": "\u4e0a\u6d77\u6234\u601d\u8f6f\u4ef6\u6280\u672f\u6709\u9650\u516c\u53f8"}, "thumbprint": "74d19e16e48cf87662dd4677733542351b8eb22c", "validfrom": "2017-01-03 08:50:14", "Subject": {"DN": "C:CN, CN:\u4e0a\u6d77\u6234\u601d\u8f6f\u4ef6\u6280\u672f\u6709\u9650\u516c\u53f8, L:\u95f5\u884c\u533a, O:\u4e0a\u6d77\u6234\u601d\u8f6f\u4ef6\u6280\u672f\u6709\u9650\u516c\u53f8, ST:\u4e0a\u6d77, OU:\u4e0a\u6d77\u6234\u601d\u8f6f\u4ef6\u6280\u672f\u6709\u9650\u516c\u53f8", "C": "CN", "CN": "\u4e0a\u6d77\u6234\u601d\u8f6f\u4ef6\u6280\u672f\u6709\u9650\u516c\u53f8", "L": "\u95f5\u884c\u533a", "O": "\u4e0a\u6d77\u6234\u601d\u8f6f\u4ef6\u6280\u672f\u6709\u9650\u516c\u53f8", "ST": "\u4e0a\u6d77", "OU": "\u4e0a\u6d77\u6234\u601d\u8f6f\u4ef6\u6280\u672f\u6709\u9650\u516c\u53f8"}}, "VTAndroidInfo": 2, "AndroidApplication": 1, "Package": "com.shangbing", "AndroidApplicationError": false, "intent-filters": {"Services": {"com.ime.input.InputKb": {"action": ["android.view.InputMethod"]}, "com.didi.virtualapk.delegate.RemoteService": {"action": ["com.cyjh.elfin.intent.ACTION_DAEMON_SERVICE"]}}, "Activities": {"com.cyjh.elfin.activity.news.SplashActivity": {"action": ["android.intent.action.MAIN"], "category": ["android.intent.category.LAUNCHER"]}}, "Receivers": {"com.cyjh.elfin.receiver.InstallAndRemoveAppSuccessReceive": {"action": ["android.intent.action.PACKAGE_ADDED", "android.intent.action.PACKAGE_REMOVED"]}, "com.cyjh.elfin.receiver.StartBootReceiver": {"action": ["android.intent.action.BOOT_COMPLETED"], "category": ["android.intent.category.HOME"]}}}, "Main Activity": "com.cyjh.elfin.activity.news.SplashActivity", "Libraries": ["org.apache.http.legacy"], "StringsInformation": ["http://11.239.113.99", "http://11.239.113.99/umpx_oplus_lbs", "http://118.178.152.152", "http://121.41.22.28:6644/api/GetAuthorFeedback", "http://ads.oway.mobi", "http://api-cn.felink.com/v1/rta", "http://api.mobileanjian.com/api", "http://api.mobileanjian.com/api/SetFeedBack", "http://app.51moba.com/AppConfig", "http://app.mobileanjian.com/AppConfig", "http://auth2.mobileanjian.com/AliCloud/GetStorageToken", "http://bbs.anjian.com/api.php?mod=u&egg=", "http://bbs.anjian.com/api.php?mod=u&gt", "http://down.nishuoa.com/fengwocps.apk", "http://localhost:10080/", "http://localhost:10080/sendData?data=", "http://logapi.mobileanjian.com/api/SetLog", "http://m.anjian.com/help/jiaoben/yxfwaj.apk", "http://oss-cn-hangzhou.aliyuncs.com", "http://oss-cn-shanghai.aliyuncs.com", "http://oss-demo.aliyuncs.com:23450", "http://owads.audioadx.com", "http://owtk.audioadx.com", "http://pv.sohu.com/cityjson?ie=utf-8", "http://res2.mobileanjian.com/Resource/ocr/Android.zip", "http://res2.mobileanjian.com/Resource/ocr/chi_sim.traineddata", "http://res2.mobileanjian.com/Resource/ocr/eng.traineddata", "http://schemas.android.com/apk/res/android", "http://tl.oway.mobi", "http://track.oway.mobi", "http://www.baidu.com", "http://www.newbyvideo.com:10001", "http://www.taobao.com", "https://ads.oneway.mobi", "https://androidquery.appspot.com", "https://api.twitter.com/oauth/access_token", "https://api.twitter.com/oauth/authorize", "https://api.twitter.com/oauth/request_token", "https://api.voiceads.cn/hotUpdate/", "https://api.voiceads.cn/hotUpdate/?ver=", "https://cmnsguider.yunos.com:443/genDeviceToken", "https://graph.facebook.com/me", "https://graph.facebook.com/oauth/authorize", "https://graph.facebook.com/oauth/authorize?", "https://log.iflytek.com/log", "https://logconf.iflytek.com/hotupdate", "https://plbslog.umeng.com", "https://plbslog.umeng.com/", "https://plbslog.umeng.com/umpx_oplus_lbs", "https://preplbslog.umeng.com", "https://preplbslog.umeng.com/umpx_oplus_lbs", "https://tl.oneway.mobi", "https://ulogs.umeng.com/unify_logs", "https://ulogs.umengcloud.com/unify_logs", "https://www.facebook.com/connect/login_success.html"], "Providers": ["android.support.v4.content.FileProvider", "mobi.oneway.export.OWProvider", "mobi.oneway.common.provider.OwCommonFileProvider", "mobi.oneway.common.provider.OwBFileProvider", "com.didi.virtualapk.delegate.RemoteContentProvider"], "AndroidVersionName": "5.0.8", "RiskIndicator": {"APK": {"DEX": 1, "APK": 1, "EXECUTABLE": 1, "SHARED LIBRARIES": 12}, "PERM": {"DEVELOPMENT": 2, "PRIVACY": 9, "PRE23": 2, "APPOP": 3, "NORMAL": 14, "EPHEMERAL": 3, "MONEY": 2, "DANGEROUS": 5, "SYSTEM": 3, "PREINSTALLED": 2, "CALL": 1, "SMS": 2, "INTERNET": 1, "INSTALLER": 1, "SIGNATURE": 8, "GPS": 3}}, "Services": ["com.iflytek.voiceads.download.DownloadService", "com.cyjh.elfin.services.PhoneStateService", "com.cyjh.elfin.services.SavePicService", "com.cyjh.elfin.services.DownloadApkService", "com.didi.virtualapk.delegate.LocalService", "com.didi.virtualapk.delegate.RemoteService", "com.cyjh.mq.service.IpcService", "com.ime.input.InputKb"], "MinSdkVersion": "16", "AndroidApplicationInfo": "APK", "TargetSdkVersion": "26", "Receivers": ["com.cyjh.elfin.receiver.InstallAndRemoveAppSuccessReceive", "com.cyjh.elfin.receiver.StartBootReceiver"], "AndroguardVersion": "3.4.0a1", "Permissions": {"android.permission.CHANGE_NETWORK_STATE": ["normal", "change network connectivity", "Allows the app to change the state of network connectivity."], "android.permission.DISABLE_KEYGUARD": ["normal", "disable your screen lock", "Allows the app to disable the\n      keylock and any associated password security.  For example, the phone\n      disables the keylock when receiving an incoming phone call, then\n      re-enables the keylock when the call is finished."], "android.permission.ACCESS_COARSE_UPDATES": ["normal", "Unknown permission from android reference", "Unknown permission from android reference"], "android.permission.ACCESS_MOCK_LOCATION": ["dangerous", "mock location sources for testing", "Create mock location sources for\n      testing or install a new location provider.  This allows the app to\n      override the location and/or status returned by other location sources\n      such as GPS or location providers."], "android.permission.READ_USER_DICTIONARY": ["dangerous", "read terms you added to the dictionary", "Allows the app to read all words,\n       names and phrases that the user may have stored in the user dictionary."], "android.permission.PROCESS_OUTGOING_CALLS": ["dangerous", "reroute outgoing calls", "Allows the app to see the\n        number being dialed during an outgoing call with the option to redirect\n        the call to a different number or abort the call altogether."], "android.permission.ACCESS_COARSE_LOCATION": ["dangerous|ephemeral", "access approximate location\n      (network-based)", "This app can get your location based on network sources such as cell towers and Wi-Fi networks. These location services must be turned on and available on your phone for the app to be able to use them."], "android.permission.WRITE_CONTACTS": ["dangerous", "modify your contacts", "Allows the app to\n    modify the data about your contacts stored on your phone, including the\n    frequency with which you've called, emailed, or communicated in other ways\n    with specific contacts. This permission allows apps to delete contact\n    data."], "android.permission.BLUETOOTH": ["normal", "pair with Bluetooth devices", "Allows the app to view the\n      configuration of the Bluetooth on the phone, and to make and accept\n      connections with paired devices."], "android.permission.INTERNET": ["normal|ephemeral", "have full network access", "Allows the app to create\n     network sockets and use custom network protocols. The browser and other\n     applications provide means to send data to the internet, so this\n     permission is not required to send data to the internet."], "android.permission.BLUETOOTH_ADMIN": ["normal", "access Bluetooth settings", "Allows the app to configure\n      the local Bluetooth phone, and to discover and pair with remote devices."], "android.permission.ACCESS_FINE_LOCATION": ["dangerous|ephemeral", "access precise location (GPS and\n      network-based)", "This app can get your location based on GPS or network location sources such as cell towers and Wi-Fi networks. These location services must be turned on and available on your phone for the app to be able to use them. This may increase battery consumption."], "android.permission.SEND_SMS": ["dangerous", "send and view SMS messages", "Allows the app to send SMS messages.\n     This may result in unexpected charges. Malicious apps may cost you money by\n     sending messages without your confirmation."], "android.permission.INTERACT_ACROSS_USERS_FULL": ["signature|installer", "", ""], "android.permission.CHANGE_WIFI_MULTICAST_STATE": ["normal", "allow Wi-Fi Multicast reception", "Allows the app to receive\n      packets sent to all devices on a Wi-Fi network using multicast addresses,\n      not just your phone.  It uses more power than the non-multicast mode."], "android.permission.ACCESS_NETWORK_STATE": ["normal|ephemeral", "view network connections", "Allows the app to view\n      information about network connections such as which networks exist and are\n      connected."], "android.permission.ACCESS_LOCATION_EXTRA_COMMANDS": ["normal", "access extra location provider commands", "Allows the app to access\n        extra location provider commands.  This may allow the app to interfere\n        with the operation of the GPS or other location sources."], "android.permission.GET_TASKS": ["normal", "retrieve running apps", "Allows the app to retrieve information\n       about currently and recently running tasks.  This may allow the app to\n       discover information about which applications are used on the device."], "android.permission.READ_SMS": ["dangerous", "read your text messages (SMS or MMS)", "This app can read all SMS (text) messages stored on your phone."], "android.permission.READ_INTERNAL_STORAGE": ["normal", "Unknown permission from android reference", "Unknown permission from android reference"], "android.permission.DOWNLOAD_WITHOUT_NOTIFICATION": ["normal", "Unknown permission from android reference", "Unknown permission from android reference"], "android.permission.ACCESS_CACHE_FILESYSTEM": ["signature|system", "access the cache filesystem", "Allows the app to read and write the cache filesystem."], "android.permission.READ_EXTERNAL_STORAGE": ["dangerous", "read the contents of your SD card", "Allows the app to read the contents of your SD card."], "android.permission.RECEIVE_BOOT_COMPLETED": ["normal", "run at startup", "Allows the app to\n        have itself started as soon as the system has finished booting.\n        This can make it take longer to start the phone and allow the\n        app to slow down the overall phone by always running."], "android.permission.ACCESS_MTK_MMHW": ["normal", "Unknown permission from android reference", "Unknown permission from android reference"], "android.permission.DIAGNOSTIC": ["signature", "read/write to resources owned by diag", "Allows the app to read and write to\n    any resource owned by the diag group; for example, files in /dev. This could\n    potentially affect system stability and security. This should be ONLY be used\n    for hardware-specific diagnostics by the manufacturer or operator."], "android.permission.BROADCAST_STICKY": ["normal", "send sticky broadcast", "Allows the app to\n    send sticky broadcasts, which remain after the broadcast ends. Excessive\n    use may make the phone slow or unstable by causing it to use too\n    much memory."], "android.permission.CALL_PHONE": ["dangerous", "directly call phone numbers", "Allows the app to call phone numbers\n      without your intervention. This may result in unexpected charges or calls.\n      Note that this doesn't allow the app to call emergency numbers.\n      Malicious apps may cost you money by making calls without your\n      confirmation."], "android.permission.WRITE_SETTINGS": ["signature|preinstalled|appop|pre23", "modify system settings", "Allows the app to modify the\n        system's settings data. Malicious apps may corrupt your system's\n        configuration."], "android.permission.READ_PHONE_STATE": ["dangerous", "read phone status and identity", "Allows the app to access the phone\n      features of the device.  This permission allows the app to determine the\n      phone number and device IDs, whether a call is active, and the remote number\n      connected by a call."], "android.permission.SAMSUNG_TUNTAP": ["normal", "Unknown permission from android reference", "Unknown permission from android reference"], "android.permission.WRITE_SECURE_SETTINGS": ["signature|system|development", "modify secure system settings", "Allows the app to modify the\n        system's secure settings data. Not for use by normal apps."], "android.permission.VIBRATE": ["normal|ephemeral", "control vibration", "Allows the app to control the vibrator."], "android.permission.SYSTEM_ALERT_WINDOW": ["signature|preinstalled|appop|pre23|development", "This app can appear on top of other apps", "This app can appear on top of other apps or other parts of the screen. This may interfere with normal app usage and change the way that other apps appear."], "android.permission.WRITE_EXTERNAL_STORAGE": ["dangerous", "modify or delete the contents of your SD card", "Allows the app to write to the SD card."], "android.permission.WAKE_LOCK": ["normal|ephemeral", "prevent phone from sleeping", "Allows the app to prevent the phone from going to sleep."], "android.permission.KILL_BACKGROUND_PROCESSES": ["normal", "close other apps", "Allows the app to end\n      background processes of other apps.  This may cause other apps to stop\n      running."], "android.permission.ACCESS_WIFI_STATE": ["normal", "view Wi-Fi connections", "Allows the app to view information\n      about Wi-Fi networking, such as whether Wi-Fi is enabled and name of\n      connected Wi-Fi devices."], "android.permission.RECORD_AUDIO": ["dangerous", "record audio", "This app can record audio using the microphone at any time."], "android.permission.REQUEST_INSTALL_PACKAGES": ["signature|appop", "request install packages", "Allows an application to request installation of packages."], "android.permission.CHANGE_WIFI_STATE": ["normal", "connect and disconnect from Wi-Fi", "Allows the app to connect to and\n      disconnect from Wi-Fi access points and to make changes to device\n      configuration for Wi-Fi networks."], "android.permission.PACKAGE_USAGE_STATS": ["signature|system", "update component usage statistics", "Allows the app to modify collected component usage statistics. Not for use by normal apps."], "android.permission.READ_CONTACTS": ["dangerous", "read your contacts", "Allows the app to\n      read data about your contacts stored on your phone, including the\n      frequency with which you've called, emailed, or communicated in other ways\n      with specific individuals. This permission allows apps to save your\n      contact data, and malicious apps may share contact data without your\n      knowledge."], "android.permission.MOUNT_UNMOUNT_FILESYSTEMS": ["dangerous", "access SD Card filesystem", "Allows the app to mount and\n        unmount filesystems for removable storage."], "android.permission.WRITE_INTERNAL_STORAGE": ["normal", "Unknown permission from android reference", "Unknown permission from android reference"], "android.permission.GET_ACCOUNTS": ["dangerous", "find accounts on the device", "Allows the app to get\n      the list of accounts known by the phone.  This may include any accounts\n      created by applications you have installed."]}}, "magic": "Zip archive data, at least v2.0 to extract", "compressedview": {"highest_datetime": "2021-04-04 18:00:10", "lowest_datetime": "1980-00-00 00:00:00", "num_children": 975, "extensions": {"rtd": 1, "pro": 1, "gz": 1, "jpg": 1, "apk": 1, "uis": 1, "txt": 1, "xml": 445, "lc": 2, "zip": 1, "jar": 1, "so": 32, "map": 3, "MF": 1, "png": 425, "dex": 2, "mf": 1, "atc": 1, "uip": 1, "RSA": 1, "ui": 1, "SF": 1}, "file_types": {"DEX": 2, "XML": 445, "ZIP": 5, "unknown": 58, "ELF": 37, "JPG": 1, "JSON": 1, "HTML": 1, "PNG": 425}, "type": "APK", "children": [{"datetime": "2021-04-04 18:00:00", "sha256": "58f1b51f3ef3fdeb22b17c55560b76fd4fb54c86ced4d8865706d9f9509b8f43", "type": "unknown", "filename": "META-INF/MANIFEST.MF", "size": 93529}, {"datetime": "2021-04-04 18:00:00", "sha256": "0948cfd1f2abc4db11a4e00513d4f6d0ed3c518b2a9c185e0530e090fc186d80", "type": "unknown", "filename": "META-INF/CERT.SF", "size": 93582}, {"datetime": "2021-04-04 18:00:00", "sha256": "6346a3d3a3ede71bae6073d913096a78cdee392aa26e064b11c14e89aabe1e36", "type": "unknown", "filename": "META-INF/CERT.RSA", "size": 1617}, {"datetime": "2021-04-04 18:00:06", "sha256": "47b7e6bb3a1add1607f98ee33fceff0511363c000f47225997deca6a91877bd9", "type": "XML", "filename": "res/layout/design_text_input_password_icon.xml", "size": 564}, {"detection_ratio": [0, 74], "datetime": "1980-00-00 00:00:00", "filename": "res/drawable-xxhdpi-v4/abc_ic_star_half_black_16dp.png", "sha256": "5d2632dffb297a5257c092a1a9bd340692bc1cef5274dca2cbc4a1c9cd15f9ce", "type": "PNG", "size": 309}, {"datetime": "2021-04-04 18:00:06", "sha256": "31e374ba12f93158e9c6b1ad449f786cfe6432e139f9d51105560711ef8a2810", "type": "XML", "filename": "res/xml/wm_file_path.xml", "size": 980}, {"detection_ratio": [0, 73], "datetime": "2021-04-04 18:00:06", "filename": "com/androidquery/callback/AjaxCallback.java", "sha256": "033d64c647aaee700c9f3783a95848657b37c7e034667ff7ba00c78bff59be4c", "type": "unknown", "size": 892}, {"detection_ratio": [0, 74], "datetime": "2021-04-04 18:00:06", "filename": "res/color-v23/abc_btn_colored_text_material.xml", "sha256": "4154d8d0b2cb4bcf157e16f1015ed8da0a1a9282aa986699d5cac5b530483f5f", "type": "XML", "size": 504}, {"detection_ratio": [0, 71], "datetime": "1980-00-00 00:00:00", "filename": "res/drawable-xhdpi-v4/ifly_ad_jz_close_volume.png", "sha256": "18bbc1c781082a5bf7a9c7a45a06190157dc4974b708c5ca35f747aa6e3815e4", "type": "PNG", "size": 716}, {"datetime": "2021-04-04 18:00:06", "sha256": "7f95951f0062ed00a8cb5a5f27bd6c7f50ac6518bb45fcad544e4ddfb0b8a598", "type": "XML", "filename": "res/drawable/umeng_update_button_check_selector.xml", "size": 1628}, {"detection_ratio": [0, 71], "datetime": "2021-04-04 18:00:06", "filename": "res/drawable/ifly_ad_jz_square_bg.xml", "sha256": "613bc7c78a44611cb4b80e45c71022cfe2d9d272b1b32ffbff9c5ffc37114ee0", "type": "XML", "size": 828}, {"detection_ratio": [0, 71], "datetime": "1980-00-00 00:00:00", "filename": "res/drawable-xhdpi-v4/ifly_ad_jz_restart_normal.png", "sha256": "af7470d2a354fbac169cbc29c637f90da2c2c2fe7eae94c8abde1501b1a42cbd", "type": "PNG", "size": 1215}, {"detection_ratio": [0, 71], "datetime": "2021-04-04 18:00:06", "filename": "res/drawable/notification_bg_low.xml", "sha256": "8085a844b1be5e26ede6b9dc681c0e69b5a4764564c1bdc1601c1413e734ffb6", "type": "XML", "size": 644}, {"detection_ratio": [0, 74], "datetime": "1980-00-00 00:00:00", "filename": "res/drawable-xhdpi-v4/abc_ic_star_black_48dp.png", "sha256": "d1085c65f242164c4595988135d5b5fdb08086d5cca6d6c010d77c8530ccb204", "type": "PNG", "size": 887}, {"detection_ratio": [0, 72], "datetime": "2021-04-04 18:00:06", "filename": "res/drawable/abc_list_selector_background_transition_holo_light.xml", "sha256": "17276619aeb722180cbd4eb808990ddbe5edf0cb2fcca9c2a94126c5520ed507", "type": "XML", "size": 508}, {"detection_ratio": [0, 66], "datetime": "2021-04-04 18:00:06", "filename": "res/color/abc_primary_text_disable_only_material_dark.xml", "sha256": "20f4ed676651cc226bd9c9403e9fbcdcbeebaeb4d4873a520453ef4bf740518d", "type": "XML", "size": 468}, {"detection_ratio": [0, 56], "datetime": "2021-04-04 18:00:06", "filename": "res/animator/scale_with_alpha.xml", "sha256": "8eb947405abf13f6ea3cc42f25e435f92084870fde5808a937512ce2dc86f241", "type": "XML", "size": 832}, {"datetime": "2021-04-04 18:00:06", "sha256": "830cafe6e3f10903431fdf7963e10c99abae47a42d51cc4000cc9453a90f4780", "type": "XML", "filename": "res/drawable/progress_game_oncorner_download.xml", "size": 1592}, {"detection_ratio": [0, 74], "datetime": "1980-00-00 00:00:00", "filename": "res/mipmap-hdpi-v4/ic_launcher.png", "sha256": "4384d9e4e5d5eb24aa2ce48d21d486659d314fdecb65abd9a6c2ee4a9870285d", "type": "PNG", "size": 3122}, {"detection_ratio": [0, 73], "datetime": "2021-04-04 18:00:06", "filename": "lib/x86/libiflyads.so", "sha256": "599440c3fcb4bdc952d820cb3466decc77903f501bf21c35c0d07a85517e4907", "type": "ELF", "size": 58844}, {"detection_ratio": [0, 73], "datetime": "1980-00-00 00:00:00", "filename": "res/drawable-xxhdpi-v4/abc_ic_star_black_16dp.png", "sha256": "fc004f9cd7503a9c4b419b178c2ba3e24aa191a14588039865be235507bddbda", "type": "PNG", "size": 459}, {"datetime": "1980-00-00 00:00:00", "sha256": "a5b5b325daae886d39aefd3a91710f7c52802f4d6c450d67039c8517326d1475", "type": "PNG", "filename": "res/drawable-xxhdpi-v4/s7.png", "size": 2885}, {"datetime": "1980-00-00 00:00:00", "sha256": "49201fcad4f7ff07a50c00cb6bb1ee693d1d979062ccadb2170ee717e18448b3", "type": "PNG", "filename": "res/drawable-xhdpi-v4/setting_switch_bg_focused_holo_light.9.png", "size": 306}, {"datetime": "1980-00-00 00:00:00", "sha256": "c9bed5bdeff400ac811b4b0177a2cec8f3b7f3f613ac9a7c77d9b16bb541f918", "type": "PNG", "filename": "res/drawable-xhdpi-v4/img_ad_delete_btn.png", "size": 1190}, {"datetime": "2021-04-04 18:00:06", "sha256": "f03e5fc968f7e0e5072fbc5c2089629e2576acd288cb4750f85b70b9d4278dc6", "type": "XML", "filename": "res/drawable/btn_add_file.xml", "size": 720}, {"detection_ratio": [0, 72], "datetime": "1980-00-00 00:00:00", "filename": "publicsuffixes.gz", "sha256": "be8da686d208b34e4b3f0bf90aa2e0b7638295641132c3f0caa81b03499032ff", "type": "unknown", "size": 34000}, {"datetime": "1980-00-00 00:00:00", "sha256": "43220cb2956b732de92843820a60892553a51594a04902259d942df054ca70a8", "type": "PNG", "filename": "res/drawable-xxhdpi-v4/bg_normal_pic.9.png", "size": 2179}, {"detection_ratio": [0, 74], "datetime": "1980-00-00 00:00:00", "filename": "res/drawable-xhdpi-v4/abc_btn_radio_to_on_mtrl_000.png", "sha256": "d19092254aa4133fba8b7795fb5db560ad5dcd16c6f79201bec31b0f1e9b608b", "type": "PNG", "size": 651}, {"datetime": "2021-04-04 18:00:06", "sha256": "398738bf7b61dcc84eafe172c04e716f0f56e9486bce4e6fbd617d8c6fe8f42e", "type": "XML", "filename": "res/layout/activity_edit_project_number.xml", "size": 2628}, {"detection_ratio": [0, 73], "datetime": "2021-04-04 18:00:06", "filename": "res/xml/network_security_config.xml", "sha256": "dbee54da2f6bd9f675975c280008d480fecc3a53adf954fad496dc5f8a616b26", "type": "XML", "size": 268}, {"detection_ratio": [0, 75], "datetime": "1980-00-00 00:00:00", "filename": "res/drawable-hdpi-v4/abc_tab_indicator_mtrl_alpha.9.png", "sha256": "7f537a60f30b3e56e0c091bae0747a3407fdcd9d648e6fa61ec6b44331a8bb0d", "type": "PNG", "size": 199}, {"detection_ratio": [0, 74], "datetime": "2021-04-04 18:00:06", "filename": "res/drawable/abc_cab_background_top_material.xml", "sha256": "69b62b2562a9ac8df2efefb63c00c24dfc975e76c0b46561973a10642189394c", "type": "XML", "size": 412}, {"detection_ratio": [0, 73], "datetime": "1980-00-00 00:00:00", "filename": "res/drawable-xxxhdpi-v4/abc_ic_menu_copy_mtrl_am_alpha.png", "sha256": "509264704725c5d7a5161e2880990beaecc119be5e1a667d543a08acce5d6e67", "type": "PNG", "size": 327}, {"detection_ratio": [0, 70], "datetime": "2021-04-04 18:00:06", "filename": "res/color/abc_primary_text_material_light.xml", "sha256": "59311f58ce4c12a007b18e3ce2eece19ce3eff16140d35925e05f2c84d27724e", "type": "XML", "size": 468}, {"detection_ratio": [0, 75], "datetime": "2021-04-04 18:00:06", "filename": "lib/x86/libjpgt.so", "sha256": "cd2125680c2dc6b42180281909f627c5890b07dedab142cd6e81de15df0b32d1", "type": "ELF", "size": 259540}, {"detection_ratio": [0, 73], "datetime": "2021-04-04 18:00:06", "filename": "com/androidquery/util/AQUtility.java", "sha256": "8b77501ba0287710f4dc6448cca89805c0d1bca7703390df84c7151e366f4370", "type": "unknown", "size": 17769}, {"datetime": "1980-00-00 00:00:00", "sha256": "2deaec5fc1deeacc77df92ce85dadfc6e09b34695229de6ef6c3e1d75eef084c", "type": "PNG", "filename": "res/drawable-xhdpi-v4/elfin_run2.png", "size": 7872}, {"datetime": "2021-04-04 18:00:06", "sha256": "2440997e79fd8d2d771682476b7b7579a99f1bf6397e3524d199131beb457f5f", "type": "XML", "filename": "res/drawable/common_button_bg_selector.xml", "size": 1840}, {"datetime": "2021-04-04 18:00:06", "sha256": "6a1b60da503771ba1847f170b8535e81d1106b66857dcfd53b3116f1a78fc1f3", "type": "XML", "filename": "res/drawable/progress_game_download.xml", "size": 1592}, {"detection_ratio": [0, 74], "datetime": "1980-00-00 00:00:00", "filename": "res/drawable-xhdpi-v4/setting_switch_thumb_disabled_holo_light.9.png", "sha256": "854f393abb9caa126c03e74b6e9b72bd7e3ae70877f8a1d661e98a9ba165877b", "type": "PNG", "size": 637}, {"detection_ratio": [0, 66], "datetime": "2021-04-04 18:00:06", "filename": "res/color/abc_primary_text_disable_only_material_light.xml", "sha256": "13c10cf4349dada4b83a9dac0a5e35111663ea7c1d5afc86e298b64cea83aa76", "type": "XML", "size": 468}, {"detection_ratio": [0, 66], "datetime": "1980-00-00 00:00:00", "filename": "res/drawable-xxhdpi-v4/img_ad_countdown.png", "sha256": "f7d2403a96884318cd69ceb4d8e70eda393f85435b85f5042008dcda79cbb57d", "type": "PNG", "size": 1088}, {"datetime": "1980-00-00 00:00:00", "sha256": "5962721b9cfaba3ba90655dfca7671d6fd1308e4e6df4fe9767fcd379cc0760f", "type": "PNG", "filename": "res/drawable-xhdpi-v4/bg_floatview.9.png", "size": 238}, {"datetime": "1980-00-00 00:00:00", "sha256": "0bf728ac0dde2d3f7577cdb30a3378ad9e1e871515369b3c6fce05b7729ac15d", "type": "PNG", "filename": "res/drawable-hdpi-v4/bt_floatview_stop.png", "size": 780}, {"datetime": "2021-04-04 18:00:06", "sha256": "3ce3594523510d8d517b0b53557f903ad6173cb740138345e05fdd162bbf6d50", "type": "XML", "filename": "res/layout/activity_base.xml", "size": 676}, {"detection_ratio": [0, 73], "datetime": "2021-04-04 18:00:06", "filename": "res/anim/abc_popup_exit.xml", "sha256": "ee7eca88a8fe8023ccb8aff577eeeadb7e13a7591a2b0a68fc74764864bc6cb9", "type": "XML", "size": 512}, {"detection_ratio": [0, 75], "datetime": "1980-00-00 00:00:00", "filename": "res/drawable-ldrtl-hdpi-v17/abc_spinner_mtrl_am_alpha.9.png", "sha256": "0df6d1fe57b9b28bac3a6a2b82941bcddab7e616a025201aacbe5e90c48c2068", "type": "PNG", "size": 367}, {"datetime": "2021-04-04 18:00:06", "sha256": "7e4a4b953e1ba08827109c2a4cb64201ca1b7c74d59f62d7af5561692920f6dc", "type": "XML", "filename": "res/layout/fragment_ad.xml", "size": 1544}, {"detection_ratio": [0, 50], "datetime": "2021-04-04 18:00:06", "filename": "res/drawable/ifly_ad_jz_bottom_seek_thumb.xml", "sha256": "d1a93cbeaa256d61bfa2127d0079796644658108552defacc848f400e7e52405", "type": "XML", "size": 560}, {"detection_ratio": [0, 73], "datetime": "1980-00-00 00:00:00", "filename": "res/drawable-mdpi-v4/abc_ic_star_half_black_16dp.png", "sha256": "e44d95e57172603aa992ffdb6bb9a302f945f00b632a5f7c6c29b873161e9aa9", "type": "PNG", "size": 146}, {"datetime": "2021-04-04 18:00:06", "sha256": "418d3c2e4262a1d36379969d294e8264b31bebfeee17bc611228244ebc3a3db7", "type": "XML", "filename": "res/layout/activity_splash.xml", "size": 524}, {"datetime": "1980-00-00 00:00:00", "sha256": "c441b82b7e8cad5f89504c5459bdda62bf5f9af1cf55f95b19d3fc7aafd1ff3e", "type": "PNG", "filename": "res/drawable-xxhdpi-v4/radio_button_uncheck.png", "size": 1259}, {"datetime": "1980-00-00 00:00:00", "sha256": "2709ad0866ff8bc5250d2478a77cf0b302b414ae17c6e588156a26c2834ed12e", "type": "PNG", "filename": "res/drawable-xxhdpi-v4/icon_net_instability.png", "size": 18774}, {"detection_ratio": [0, 74], "datetime": "1980-00-00 00:00:00", "filename": "res/drawable-xxxhdpi-v4/design_ic_visibility.png", "sha256": "5fc32b34973c35dcb3ebfdbae6823d908ec08f8cd589ddddc0541262203c2c0c", "type": "PNG", "size": 1155}, {"detection_ratio": [0, 74], "datetime": "1980-00-00 00:00:00", "filename": "res/drawable-mdpi-v4/abc_btn_switch_to_on_mtrl_00012.9.png", "sha256": "893e34d7adb3ad5d8ec6b443b0791ac1dd77b8e43496e43a1e2e1f6e5f0af975", "type": "PNG", "size": 1124}, {"datetime": "2021-04-04 18:00:06", "sha256": "90261cde30a564623ae20a397d83768fe4f085e58c9768512926446a15dd7e6f", "type": "XML", "filename": "res/layout/appdownload_layout.xml", "size": 748}, {"detection_ratio": [0, 57], "datetime": "1980-00-00 00:00:00", "filename": "res/mipmap-xhdpi-v4/pic_dir.png", "sha256": "61386445d6666293141cda7db26bf727ad2baa25bd65a871e3491bf6500a29f3", "type": "PNG", "size": 3575}, {"detection_ratio": [0, 73], "datetime": "1980-00-00 00:00:00", "filename": "res/drawable-xxhdpi-v4/abc_scrubber_control_to_pressed_mtrl_005.png", "sha256": "4f2f8c2a7b042e55aa8f43f4ce8134b3217ee9cda432c5ff8d4c33d09d86df68", "type": "PNG", "size": 595}, {"datetime": "2021-04-04 18:00:06", "sha256": "0a1702dc6663ba14097fa4c2799d4c01e47ce6f8002573e21566a7c81c18bc81", "type": "XML", "filename": "res/color/selector_tab.xml", "size": 944}, {"detection_ratio": [0, 75], "datetime": "1980-00-00 00:00:00", "filename": "res/drawable-xxhdpi-v4/abc_text_select_handle_middle_mtrl_dark.png", "sha256": "53fafe0a562f0edb759bdbee020c5a3795201599347ef5b3e4bd839f8aa24f59", "type": "PNG", "size": 752}, {"detection_ratio": [0, 75], "datetime": "1980-00-00 00:00:00", "filename": "res/drawable-xxxhdpi-v4/abc_text_select_handle_left_mtrl_light.png", "sha256": "55bc27772f6d35be9334fb80c371b327db25faa9a6098c3c14049e92654ac1bf", "type": "PNG", "size": 513}, {"detection_ratio": [0, 72], "datetime": "2021-04-04 18:00:06", "filename": "res/drawable-anydpi-v21/design_ic_visibility.xml", "sha256": "9b65c9218124324301ecd4bc33e5693c35ce99874a248a6b993ae5d611b09b6b", "type": "XML", "size": 672}, {"detection_ratio": [0, 73], "datetime": "1980-00-00 00:00:00", "filename": "res/drawable-xxxhdpi-v4/abc_ic_star_half_black_36dp.png", "sha256": "fcae1f741c187496e31bef506bfea84f29f31294524aa52aafc31762956ca5a5", "type": "PNG", "size": 760}, {"detection_ratio": [0, 75], "datetime": "1980-00-00 00:00:00", "filename": "res/drawable-hdpi-v4/abc_cab_background_top_mtrl_alpha.9.png", "sha256": "c7a19902a30c635c4708adc2e0c2911fbdb30fa8baf8878e96f44a8c9c012f65", "type": "PNG", "size": 229}, {"detection_ratio": [0, 75], "datetime": "2021-04-04 18:00:06", "filename": "res/drawable/abc_ic_voice_search_api_material.xml", "sha256": "ba01746719cc5b498f1b5f4d5953b76bb69879a70e26df3c5f4537c0b63467b7", "type": "XML", "size": 1208}, {"datetime": "2021-04-04 18:00:06", "sha256": "6d3160a07e82c7484d6c5469f8dc8b5d2e963e75865694c6ad811f4312e5312f", "type": "XML", "filename": "res/layout/ad_callbtn_layout.xml", "size": 764}, {"datetime": "2021-04-04 18:00:06", "sha256": "b759d0cd497212ad7aa1657f96d7564d7ff15d0fb85f5ea04bc68cdd19c51e76", "type": "XML", "filename": "res/drawable/bg_continue_button.xml", "size": 764}, {"detection_ratio": [0, 74], "datetime": "2021-04-04 18:00:06", "filename": "lib/armeabi-v7a/liblept.so", "sha256": "61e21cdd53a86b855659b371142fecc648e9036e2eb7363764b0f7ada7d6542e", "type": "ELF", "size": 1671024}, {"detection_ratio": [0, 75], "datetime": "2021-04-04 18:00:06", "filename": "res/drawable/abc_ic_ab_back_material.xml", "sha256": "83ab5912abe15b64857aa7e9caddd85282fabca1fc4dcdc8eccfc953bc8b9207", "type": "XML", "size": 908}, {"detection_ratio": [0, 71], "datetime": "2021-04-04 18:00:06", "filename": "res/drawable/umeng_common_gradient_green.xml", "sha256": "308c1955359d5cddf3ceaefa2b5ed84aae1a6d9ee1f22132ce6b74e8d4f57313", "type": "XML", "size": 708}, {"detection_ratio": [0, 72], "datetime": "2021-04-04 18:00:06", "filename": "res/layout/design_layout_snackbar.xml", "sha256": "4a63a671bc8c5e03c9a7412e26e8b1383bcbf3134120776f09995390b45316e8", "type": "XML", "size": 564}, {"detection_ratio": [0, 73], "datetime": "1980-00-00 00:00:00", "filename": "res/drawable-hdpi-v4/abc_ic_star_black_36dp.png", "sha256": "428ed825ab284c918ed43866f9fa34c22f00553712924722b9b3186398b15551", "type": "PNG", "size": 522}, {"detection_ratio": [0, 73], "datetime": "1980-00-00 00:00:00", "filename": "res/drawable-hdpi-v4/abc_text_select_handle_middle_mtrl_light.png", "sha256": "a475594ae7c771092a3a2718981e2710c737844f44a4401f72d3953753649a7a", "type": "PNG", "size": 396}, {"datetime": "1980-00-00 00:00:00", "sha256": "288e030d115dff57aad5414d05848cb3d9f5e1fdbf0961654b9abbced889f5cc", "type": "PNG", "filename": "res/drawable-xxhdpi-v4/s8.png", "size": 2888}, {"detection_ratio": [0, 75], "datetime": "1980-00-00 00:00:00", "filename": "res/drawable-xhdpi-v4/abc_ic_menu_share_mtrl_alpha.png", "sha256": "0fecc437ee0b6811e0fb3dfeb4187a8ee2fc986ccb32ab013e23eb9ceb3d6e23", "type": "PNG", "size": 480}, {"detection_ratio": [0, 73], "datetime": "1980-00-00 00:00:00", "filename": "res/drawable-hdpi-v4/abc_ic_commit_search_api_mtrl_alpha.png", "sha256": "239d602c9c65f156fe024613207955ac8fbdd395ae6ec3efa51be98e3a4473f4", "type": "PNG", "size": 171}, {"datetime": "2021-04-04 18:00:06", "sha256": "e5a17c9228b22e2c272d70ee958c923cd5f1a6e1d4b00a2262e442e886c89565", "type": "XML", "filename": "res/layout/design_bottom_sheet_dialog.xml", "size": 1216}, {"datetime": "2021-04-04 18:00:06", "sha256": "b9f508da5d3b2dad98688b2715ed4b7492942aceb903a8e731b2ece0d6ab6223", "type": "XML", "filename": "res/xml/file_paths.xml", "size": 428}, {"detection_ratio": [0, 47], "datetime": "2021-04-04 18:00:06", "filename": "res/drawable/ifly_ad_jz_click_pause_selector.xml", "sha256": "1529b93a3190c200feb69f2b0ac5b4ecbe153b4c1cb96f2497ae0808eabc43df", "type": "XML", "size": 560}, {"detection_ratio": [0, 73], "datetime": "2021-04-04 18:00:06", "filename": "com/androidquery/util/PredefinedBAOS.java", "sha256": "65d79416494b495ba819ec323fb3b78ac789759e2832d4be0959b150aa5b50e4", "type": "unknown", "size": 1208}, {"detection_ratio": [0, 73], "datetime": "1980-00-00 00:00:00", "filename": "res/drawable-xxhdpi-v4/abc_scrubber_control_off_mtrl_alpha.png", "sha256": "136d08fab0fe416fc7e0eca9c498e63c68357b2caa4241f444bbc3f26f9a74c9", "type": "PNG", "size": 322}, {"detection_ratio": [0, 74], "datetime": "1980-00-00 00:00:00", "filename": "res/drawable-xhdpi-v4/abc_text_select_handle_right_mtrl_light.png", "sha256": "6b45aef8bf43767c2c1c83dee2bd9ceb9017994fbef6613891e6bc215e2a5ee3", "type": "PNG", "size": 318}, {"detection_ratio": [0, 75], "datetime": "2021-04-04 18:00:06", "filename": "res/anim/abc_popup_enter.xml", "sha256": "e2afd16b63a5b732c48b7e542bd22d46e007c22a61f58a3cc0600233ce4201c1", "type": "XML", "size": 512}, {"datetime": "1980-00-00 00:00:00", "sha256": "283996e2c8967b5941cd3a8ba835455b1058690041b7425060f530df68dae1bf", "type": "PNG", "filename": "res/drawable-xhdpi-v4/elfin_run1.png", "size": 5640}, {"datetime": "2021-04-04 18:00:06", "sha256": "5fa1a659a8227378f31921a7616739d85d5a3106341e7ca7ce35d34840d9c2c3", "type": "XML", "filename": "res/color/abc_tint_switch_track.xml", "size": 772}, {"detection_ratio": [0, 75], "datetime": "1980-00-00 00:00:00", "filename": "res/mipmap-xhdpi-v4/ic_launcher.png", "sha256": "d2c57ef44ca92374b76c92494097e8eba9cb7b0395c02e8ce2a3c8caba51c17a", "type": "PNG", "size": 4366}, {"datetime": "2021-04-04 18:00:06", "sha256": "d7615dc6482db758e91c5240f2a293be07ade583cb308f34cd233637e5625792", "type": "XML", "filename": "res/color/abc_hint_foreground_material_light.xml", "size": 568}, {"datetime": "2021-04-04 18:00:06", "sha256": "77c9c940d80717fd1cef80a74d63180a0a3a4373f0d154487bc96ba263c47cef", "type": "XML", "filename": "res/layout/design_navigation_item_header.xml", "size": 448}, {"datetime": "2021-04-04 18:00:06", "sha256": "e1f2837673f48f94940f050e785a761bd336ada92db8a643f32aa31a6ee1bf0d", "type": "XML", "filename": "res/layout/floatview_elfin.xml", "size": 2316}, {"datetime": "2021-04-04 18:00:06", "sha256": "420cff1ce0b02b6f71e4d82a49e81576f82924290c10e49536e3cc882166b486", "type": "XML", "filename": "res/layout-v17/abc_dialog_title_material.xml", "size": 1156}, {"datetime": "2021-04-04 18:00:06", "sha256": "edb40200178cf877f70f67cf5433675ab1d41c4299a79cdb2263b606d656df2c", "type": "XML", "filename": "res/drawable/tooltip_frame_light.xml", "size": 564}, {"detection_ratio": [0, 70], "datetime": "1980-00-00 00:00:00", "filename": "res/drawable-hdpi-v4/umeng_update_btn_check_off_pressed_holo_light.png", "sha256": "e02a41efb8eeca88b4cad93de1db28aa9a25d9340daec37c76ab7f8a0151900a", "type": "PNG", "size": 1244}, {"datetime": "1980-00-00 00:00:00", "sha256": "c93cf9aa904b9870e6e9f06eec3d21e45360b7abc2cee8b3ebeb0e4d2bebbbd0", "type": "PNG", "filename": "res/drawable-xxhdpi-v4/bg_none_script.png", "size": 6280}, {"detection_ratio": [0, 73], "datetime": "1980-00-00 00:00:00", "filename": "res/drawable-xxhdpi-v4/abc_btn_check_to_on_mtrl_000.png", "sha256": "18620c151330289bba196c1cc1e2699f98061a35be3551876296a8c4d592ba17", "type": "PNG", "size": 307}, {"detection_ratio": [0, 69], "datetime": "1980-00-00 00:00:00", "filename": "res/drawable-hdpi-v4/umeng_update_close_bg_tap.png", "sha256": "711b35c6f92e76d628e0680511e000f39acbec0ec98c97d9d1b8600e403ba8ea", "type": "PNG", "size": 869}, {"detection_ratio": [0, 73], "datetime": "1980-00-00 00:00:00", "filename": "res/drawable-xhdpi-v4/abc_ic_menu_selectall_mtrl_alpha.png", "sha256": "ee488c63592ff9f23e0e95db62c53a33a5436563c2355278ea8f61d75550671e", "type": "PNG", "size": 183}, {"detection_ratio": [0, 75], "datetime": "2021-04-04 18:00:06", "filename": "res/drawable-v21/abc_ratingbar_small_material.xml", "sha256": "06b3c5399dcec114c33314f80ef3b06909d88b4e42553b85559c39f0d5e6e0a5", "type": "XML", "size": 712}, {"detection_ratio": [0, 73], "datetime": "1980-00-00 00:00:00", "filename": "res/drawable-xxxhdpi-v4/abc_btn_switch_to_on_mtrl_00001.9.png", "sha256": "079843966864bf4099457cb72f1febe7c57bb5a70bf0f544a9169a078b7a5b01", "type": "PNG", "size": 3524}, {"detection_ratio": [0, 75], "datetime": "2021-04-04 18:00:06", "filename": "res/color-v23/design_tint_password_toggle.xml", "sha256": "efb23d0b879d338bd81344c0ebc66c9baa06bde03295e52db1626d4d1415777f", "type": "XML", "size": 380}], "uncompressed_size": 45320788}}, "size": 20353542, "authentihash": null, "times_submitted": 1, "harmless_votes": 0, "malicious_votes": 0, "sha256": "1d31ebd9040dc44c0dfc38f5e39052270aa7e8302b94989a1a7a4acfadaea0a1", "type": "Android", "scans": {"Bkav": {"detected": false, "version": "1.3.0.9899", "result": null, "update": "20211102"}, "Lionic": {"detected": true, "version": "4.2", "result": "Adware.AndroidOS.Ewind.A!c", "update": "20211103"}, "Elastic": {"detected": false, "version": "4.0.29", "result": null, "update": "20211005"}, "Cynet": {"detected": true, "version": "4.0.0.27", "result": "Malicious (score: 99)", "update": "20211103"}, "CMC": {"detected": false, "version": "2.10.2019.1", "result": null, "update": "20211026"}, "CAT-QuickHeal": {"detected": true, "version": "14.00", "result": "Android.Agent.GEN10334 (PUP)", "update": "20211103"}, "McAfee": {"detected": true, "version": "6.0.6.653", "result": "Artemis!05906BBF77A9", "update": "20211103"}, "ALYac": {"detected": false, "version": "1.1.3.1", "result": null, "update": "20211103"}, "Malwarebytes": {"detected": false, "version": "4.2.2.27", "result": null, "update": "20211103"}, "VIPRE": {"detected": false, "version": "96678", "result": null, "update": "20211103"}, "Sangfor": {"detected": false, "version": "2.9.0.0", "result": null, "update": "20210930"}, "K7AntiVirus": {"detected": false, "version": "11.225.39131", "result": null, "update": "20211103"}, "Alibaba": {"detected": false, "version": "0.3.0.5", "result": null, "update": "20190527"}, "K7GW": {"detected": true, "version": "11.225.39131", "result": "Adware ( 0052c0941 )", "update": "20211103"}, "Trustlook": {"detected": false, "version": "1.0", "result": null, "update": "20211103"}, "Arcabit": {"detected": false, "version": "1.0.0.886", "result": null, "update": "20211103"}, "Baidu": {"detected": false, "version": "1.0.0.2", "result": null, "update": "20190318"}, "Cyren": {"detected": true, "version": "6.3.0.2", "result": "AndroidOS/Trojan.EZHN-6", "update": "20211103"}, "SymantecMobileInsight": {"detected": true, "version": "2.0", "result": "Other:Android.Reputation.2", "update": "20210126"}, "Symantec": {"detected": false, "version": "1.16.0.0", "result": null, "update": "20211103"}, "ESET-NOD32": {"detected": true, "version": "24229", "result": "multiple detections", "update": "20211103"}, "TrendMicro-HouseCall": {"detected": false, "version": "10.0.0.1040", "result": null, "update": "20211101"}, "Avast": {"detected": false, "version": "21.1.5827.0", "result": null, "update": "20211103"}, "ClamAV": {"detected": false, "version": "0.104.0.0", "result": null, "update": "20211102"}, "Kaspersky": {"detected": true, "version": "21.0.1.45", "result": "not-a-virus:HEUR:AdWare.AndroidOS.Ewind.hz", "update": "20211103"}, "BitDefender": {"detected": false, "version": "7.2", "result": null, "update": "20211103"}, "NANO-Antivirus": {"detected": true, "version": "1.0.146.25370", "result": "Riskware.Android.Ewind.izssfn", "update": "20211103"}, "SUPERAntiSpyware": {"detected": false, "version": "5.6.0.1032", "result": null, "update": "20211030"}, "MicroWorld-eScan": {"detected": false, "version": "14.0.409.0", "result": null, "update": "20211103"}, "Rising": {"detected": false, "version": "25.0.0.26", "result": null, "update": "20211103"}, "Ad-Aware": {"detected": false, "version": "3.0.21.193", "result": null, "update": "20211103"}, "Emsisoft": {"detected": false, "version": "2021.5.0.7597", "result": null, "update": "20211103"}, "Comodo": {"detected": false, "version": "34044", "result": null, "update": "20211102"}, "F-Secure": {"detected": false, "version": "12.0.86.52", "result": null, "update": "20211103"}, "DrWeb": {"detected": true, "version": "7.0.52.8270", "result": "Tool.VirtualApk.1.origin", "update": "20211103"}, "Zillya": {"detected": false, "version": "2.0.0.4487", "result": null, "update": "20211102"}, "TrendMicro": {"detected": false, "version": "11.0.0.1006", "result": null, "update": "20211103"}, "McAfee-GW-Edition": {"detected": true, "version": "v2019.1.2+3728", "result": "Artemis", "update": "20211102"}, "FireEye": {"detected": false, "version": "32.44.1.0", "result": null, "update": "20211103"}, "Sophos": {"detected": false, "version": "1.4.1.0", "result": null, "update": "20211103"}, "Ikarus": {"detected": true, "version": "0.1.5.2", "result": "Trojan.AndroidOS.Loki", "update": "20211102"}, "Avast-Mobile": {"detected": true, "version": "211102-00", "result": "Android:Evo-gen [Trj]", "update": "20211102"}, "Jiangmin": {"detected": false, "version": "16.0.100", "result": null, "update": "20211102"}, "Avira": {"detected": true, "version": "8.3.3.12", "result": "ADWARE/ANDR.Agent.FJUB.Gen", "update": "20211103"}, "Antiy-AVL": {"detected": true, "version": "3.0.0.1", "result": "Trojan/Generic.ASMalwAD.148", "update": "20211103"}, "Kingsoft": {"detected": false, "version": "2017.9.26.565", "result": null, "update": "20211103"}, "Gridinsoft": {"detected": false, "version": "1.0.60.158", "result": null, "update": "20211103"}, "Microsoft": {"detected": true, "version": "1.1.18700.4", "result": "Program:AndroidOS/Multiverze", "update": "20211103"}, "ViRobot": {"detected": false, "version": "2014.3.20.0", "result": null, "update": "20211103"}, "ZoneAlarm": {"detected": false, "version": "1.0", "result": null, "update": "20211102"}, "GData": {"detected": false, "version": "A:25.31229B:27.25015", "result": null, "update": "20211103"}, "BitDefenderFalx": {"detected": true, "version": "2.0.936", "result": "Android.Riskware.Agent.CUH", "update": "20210610"}, "AhnLab-V3": {"detected": true, "version": "3.21.1.10219", "result": "PUP/Android.Agent.560036", "update": "20211103"}, "BitDefenderTheta": {"detected": false, "version": "7.2.37796.0", "result": null, "update": "20211021"}, "TACHYON": {"detected": false, "version": "2021-11-03.02", "result": null, "update": "20211103"}, "VBA32": {"detected": false, "version": "5.0.0", "result": null, "update": "20211102"}, "Zoner": {"detected": false, "version": "0.0.0.0", "result": null, "update": "20211102"}, "Tencent": {"detected": true, "version": "1.0.0.1", "result": "a.gray.plugingame", "update": "20211103"}, "Yandex": {"detected": false, "version": "5.5.2.24", "result": null, "update": "20211103"}, "MAX": {"detected": false, "version": "2019.9.16.1", "result": null, "update": "20211103"}, "MaxSecure": {"detected": true, "version": "1.0.0.1", "result": "Android.smsthief.es", "update": "20211102"}, "Fortinet": {"detected": true, "version": "6.2.142.0", "result": "Adware/Ewind!Android", "update": "20211103"}, "Panda": {"detected": false, "version": "4.6.4.2", "result": null, "update": "20211102"}}, "tags": ["apk", "android", "contains-elf"], "scan_id": "1d31ebd9040dc44c0dfc38f5e39052270aa7e8302b94989a1a7a4acfadaea0a1-1635927400", "unique_sources": 1, "positives": 22, "ssdeep": "393216:zgmp09CTrHqa1RzEiNtxsTWkNuq1Kb0T/Yo3KyU0QTSOBj0qIEcxAzLpNQOFg6Za:zgmpIKrHxzzEOxgpN56I60anBj577538", "md5": "99fb64d86ca6df9958664ab60cfe0002", "permalink": "https://www.virustotal.com/gui/file/1d31ebd9040dc44c0dfc38f5e39052270aa7e8302b94989a1a7a4acfadaea0a1/detection/f-1d31ebd9040dc44c0dfc38f5e39052270aa7e8302b94989a1a7a4acfadaea0a1-1635927400", "sha1": "fcf68dddb18a00f123fca9a06daaf9e6e176cbe3", "submission": {"submitter_region": "on", "date": "2021-11-03 08:16:40", "submitter_country": "CA", "filename": "99fb64d86ca6df9958664ab60cfe0002.virus"}, "response_code": 1, "community_reputation": 0, "verbose_msg": "Scan finished, information embedded", "ITW_urls": [], "last_seen": "2021-11-03 08:16:40"}