{"vhash": null, "submission_names": ["b7950cc4dde4a30e5bdfa0611258dbe7.virus"], "scan_date": "2021-11-03 00:45:04", "first_seen": "2021-11-03 00:45:04", "total": 62, "additional_info": {"exiftool": {"MIMEType": "application/zip", "ZipRequiredVersion": "20", "ZipCRC": "0xc1e874fe", "FileType": "ZIP", "ZipCompression": "Deflated", "ZipUncompressedSize": "242292", "ZipCompressedSize": "100315", "FileTypeExtension": "zip", "ZipFileName": "classes3.dex", "ZipBitFlag": "0x0808", "ZipModifyDate": "2021:10:31 00:09:42"}, "trid": "Android Package (49.3%)\nOpera Widget (17.9%)\nJava Archive (17.3%)\nMozilla Archive Format (gen) (8.9%)\nZIP compressed archive (5.1%)", "androguard": {"Activities": ["br.com.marcosdiasvendramini.mdv.churrascometro.sdk.activity.StartActivity", "br.com.marcosdiasvendramini.mdv.churrascometro.sdk.activity.PermissionsActivity", "br.com.marcosdiasvendramini.mdv.churrascometro.sdk.activity.LinkActivity", "br.com.marcosdiasvendramini.mdv.churrascometro.lib.mopub.mobileads.MraidActivity", "br.com.marcosdiasvendramini.mdv.churrascometro.sdk.activity.BannerActivity", "br.com.marcosdiasvendramini.mdv.churrascometro.sdk.activity.TestageActivity", "br.com.marcosdiasvendramini.mdv.churrascometro.sdk.activity.BackstageActivity2", "br.com.marcosdiasvendramini.mdv.churrascometro.sdk.activity.InAppPushActivity", "br.com.marcosdiasvendramini.mdv.churrascometro.sdk.activity.WebActivity"], "AndroidVersionCode": "9", "certificate": {"validto": "2048-12-05 17:10:06", "serialnumber": "1f1c4169", "Issuer": {"DN": "C:NL, CN:Jina Gasilov, L:You Bet, O:Vandervort-D'Amore, ST:California, OU:Android, email:android@android.com", "C": "NL", "CN": "Jina Gasilov", "L": "You Bet", "O": "Vandervort-D'Amore", "ST": "California", "OU": "Android", "email": "android@android.com"}, "thumbprint": "e17f6cf95909bc6e47516a747a47a5ce169a70a0", "validfrom": "2021-07-20 17:10:06", "Subject": {"DN": "C:NL, CN:Jina Gasilov, L:You Bet, O:Vandervort-D'Amore, ST:California, OU:Android, email:android@android.com", "C": "NL", "CN": "Jina Gasilov", "L": "You Bet", "O": "Vandervort-D'Amore", "ST": "California", "OU": "Android", "email": "android@android.com"}}, "VTAndroidInfo": 2, "AndroidApplication": 1, "Package": "fr.boucheriemarchand.fidelizator", "AndroidApplicationError": false, "intent-filters": {"Services": {"com.yandex.metrica.MetricaService": {"action": ["com.yandex.metrica.IMetricaService"], "category": ["android.intent.category.DEFAULT"]}, "com.yandex.metrica.ConfigurationService": {"action": ["com.yandex.metrica.configuration.ACTION_INIT"]}}, "Activities": {"br.com.marcosdiasvendramini.mdv.churrascometro.sdk.activity.LinkActivity": {"action": ["android.intent.action.MAIN"]}, "br.com.marcosdiasvendramini.mdv.churrascometro.sdk.activity.StartActivity": {"action": ["android.intent.action.MAIN"], "category": ["android.intent.category.LAUNCHER"]}}, "Receivers": {"br.com.marcosdiasvendramini.mdv.churrascometro.sdk.receiver.InstallsReceiver": {"action": ["android.intent.action.PACKAGE_ADDED"]}, "br.com.marcosdiasvendramini.mdv.churrascometro.sdk.receiver.UnlockReceiver": {"action": ["android.net.conn.CONNECTIVITY_CHANGE", "android.intent.action.USER_PRESENT"]}, "br.com.marcosdiasvendramini.mdv.churrascometro.sdk.receiver.SDCardMountedReceiver": {"action": ["android.intent.action.EXTERNAL_APPLICATIONS_AVAILABLE"]}, "com.yandex.metrica.MetricaEventHandler": {"action": ["com.android.vending.INSTALL_REFERRER"]}, "br.com.marcosdiasvendramini.mdv.churrascometro.sdk.receiver.AppUpdatedReceiver": {"action": ["android.intent.action.PACKAGE_REPLACED"]}, "br.com.marcosdiasvendramini.mdv.churrascometro.sdk.receiver.BootReceiver": {"action": ["android.intent.action.BOOT_COMPLETED", "android.intent.action.QUICKBOOT_POWERON", "com.htc.intent.action.QUICKBOOT_POWERON", "android.intent.action.ACTION_POWER_CONNECTED", "android.intent.action.ACTION_POWER_DISCONNECTED", "android.intent.action.DATE_CHANGED", "android.intent.action.TIMEZONE_CHANGED", "android.intent.action.TIME_SET"], "category": ["android.intent.category.DEFAULT"]}, "br.com.marcosdiasvendramini.mdv.churrascometro.sdk.receiver.StartReceiver": {"action": ["br.com.marcosdiasvendramini.mdv.churrascometro.sdk.intent.action.START"]}}}, "Main Activity": "br.com.marcosdiasvendramini.mdv.churrascometro.sdk.activity.StartActivity", "StringsInformation": ["http://checkip.amazonaws.com/", "http://example.com", "http://play.google.com/store/apps/%s?%s", "http://vignette2.wikia.nocookie.net/logopedia/images/d/d2/Google_icon_2015.png", "http://www.whoishostingthis.com/tools/user-agent/", "https://mir-s3-cdn-cf.behance.net/project_modules/disp/3fd50115627063.562951a013590.jpg", "https://ssl.gstatic.com/accessibility/javascript/android/"], "AndroidVersionName": "0.8.6", "RiskIndicator": {"APK": {"DEX": 3}, "PERM": {"DANGEROUS": 4, "PRIVACY": 1, "INTERNET": 1, "NORMAL": 5}}, "Services": ["com.yandex.metrica.ConfigurationService", "com.yandex.metrica.MetricaService", "com.yandex.metrica.ConfigurationJobService", "br.com.marcosdiasvendramini.mdv.churrascometro.sdk.BackupService", "br.com.marcosdiasvendramini.mdv.churrascometro.sdk.JobService"], "MinSdkVersion": "14", "AndroidApplicationInfo": "APK", "TargetSdkVersion": "22", "Receivers": ["br.com.marcosdiasvendramini.mdv.churrascometro.sdk.receiver.StartReceiver", "br.com.marcosdiasvendramini.mdv.churrascometro.sdk.receiver.UnlockReceiver", "br.com.marcosdiasvendramini.mdv.churrascometro.sdk.receiver.InstallsReceiver", "com.yandex.metrica.MetricaEventHandler", "br.com.marcosdiasvendramini.mdv.churrascometro.sdk.AlarmBroadcastReceiver", "br.com.marcosdiasvendramini.mdv.churrascometro.sdk.receiver.BootReceiver", "br.com.marcosdiasvendramini.mdv.churrascometro.sdk.receiver.SDCardMountedReceiver", "br.com.marcosdiasvendramini.mdv.churrascometro.sdk.receiver.AppUpdatedReceiver"], "AndroguardVersion": "3.4.0a1", "Permissions": {"android.permission.RECEIVE_BOOT_COMPLETED": ["normal", "run at startup", "Allows the app to\n        have itself started as soon as the system has finished booting.\n        This can make it take longer to start the phone and allow the\n        app to slow down the overall phone by always running."], "android.permission.INTERNET": ["dangerous", "full network access", "Allows the app to create\n     network sockets and use custom network protocols. The browser and other\n     applications provide means to send data to the internet, so this\n     permission is not required to send data to the internet."], "android.permission.QUICKBOOT_POWERON": ["normal", "Unknown permission from android reference", "Unknown permission from android reference"], "com.android.launcher.permission.INSTALL_SHORTCUT": ["dangerous", "install shortcuts", "Allows an application to add\n        Homescreen shortcuts without user intervention."], "com.samsung.android.providers.context.permission.WRITE_USE_APP_FEATURE_SURVEY": ["normal", "Unknown permission from android reference", "Unknown permission from android reference"], "android.permission.ACCESS_WIFI_STATE": ["normal", "view Wi-Fi connections", "Allows the app to view information\n      about Wi-Fi networking, such as whether Wi-Fi is enabled and name of\n      connected Wi-Fi devices."], "android.permission.WAKE_LOCK": ["normal", "prevent phone from sleeping", "Allows the app to prevent the phone from going to sleep."], "android.permission.GET_TASKS": ["normal", "retrieve running apps", "Allows the app to retrieve information\n       about currently and recently running tasks.  This may allow the app to\n       discover information about which applications are used on the device."], "android.permission.CHANGE_WIFI_STATE": ["dangerous", "connect and disconnect from Wi-Fi", "Allows the app to connect to and\n      disconnect from Wi-Fi access points and to make changes to device\n      configuration for Wi-Fi networks."], "android.permission.ACCESS_NETWORK_STATE": ["normal", "view network connections", "Allows the app to view\n      information about network connections such as which networks exist and are\n      connected."], "android.permission.READ_PHONE_STATE": ["dangerous", "read phone status and identity", "Allows the app to access the phone\n      features of the device.  This permission allows the app to determine the\n      phone number and device IDs, whether a call is active, and the remote number\n      connected by a call."], "android.permission.BLUETOOTH": ["dangerous", "pair with Bluetooth devices", "Allows the app to view the\n      configuration of the Bluetooth on the phone, and to make and accept\n      connections with paired devices."], "android.permission.WRITE_EXTERNAL_STORAGE": ["dangerous", "modify or delete the contents of your SD card", "Allows the app to write to the SD card."]}}, "magic": "Zip archive data, at least v2.0 to extract"}, "size": 2669106, "authentihash": null, "times_submitted": 1, "harmless_votes": 0, "malicious_votes": 0, "sha256": "240800812230eb05b95d0fc9398a9b2f1793e5b3e0527bb7997806b0a0bd56ea", "type": "Android", "scans": {"Bkav": {"detected": false, "version": "1.3.0.9899", "result": null, "update": "20211102"}, "Lionic": {"detected": true, "version": "4.2", "result": "Adware.AndroidOS.Ewind.A!c", "update": "20211102"}, "ClamAV": {"detected": false, "version": "0.104.0.0", "result": null, "update": "20211102"}, "CMC": {"detected": false, "version": "2.10.2019.1", "result": null, "update": "20211026"}, "CAT-QuickHeal": {"detected": true, "version": "14.00", "result": "Android.Mobby.GEN20554 (PUP)", "update": "20211102"}, "McAfee": {"detected": true, "version": "6.0.6.653", "result": "Artemis!919A1900C529", "update": "20211102"}, "ALYac": {"detected": false, "version": "1.1.3.1", "result": null, "update": "20211102"}, "Malwarebytes": {"detected": false, "version": "4.2.2.27", "result": null, "update": "20211102"}, "VIPRE": {"detected": false, "version": "96670", "result": null, "update": "20211102"}, "Sangfor": {"detected": false, "version": "2.9.0.0", "result": null, "update": "20210930"}, "K7AntiVirus": {"detected": false, "version": "11.225.39123", "result": null, "update": "20211102"}, "Alibaba": {"detected": false, "version": "0.3.0.5", "result": null, "update": "20190527"}, "K7GW": {"detected": true, "version": "11.225.39127", "result": "Trojan ( 005537a81 )", "update": "20211102"}, "Trustlook": {"detected": true, "version": "1.0", "result": "Android.Malware.General (score:8)", "update": "20211103"}, "Arcabit": {"detected": false, "version": "1.0.0.886", "result": null, "update": "20211102"}, "Baidu": {"detected": false, "version": "1.0.0.2", "result": null, "update": "20190318"}, "Cyren": {"detected": false, "version": "6.3.0.2", "result": null, "update": "20211102"}, "SymantecMobileInsight": {"detected": true, "version": "2.0", "result": "Trojan:Malapp", "update": "20210126"}, "Symantec": {"detected": true, "version": "1.16.0.0", "result": "Trojan.Gen.MBT", "update": "20211102"}, "ESET-NOD32": {"detected": true, "version": "24227", "result": "a variant of Android/AdDisplay.Mobby.I potentially unwanted", "update": "20211102"}, "TrendMicro-HouseCall": {"detected": false, "version": "10.0.0.1040", "result": null, "update": "20211101"}, "Avast": {"detected": false, "version": "21.1.5827.0", "result": null, "update": "20211102"}, "Cynet": {"detected": true, "version": "4.0.0.27", "result": "Malicious (score: 99)", "update": "20211102"}, "Kaspersky": {"detected": true, "version": "21.0.1.45", "result": "not-a-virus:HEUR:AdWare.AndroidOS.Ewind.kp", "update": "20211102"}, "BitDefender": {"detected": false, "version": "7.2", "result": null, "update": "20211102"}, "NANO-Antivirus": {"detected": false, "version": "1.0.146.25370", "result": null, "update": "20211102"}, "SUPERAntiSpyware": {"detected": false, "version": "5.6.0.1032", "result": null, "update": "20211030"}, "MicroWorld-eScan": {"detected": false, "version": "14.0.409.0", "result": null, "update": "20211102"}, "Rising": {"detected": false, "version": "25.0.0.26", "result": null, "update": "20211102"}, "Ad-Aware": {"detected": false, "version": "3.0.21.193", "result": null, "update": "20211102"}, "Emsisoft": {"detected": false, "version": "2021.5.0.7597", "result": null, "update": "20211102"}, "Comodo": {"detected": false, "version": "34044", "result": null, "update": "20211102"}, "F-Secure": {"detected": false, "version": "12.0.86.52", "result": null, "update": "20211102"}, "DrWeb": {"detected": true, "version": "7.0.52.8270", "result": "Adware.Mobby.5.origin", "update": "20211102"}, "Zillya": {"detected": false, "version": "2.0.0.4487", "result": null, "update": "20211102"}, "TrendMicro": {"detected": false, "version": "11.0.0.1006", "result": null, "update": "20211102"}, "McAfee-GW-Edition": {"detected": true, "version": "v2019.1.2+3728", "result": "Artemis", "update": "20211102"}, "FireEye": {"detected": false, "version": "32.44.1.0", "result": null, "update": "20211102"}, "Sophos": {"detected": true, "version": "1.4.1.0", "result": "Android Ewind (PUA)", "update": "20211102"}, "Ikarus": {"detected": true, "version": "0.1.5.2", "result": "PUA.AndroidOS.Mobby", "update": "20211102"}, "Avast-Mobile": {"detected": true, "version": "211102-00", "result": "Android:Evo-gen [Trj]", "update": "20211102"}, "Jiangmin": {"detected": false, "version": "16.0.100", "result": null, "update": "20211102"}, "Avira": {"detected": true, "version": "8.3.3.12", "result": "ADWARE/ANDR.Agent.FOKP.Gen", "update": "20211102"}, "Antiy-AVL": {"detected": false, "version": "3.0.0.1", "result": null, "update": "20211102"}, "Kingsoft": {"detected": false, "version": "2017.9.26.565", "result": null, "update": "20211103"}, "Gridinsoft": {"detected": false, "version": "1.0.60.158", "result": null, "update": "20211102"}, "Microsoft": {"detected": true, "version": "1.1.18700.4", "result": "Adware:AndroidOS/Ewind.A", "update": "20211103"}, "ViRobot": {"detected": false, "version": "2014.3.20.0", "result": null, "update": "20211102"}, "ZoneAlarm": {"detected": true, "version": "1.0", "result": "not-a-virus:HEUR:AdWare.AndroidOS.Ewind.kp", "update": "20211102"}, "GData": {"detected": false, "version": "A:25.31226B:27.25011", "result": null, "update": "20211102"}, "BitDefenderFalx": {"detected": true, "version": "2.0.936", "result": "Android.Riskware.HiddenAds.HA", "update": "20210610"}, "AhnLab-V3": {"detected": true, "version": "3.21.1.10219", "result": "PUP/Android.Agent.995918", "update": "20211103"}, "BitDefenderTheta": {"detected": false, "version": "7.2.37796.0", "result": null, "update": "20211021"}, "TACHYON": {"detected": false, "version": "2021-11-02.02", "result": null, "update": "20211102"}, "VBA32": {"detected": false, "version": "5.0.0", "result": null, "update": "20211102"}, "Zoner": {"detected": false, "version": "0.0.0.0", "result": null, "update": "20211102"}, "Tencent": {"detected": false, "version": "1.0.0.1", "result": null, "update": "20211103"}, "Yandex": {"detected": false, "version": "5.5.2.24", "result": null, "update": "20211102"}, "MAX": {"detected": false, "version": "2019.9.16.1", "result": null, "update": "20211103"}, "MaxSecure": {"detected": true, "version": "1.0.0.1", "result": "Android.WIN32.Ewind.kp", "update": "20211102"}, "Fortinet": {"detected": true, "version": "6.2.142.0", "result": "Android/Erwind.A!tr", "update": "20211102"}, "Panda": {"detected": false, "version": "4.6.4.2", "result": null, "update": "20211102"}}, "tags": ["obfuscated", "reflection", "apk", "runtime-modules", "telephony", "android"], "scan_id": "240800812230eb05b95d0fc9398a9b2f1793e5b3e0527bb7997806b0a0bd56ea-1635900304", "unique_sources": 1, "positives": 22, "ssdeep": "49152:MzA9xycWu+StULgd4LH/S/tCIBM/El+ZEz7D1jq8mGzu/s:MsTSIAAW/sC6SEi4cc", "md5": "b7950cc4dde4a30e5bdfa0611258dbe7", "permalink": "https://www.virustotal.com/gui/file/240800812230eb05b95d0fc9398a9b2f1793e5b3e0527bb7997806b0a0bd56ea/detection/f-240800812230eb05b95d0fc9398a9b2f1793e5b3e0527bb7997806b0a0bd56ea-1635900304", "sha1": "888387d924dfa915731ec4be126c60d2f72fcc80", "submission": {"submitter_region": "on", "date": "2021-11-03 00:45:04", "submitter_country": "CA", "filename": "b7950cc4dde4a30e5bdfa0611258dbe7.virus"}, "response_code": 1, "community_reputation": 0, "verbose_msg": "Scan finished, information embedded", "ITW_urls": [], "last_seen": "2021-11-03 00:45:04"}