{"vhash": "daae1b1a1c26c972be4f3c18cdd0f0ef", "submission_names": ["/vdepot3/apk/87/B3/87B3BBAB81D3B683A8027E2E8E1EBCAB"], "scan_date": "2021-11-03 07:40:00", "first_seen": "2021-01-16 23:49:02", "total": 63, "additional_info": {"magic": "Zip archive data, at least v2.0 to extract", "sigcheck": {}, "exiftool": {"MIMEType": "application/zip", "ZipRequiredVersion": "20", "ZipCRC": "0x3cf81dc2", "FileType": "ZIP", "ZipCompression": "Deflated", "ZipUncompressedSize": "7920", "ZipCompressedSize": "2996", "FileTypeExtension": "zip", "ZipFileName": "AndroidManifest.xml", "ZipBitFlag": "0", "ZipModifyDate": "2020:10:19 00:48:00"}, "trid": "Android Package (57.0%)\nJava Archive (20.0%)\nSweet Home 3D design (generic) (15.5%)\nZIP compressed archive (5.9%)\nPrintFox/Pagefox bitmap (640x800) (1.4%)", "positives_delta": 0, "compressedview": {"highest_datetime": "2020-10-19 07:04:22", "lowest_datetime": "1980-01-01 00:00:00", "num_children": 564, "extensions": {"dex": 5, "xml": 271, "MF": 1, "RSA": 1, "SF": 1, "ttf": 7, "png": 277}, "file_types": {"DEX": 5, "XML": 271, "PNG": 277, "unknown": 11}, "type": "APK", "children": [{"datetime": "2020-10-19 00:48:00", "sha256": "1a1accb3e66ce60fc65954dcbac859f5435b62e42dba19e17162ce43ff92f56a", "type": "XML", "filename": "AndroidManifest.xml", "size": 7920}, {"detection_ratio": [0, 74], "datetime": "2020-10-19 07:04:22", "filename": "assets/MaterialIcons-Regular.ttf", "sha256": "b7f4a3ab562048f28dd1fa691601bc43363a61d0f876d16d8316c52e4f32d696", "type": "unknown", "size": 128180}, {"detection_ratio": [0, 74], "datetime": "2020-10-19 07:04:22", "filename": "assets/Roboto-Regular.ttf", "sha256": "bde8a188e37aa936b167aecc5e5a3da40262f6e51fd54c584f2cf2b6b99d96ca", "type": "unknown", "size": 126072}, {"detection_ratio": [0, 72], "datetime": "2020-10-19 07:04:22", "filename": "assets/Roboto-Thin.ttf", "sha256": "db1d464343bf795307bc90da83d65b93c841fb20f38662f92f1e5e2c5a1d2ec5", "type": "unknown", "size": 127584}, {"datetime": "1980-01-01 00:00:00", "sha256": "63ab0e72955fe524284a0599b5d42aff8d3582da4d6cd9759277bce825ab779f", "type": "PNG", "filename": "assets/bttn.png", "size": 14355}, {"datetime": "1980-01-01 00:00:00", "sha256": "a546a417c23e464eefcd218d4687436ad351e6be50684d6bb749ce7f46db67fd", "type": "PNG", "filename": "assets/bttnyellow.png", "size": 13804}, {"detection_ratio": [0, 74], "datetime": "2020-10-19 07:04:22", "filename": "assets/fa-brands-400.ttf", "sha256": "f94d74a2aef4d1aa0452e31bd753b1f8b382a32b486326bbea53829836f25e97", "type": "unknown", "size": 130600}, {"detection_ratio": [0, 75], "datetime": "2020-10-19 07:04:22", "filename": "assets/fa-regular-400.ttf", "sha256": "b3407271d77fd2efc74a6b18f7a7202ad67af2f3bcfb69d337302807100856bc", "type": "unknown", "size": 34096}, {"detection_ratio": [0, 72], "datetime": "2020-10-19 07:04:22", "filename": "assets/fa-solid-900.ttf", "sha256": "f30631651feb161ea36ca580ea4921d8153af7793e6e4eff9e58ffc22838e3f3", "type": "unknown", "size": 192472}, {"detection_ratio": [0, 73], "datetime": "2020-10-19 07:04:22", "filename": "assets/fontawesome-webfont.ttf", "sha256": "aa58f33f239a0fb02f5c7a6c45c043d7a9ac9a093335806694ecd6d4edc0d6a8", "type": "unknown", "size": 165548}, {"datetime": "1980-01-01 00:00:00", "sha256": "48b2f207b2348038424697b880a332a7622c0989d07225b80ec41f894d618818", "type": "PNG", "filename": "assets/icon.png", "size": 85190}, {"datetime": "1980-01-01 00:00:00", "sha256": "e709052a8cf249863ddb061764b1da8d25d88d081d048de57023ba5c71bd0179", "type": "PNG", "filename": "assets/pro.png", "size": 29678}, {"datetime": "1980-01-01 00:00:00", "sha256": "bda2f3a45711c237618f6a587189320a4e8c855b316cf69542da296aeca6f890", "type": "PNG", "filename": "assets/qr.png", "size": 3716}, {"datetime": "1980-01-01 00:00:00", "sha256": "25fce6c090f0c6107d71347c3dda4e06ba4d9e623068bfb5738ebad7d50fb9db", "type": "PNG", "filename": "assets/tap.png", "size": 57353}, {"detection_ratio": [10, 74], "datetime": "2020-10-19 07:04:18", "filename": "classes.dex", "sha256": "267b2003c727ca100204e2473f1643789bed1a3e1f46bbee17e1357fcaa7d2ad", "type": "DEX", "size": 9949068}, {"detection_ratio": [0, 75], "datetime": "2020-10-19 07:04:18", "filename": "classes2.dex", "sha256": "128a1399d26614a2180eed869bff875e9032f3ec3d536768cf320644f8a49201", "type": "DEX", "size": 582568}, {"detection_ratio": [0, 76], "datetime": "2020-10-19 07:04:18", "filename": "classes3.dex", "sha256": "9c2801c8d99ad7bb172cbb5fc8317842877095a925710bf929ad71c5336481f4", "type": "DEX", "size": 20644}, {"detection_ratio": [0, 74], "datetime": "2020-10-19 07:04:18", "filename": "classes4.dex", "sha256": "a780d60d584c990143e546fffd975f4a78c2559fecdf51f1d42cac0d44b440b8", "type": "DEX", "size": 1215944}, {"detection_ratio": [0, 75], "datetime": "2020-10-19 07:04:22", "filename": "classes5.dex", "sha256": "c9b9d03db705409b8864c42dc9c7b0cf96315021786dcc15a12fd704560c4673", "type": "DEX", "size": 2201908}, {"detection_ratio": [0, 75], "datetime": "2020-10-19 07:04:22", "filename": "res/anim-v21/design_bottom_sheet_slide_in.xml", "sha256": "95170be564b0ccb885a370a9b0bd9cef57b2d0d2ece8e56dd9b273d910c43536", "type": "XML", "size": 620}, {"detection_ratio": [0, 75], "datetime": "2020-10-19 07:04:22", "filename": "res/anim-v21/design_bottom_sheet_slide_out.xml", "sha256": "be8d34f98adf31a6c0f5d4b4187839c0b27cb52a262e3897d39fd9b7c001d560", "type": "XML", "size": 620}, {"detection_ratio": [0, 73], "datetime": "2020-10-19 07:04:22", "filename": "res/anim/abc_fade_in.xml", "sha256": "aac9596dcef2ac796b74f2c2b4c149e9a66b004e864b37e82270752c66b1234d", "type": "XML", "size": 396}, {"detection_ratio": [0, 73], "datetime": "2020-10-19 07:04:22", "filename": "res/anim/abc_fade_out.xml", "sha256": "b13a8275d8ff8077b29b8413c6809ca3ff05fc16698ac2564ffc3b3325cf8302", "type": "XML", "size": 396}, {"detection_ratio": [0, 75], "datetime": "2020-10-19 07:04:22", "filename": "res/anim/abc_grow_fade_in_from_bottom.xml", "sha256": "dc3e31b55452cbce3c6f65f5b48d2ee69ecb04fd284e38522e35261e4fef7e38", "type": "XML", "size": 860}, {"detection_ratio": [0, 75], "datetime": "2020-10-19 07:04:22", "filename": "res/anim/abc_popup_enter.xml", "sha256": "e2afd16b63a5b732c48b7e542bd22d46e007c22a61f58a3cc0600233ce4201c1", "type": "XML", "size": 512}, {"detection_ratio": [0, 73], "datetime": "2020-10-19 07:04:22", "filename": "res/anim/abc_popup_exit.xml", "sha256": "ee7eca88a8fe8023ccb8aff577eeeadb7e13a7591a2b0a68fc74764864bc6cb9", "type": "XML", "size": 512}, {"detection_ratio": [0, 75], "datetime": "2020-10-19 07:04:22", "filename": "res/anim/abc_shrink_fade_out_from_bottom.xml", "sha256": "0ea1afe0389771e28cde48b0e63bb75aad8d724edea85394f9021bb4e805887f", "type": "XML", "size": 860}, {"detection_ratio": [0, 71], "datetime": "2020-10-19 07:04:22", "filename": "res/anim/abc_slide_in_bottom.xml", "sha256": "18a752f91c63b61542bd743fab11657ccb0e11df795410c9cbb7b23b94651335", "type": "XML", "size": 400}, {"detection_ratio": [0, 73], "datetime": "2020-10-19 07:04:22", "filename": "res/anim/abc_slide_in_top.xml", "sha256": "05cc140039277e0a2299e4d1650ee39f7d12ff5e09cecf84067c9f2f340ecd06", "type": "XML", "size": 400}, {"detection_ratio": [0, 72], "datetime": "2020-10-19 07:04:22", "filename": "res/anim/abc_slide_out_bottom.xml", "sha256": "e33c8ff0e038ba561eac7101963096094d58b5f1a748c1067bad5290328148df", "type": "XML", "size": 400}, {"detection_ratio": [0, 71], "datetime": "2020-10-19 07:04:22", "filename": "res/anim/abc_slide_out_top.xml", "sha256": "2f5ba7fce4651ca8fcf598e8bb6df46b4d32912606c5d20a39de9b0554971105", "type": "XML", "size": 400}, {"detection_ratio": [0, 75], "datetime": "2020-10-19 07:04:22", "filename": "res/anim/abc_tooltip_enter.xml", "sha256": "ee6feea1a7daf074de3518febbf0cea38911014e5304a3a6c99461f28633d0dd", "type": "XML", "size": 396}, {"detection_ratio": [0, 71], "datetime": "2020-10-19 07:04:22", "filename": "res/anim/abc_tooltip_exit.xml", "sha256": "775d261db9d871269a414520e78914e24a645465191cd41c6fc8b44e89c805f2", "type": "XML", "size": 396}, {"detection_ratio": [0, 75], "datetime": "2020-10-19 07:04:22", "filename": "res/anim/design_bottom_sheet_slide_in.xml", "sha256": "3184530aae2594d5f77a53e9ab308b1ac44d71493366884f9629071470737436", "type": "XML", "size": 620}, {"detection_ratio": [0, 75], "datetime": "2020-10-19 07:04:22", "filename": "res/anim/design_bottom_sheet_slide_out.xml", "sha256": "3b35856162d9a42b25849a0fc21d4f171a90848e13aba039e15d688fba270a08", "type": "XML", "size": 620}, {"detection_ratio": [0, 73], "datetime": "2020-10-19 07:04:22", "filename": "res/anim/design_snackbar_in.xml", "sha256": "15b19973d58230704e843abf57e38f1ba4a144b46941a12146bfef1790db4cfc", "type": "XML", "size": 320}, {"detection_ratio": [0, 75], "datetime": "2020-10-19 07:04:22", "filename": "res/anim/design_snackbar_out.xml", "sha256": "7e0a1ff66d2b4742edaa05591a4946d7b252ad4be3f119d4a8ac610a744d8b1a", "type": "XML", "size": 320}, {"detection_ratio": [0, 74], "datetime": "2020-10-19 07:04:22", "filename": "res/anim/fadein.xml", "sha256": "22af6dccbd5b8a1f82038b846c257875f91be6a807166903dca9c37afcfa2e83", "type": "XML", "size": 352}, {"detection_ratio": [0, 73], "datetime": "2020-10-19 07:04:22", "filename": "res/anim/fadeout.xml", "sha256": "8436949aa8f4adf9bc4f23be445755022c8fa80e60a279144b4b22d98bc7a1b1", "type": "XML", "size": 352}, {"detection_ratio": [0, 74], "datetime": "2020-10-19 07:04:22", "filename": "res/anim/hold.xml", "sha256": "cc548529e89cb35078a59e68733d28ca9a0f8c094407ca7549c2ee95332313fb", "type": "XML", "size": 400}, {"detection_ratio": [0, 75], "datetime": "2020-10-19 07:04:22", "filename": "res/anim/slide_enter.xml", "sha256": "8ec2f4571e267538e31b0699989a4f58ecffe4358302b41a15bf8de8203540bc", "type": "XML", "size": 400}, {"detection_ratio": [0, 75], "datetime": "2020-10-19 07:04:22", "filename": "res/anim/slide_enter_reverse.xml", "sha256": "30c4aa277271d2c9be7e375a8b1a14d1a673fcf5935251da013678572cf70cdf", "type": "XML", "size": 400}, {"detection_ratio": [0, 75], "datetime": "2020-10-19 07:04:22", "filename": "res/anim/slide_exit.xml", "sha256": "01d30efb4a0ea3420685491d9b37adde75fed7488fcfd2d15af9bbac043ff6f6", "type": "XML", "size": 400}, {"detection_ratio": [0, 75], "datetime": "2020-10-19 07:04:22", "filename": "res/anim/slide_exit_reverse.xml", "sha256": "0348358734f5d4ccf40bca4c18d5923698b8f3c63cf981d613710af269db1b97", "type": "XML", "size": 400}, {"detection_ratio": [0, 74], "datetime": "2020-10-19 07:04:22", "filename": "res/anim/slide_v_enter.xml", "sha256": "8f412b0abc4defa44af21f3babed55a5f41b2adc775284997247040519276732", "type": "XML", "size": 400}, {"detection_ratio": [0, 75], "datetime": "2020-10-19 07:04:22", "filename": "res/anim/slide_v_enter_reverse.xml", "sha256": "f96ee2b27d891f697b58b062331e22d04869e4382869f0447d16b3984e95a953", "type": "XML", "size": 400}, {"detection_ratio": [0, 74], "datetime": "2020-10-19 07:04:22", "filename": "res/anim/slide_v_exit.xml", "sha256": "56c5da855ed86254811552f15d795cb585a9315e6b68ce3517a9234883cd7c9e", "type": "XML", "size": 400}, {"detection_ratio": [0, 75], "datetime": "2020-10-19 07:04:22", "filename": "res/anim/slide_v_exit_reverse.xml", "sha256": "24e1221277e072a9d414c7fdc597f34b795c95bcc10402a7a0ef11fe67905352", "type": "XML", "size": 400}, {"detection_ratio": [0, 74], "datetime": "2020-10-19 07:04:22", "filename": "res/anim/zoom_enter.xml", "sha256": "9ddb9e6e3f0f3e33abafe08ecb5f822a66ddcc181ba71850d56e234c5c050c4c", "type": "XML", "size": 620}, {"detection_ratio": [0, 75], "datetime": "2020-10-19 07:04:22", "filename": "res/anim/zoom_enter_reverse.xml", "sha256": "5a0a74df245f45b8896d20a2a6067f34c99ccbf28c0c6f817288cbe5e13d51a9", "type": "XML", "size": 620}, {"detection_ratio": [0, 75], "datetime": "2020-10-19 07:04:22", "filename": "res/anim/zoom_exit.xml", "sha256": "3d05a8488f6af3e3cbb23e9f0f19606238bbeb7679d7900dc4b64f9fa506129a", "type": "XML", "size": 832}, {"detection_ratio": [0, 75], "datetime": "2020-10-19 07:04:22", "filename": "res/anim/zoom_exit_reverse.xml", "sha256": "76577d7a4e5052f654a7f99b02a9fab15482b4cb9e09893caaeea6a47c0f4e9e", "type": "XML", "size": 832}, {"detection_ratio": [0, 76], "datetime": "2020-10-19 07:04:22", "filename": "res/animator-v21/design_appbar_state_list_animator.xml", "sha256": "732eb305fc76d7aec2ab8567d7c08485246ed4ac7326dfca36e7042c2b77935f", "type": "XML", "size": 1224}, {"detection_ratio": [0, 75], "datetime": "2020-10-19 07:04:22", "filename": "res/animator/design_fab_hide_motion_spec.xml", "sha256": "41df127448849496af0a3de39a75cd7a99d93b96f55bccb9e11c54b84b9a0c16", "type": "XML", "size": 804}, {"detection_ratio": [0, 75], "datetime": "2020-10-19 07:04:22", "filename": "res/animator/design_fab_show_motion_spec.xml", "sha256": "b109f9c3cbcd92c746e8d57b1c48bc32fce2fd4ddd666cd3f673186806e6cc52", "type": "XML", "size": 804}, {"detection_ratio": [0, 76], "datetime": "2020-10-19 07:04:22", "filename": "res/animator/mtrl_btn_state_list_anim.xml", "sha256": "6eb4f2d3e5a44ae3a6566b5ba2607f8abdbfb1720f3348c5aff11228fd66c660", "type": "XML", "size": 2672}, {"detection_ratio": [0, 75], "datetime": "2020-10-19 07:04:22", "filename": "res/animator/mtrl_btn_unelevated_state_list_anim.xml", "sha256": "288102085820ce78d3d55dd6a7c189bef565c53f4e6c2b91bb4179d0a9240290", "type": "XML", "size": 112}, {"detection_ratio": [0, 75], "datetime": "2020-10-19 07:04:22", "filename": "res/animator/mtrl_chip_state_list_anim.xml", "sha256": "9f23c0fb6d10933b640a9f4828016ceea68ef14e2e7c4e2ad1291e0265e2979e", "type": "XML", "size": 1076}, {"detection_ratio": [0, 75], "datetime": "2020-10-19 07:04:22", "filename": "res/animator/mtrl_fab_hide_motion_spec.xml", "sha256": "263d5e572997e74afb9045bd4a459b2bef4397ca7d925d25494cf6343b96e129", "type": "XML", "size": 804}, {"detection_ratio": [0, 75], "datetime": "2020-10-19 07:04:22", "filename": "res/animator/mtrl_fab_show_motion_spec.xml", "sha256": "3f9359e86643c11559b4d6fd0c1ffde52f3e8167249f573228f6354bceeed254", "type": "XML", "size": 804}, {"detection_ratio": [0, 75], "datetime": "2020-10-19 07:04:22", "filename": "res/animator/mtrl_fab_transformation_sheet_collapse_spec.xml", "sha256": "ae2c037350ec19f516e7d711d505a4fbcd8c8e0e45ee095b2e0ea9286bc9f38c", "type": "XML", "size": 1892}, {"detection_ratio": [0, 75], "datetime": "2020-10-19 07:04:22", "filename": "res/animator/mtrl_fab_transformation_sheet_expand_spec.xml", "sha256": "5de3d98a43ddecbe0ea9d64ba503df0949b493676d5d6ee58a138d78db7407f5", "type": "XML", "size": 1892}, {"detection_ratio": [0, 71], "datetime": "2020-10-19 07:04:22", "filename": "res/color-v21/abc_btn_colored_borderless_text_material.xml", "sha256": "7678c3710e326237630643531d4fdac664662f316f86e20c8ace35f6aa3997c3", "type": "XML", "size": 468}, {"detection_ratio": [0, 68], "datetime": "2020-10-19 07:04:22", "filename": "res/color-v23/abc_btn_colored_borderless_text_material.xml", "sha256": "ddc021d73ad0240e946e9584c1534fc960199497b02bc276741a3e8c38ae1b0d", "type": "XML", "size": 504}, {"detection_ratio": [0, 74], "datetime": "2020-10-19 07:04:22", "filename": "res/color-v23/abc_btn_colored_text_material.xml", "sha256": "4154d8d0b2cb4bcf157e16f1015ed8da0a1a9282aa986699d5cac5b530483f5f", "type": "XML", "size": 504}, {"detection_ratio": [0, 70], "datetime": "2020-10-19 07:04:22", "filename": "res/color-v23/abc_color_highlight_material.xml", "sha256": "10c835f377adf904fb37d332a61f60f5ea518b89077ae809f4cbc917d2a73dda", "type": "XML", "size": 548}, {"detection_ratio": [0, 67], "datetime": "2020-10-19 07:04:22", "filename": "res/color-v23/abc_tint_btn_checkable.xml", "sha256": "5ab7d7c4593b4b3297e40d7f036fdacbad18e972969b3a0f6e418116dc66928d", "type": "XML", "size": 628}, {"detection_ratio": [0, 68], "datetime": "2020-10-19 07:04:22", "filename": "res/color-v23/abc_tint_default.xml", "sha256": "2b8ac8cbc0946d676e9adf5b9da82f85f402278704d17a4c30e0fead572ac384", "type": "XML", "size": 1128}, {"detection_ratio": [0, 68], "datetime": "2020-10-19 07:04:22", "filename": "res/color-v23/abc_tint_edittext.xml", "sha256": "e032808d6a1e1faa448389be1487da2582162a5724350a3c8954fb857d383eae", "type": "XML", "size": 672}, {"detection_ratio": [0, 68], "datetime": "2020-10-19 07:04:22", "filename": "res/color-v23/abc_tint_seek_thumb.xml", "sha256": "60af875fe55b86412a45480d5207b44468b9010f84514c5b3f0b431c680cde6e", "type": "XML", "size": 504}, {"detection_ratio": [0, 68], "datetime": "2020-10-19 07:04:22", "filename": "res/color-v23/abc_tint_spinner.xml", "sha256": "e032808d6a1e1faa448389be1487da2582162a5724350a3c8954fb857d383eae", "type": "XML", "size": 672}, {"detection_ratio": [0, 68], "datetime": "2020-10-19 07:04:22", "filename": "res/color-v23/abc_tint_switch_track.xml", "sha256": "348138d518c58fa3d3324fdb84d424ad57c359a4722877165be2d80aff55e999", "type": "XML", "size": 668}, {"detection_ratio": [0, 75], "datetime": "2020-10-19 07:04:22", "filename": "res/color-v23/design_tint_password_toggle.xml", "sha256": "773aff6438d89727c886fd8ee72a61d2179f4b73ab05f4fccfcaf24ea072ccb0", "type": "XML", "size": 380}, {"detection_ratio": [0, 75], "datetime": "2020-10-19 07:04:22", "filename": "res/color/abc_background_cache_hint_selector_material_dark.xml", "sha256": "0cb98ff981ebf453d0da498ec50010a3140604ed1a602e10fb8868b5aaecc2c9", "type": "XML", "size": 472}, {"detection_ratio": [0, 73], "datetime": "2020-10-19 07:04:22", "filename": "res/color/abc_background_cache_hint_selector_material_light.xml", "sha256": "30b52b129e3e5d763b255231733c0d777377ebe7699ca17a441724ea913767bf", "type": "XML", "size": 472}, {"detection_ratio": [0, 71], "datetime": "2020-10-19 07:04:22", "filename": "res/color/abc_btn_colored_borderless_text_material.xml", "sha256": "d3ee7b97168441438d21cd8298ee531dc7f187b4f9b9924858041f54e7730c19", "type": "XML", "size": 608}, {"detection_ratio": [0, 71], "datetime": "2020-10-19 07:04:22", "filename": "res/color/abc_btn_colored_text_material.xml", "sha256": "85ab1b4af3b73341e2fe9a0f97e2d35fc455c34899e1a392b275315750df75ee", "type": "XML", "size": 608}, {"detection_ratio": [0, 76], "datetime": "2020-10-19 07:04:22", "filename": "res/color/abc_hint_foreground_material_dark.xml", "sha256": "bb50c6de1750c1783a5373c1f10ea84267d58131969c29bc12ba922dbd0bca1c", "type": "XML", "size": 568}, {"detection_ratio": [0, 76], "datetime": "2020-10-19 07:04:22", "filename": "res/color/abc_hint_foreground_material_light.xml", "sha256": "3392f5573d9575ff40e8fc3847edcf5879c2dfe7fe9fe9ea759f347c9317642f", "type": "XML", "size": 568}, {"detection_ratio": [0, 73], "datetime": "2020-10-19 07:04:22", "filename": "res/color/abc_primary_text_disable_only_material_dark.xml", "sha256": "d7a857608af2e3447d132bdf717d97e48671e4b8db59cc817373f3b22841dd8d", "type": "XML", "size": 468}, {"detection_ratio": [0, 73], "datetime": "2020-10-19 07:04:22", "filename": "res/color/abc_primary_text_disable_only_material_light.xml", "sha256": "62b131dcaa3bc8b47e530cffd0345b440e650daff0766767164db771a3c537a1", "type": "XML", "size": 468}, {"detection_ratio": [0, 73], "datetime": "2020-10-19 07:04:22", "filename": "res/color/abc_primary_text_material_dark.xml", "sha256": "db3c9ac87a7314fee17d22c19ae0ee4856bb813a86433a58ec6395a45692e7e7", "type": "XML", "size": 468}, {"detection_ratio": [0, 73], "datetime": "2020-10-19 07:04:22", "filename": "res/color/abc_primary_text_material_light.xml", "sha256": "1ba868d3862e47cdba8f98d4acace1d9d4e0dfc6a9113247a1186245d5f6ef10", "type": "XML", "size": 468}, {"detection_ratio": [0, 75], "datetime": "2020-10-19 07:04:22", "filename": "res/color/abc_search_url_text.xml", "sha256": "656b99c0b6ea687203b0d9474ab3c50b9054de9bbb28eb3d31dff536d0b7dd61", "type": "XML", "size": 596}, {"detection_ratio": [0, 60], "datetime": "2020-10-19 07:04:22", "filename": "res/color/abc_secondary_text_material_dark.xml", "sha256": "7941f5551bfdbdbf40464f5e3e1fb852b4e82b87ab43bd54c5056f40fd2e00e8", "type": "XML", "size": 468}, {"detection_ratio": [0, 73], "datetime": "2020-10-19 07:04:22", "filename": "res/color/abc_secondary_text_material_light.xml", "sha256": "5ad12211790f2b2c16aaa1f9de7f7111409e25df974fd5f653c4fbdaf3387689", "type": "XML", "size": 468}, {"detection_ratio": [0, 72], "datetime": "2020-10-19 07:04:22", "filename": "res/color/abc_tint_btn_checkable.xml", "sha256": "14d97a5c44b5d898f895b79d46e0dc20624040996e3cc9ef18eff2dd7ab0632e", "type": "XML", "size": 732}, {"detection_ratio": [0, 72], "datetime": "2020-10-19 07:04:22", "filename": "res/color/abc_tint_default.xml", "sha256": "5a7013b83c12c98c509de73cb2207042f681854ea845df1973760915fb1da5c2", "type": "XML", "size": 1232}, {"detection_ratio": [0, 76], "datetime": "2020-10-19 07:04:22", "filename": "res/color/abc_tint_edittext.xml", "sha256": "91c7ddc31bcd06e76987485247f8d60edd4af1e898356ad1c31acf73c8625caf", "type": "XML", "size": 776}, {"detection_ratio": [0, 71], "datetime": "2020-10-19 07:04:22", "filename": "res/color/abc_tint_seek_thumb.xml", "sha256": "57fbf848d18be343c3614785154c6f9e473c1d8543343d10dc910f8637dc7390", "type": "XML", "size": 608}, {"datetime": "2020-10-19 07:04:22", "sha256": "b33a84b9b1a157206ba7c38e2d765a0a46c367266aa4bb88fcedf70be2282e15", "type": "XML", "filename": "res/color/abc_tint_spinner.xml", "size": 776}, {"datetime": "2020-10-19 07:04:22", "sha256": "d81fb73bc6862bc535d435107582e1ae8dfd033d986755ed037fde78fc96295a", "type": "XML", "filename": "res/color/abc_tint_switch_track.xml", "size": 772}, {"detection_ratio": [0, 75], "datetime": "2020-10-19 07:04:22", "filename": "res/color/design_error.xml", "sha256": "da6c0ae0483f460f75e6aea538e022d423bd1a7368584f9ab99fc8f13c85b526", "type": "XML", "size": 468}, {"detection_ratio": [0, 67], "datetime": "2020-10-19 07:04:22", "filename": "res/color/design_tint_password_toggle.xml", "sha256": "e0da5547ceb6ac8757bf971e504adc40a2f3be8f641afeea68a123807fab561f", "type": "XML", "size": 484}, {"detection_ratio": [0, 75], "datetime": "2020-10-19 07:04:22", "filename": "res/color/mtrl_bottom_nav_colored_item_tint.xml", "sha256": "d6e6bfd1f0244aa4125517b25e2c9470de24cac9738a0846a88f9f189d9d37bc", "type": "XML", "size": 688}, {"detection_ratio": [0, 74], "datetime": "2020-10-19 07:04:22", "filename": "res/color/mtrl_bottom_nav_item_tint.xml", "sha256": "090fab496f6fec6a8b24087b36ad7cfa35c9ffc12bb70d449bcc30acde8e2863", "type": "XML", "size": 688}, {"detection_ratio": [0, 75], "datetime": "2020-10-19 07:04:22", "filename": "res/color/mtrl_btn_bg_color_selector.xml", "sha256": "af1f0091c3acc173f9f90ba3927dede8c917f49fcaa75f40ac5596297631b349", "type": "XML", "size": 468}, {"detection_ratio": [0, 75], "datetime": "2020-10-19 07:04:22", "filename": "res/color/mtrl_btn_ripple_color.xml", "sha256": "e4f10af75c84ab9b952a779d8e3ed3855029b9b8ba152a62d1e530a7ba7cfe12", "type": "XML", "size": 952}, {"detection_ratio": [0, 75], "datetime": "2020-10-19 07:04:22", "filename": "res/color/mtrl_btn_stroke_color_selector.xml", "sha256": "537e044e9d069d5218bf75b1f62c91c3b9300ebec0c55d96b761c616b3bdd68d", "type": "XML", "size": 380}, {"detection_ratio": [0, 72], "datetime": "2020-10-19 07:04:22", "filename": "res/color/mtrl_btn_text_btn_ripple_color.xml", "sha256": "10864497577a78f645bbd46f4257abed428b6f65d60d3faa4555daf25a623626", "type": "XML", "size": 952}], "uncompressed_size": 16229554}, "first_seen_itw": "2021-01-20 03:23:18", "androguard": {"Activities": ["io.kodular.gulfam953967.BTC_MINING.Screen1", "io.kodular.gulfam953967.BTC_MINING.home", "com.android.billingclient.api.ProxyBillingActivity"], "AndroidVersionCode": "4", "certificate": {"validto": "2050-06-26 18:22:25", "serialnumber": "f97135ee9d900d534ff456bfd295952678e00bcd", "Issuer": {"DN": "C:US, CN:Android, L:Mountain View, O:Google Inc., ST:California, OU:Android", "C": "US", "CN": "Android", "L": "Mountain View", "O": "Google Inc.", "ST": "California", "OU": "Android"}, "thumbprint": "1b6aacf2a5610c593f36483de69c483c2dcea7dd", "validfrom": "2020-06-26 18:22:25", "Subject": {"DN": "C:US, CN:Android, L:Mountain View, O:Google Inc., ST:California, OU:Android", "C": "US", "CN": "Android", "L": "Mountain View", "O": "Google Inc.", "ST": "California", "OU": "Android"}}, "VTAndroidInfo": 2, "AndroidApplication": 1, "Package": "com.btccloudmining", "AndroidApplicationError": false, "intent-filters": {"Activities": {"io.kodular.gulfam953967.BTC_MINING.Screen1": {"action": ["android.intent.action.MAIN"], "category": ["android.intent.category.LAUNCHER"]}, "io.kodular.gulfam953967.BTC_MINING.home": {"action": ["android.intent.action.MAIN"]}}}, "Main Activity": "io.kodular.gulfam953967.BTC_MINING.Screen1", "Libraries": ["org.apache.http.legacy"], "StringsInformation": ["http://2.bp.blogspot.com/-3C9EzBNi9rA/UiS93S6uqoI/AAAAAAAAEjM/fATWa50u0BY/w1200-h630-p-k-nu/Hello+world+android+app.jpg", "http://api.qrserver.com/v1/create-qr-code/?data=", "http://gnu.org/kawa/cached-collections", "http://kawa.gnu.org/", "http://kawa.gnu.org/unit", "http://kawa.gnu.org/unknown-namespace/", "http://my.image.server/images/%d/%d/%d.png", "http://qexo.gnu.org/", "http://schemas.android.com/apk/res-auto", "http://schemas.android.com/apk/res/android", "http://tinywebdb.builder.makeroid.io", "http://tinywebdb.builder.makeroid.io/", "http://www.example.com", "http://www.google.com/fusiontables/v2/query", "http://www.w3.org/1999/XSL/Transform", "http://www.w3.org/1999/xhtml", "http://www.w3.org/2000/xmlns/", "http://www.w3.org/2001/XMLSchema", "http://www.w3.org/2001/XMLSchema-instance", "http://www.w3.org/2005/xpath-functions", "http://www.w3.org/2005/xpath-functions/collation/codepoint", "http://www.w3.org/2005/xqt-errors", "http://www.w3.org/2005/xquery-local-functions", "http://www.w3.org/XML/1998/namespace", "https://account.kodular.io/api/startapp", "https://api.airtable.com/v0/", "https://api.creator.kodular.io/ads/", "https://api.creator.kodular.io/billing/v1?p=branding&i=", "https://api.creator.kodular.io/billing/v1?p=commission&i=", "https://api.creator.kodular.io/pollfish/v1?appid=", "https://api.ocr.space/parse/image", "https://api.ocr.space/parse/imageurl?apikey=", "https://api.openrouteservice.org/v2/directions/", "https://dashboard.instantaccess.io/api/partner/authorize?client_id=", "https://dashboard.instantaccess.io/api/partner/status?client_id=", "https://docs.kodular.io/components/connectivity/wifi/", "https://docs.kodular.io/components/drawing-and-animation/animation-util/", "https://docs.kodular.io/components/dynamic/dynamic-textbox/", "https://docs.kodular.io/components/google/firebase-database/", "https://docs.kodular.io/components/google/google-maps/", "https://docs.kodular.io/components/layout/space/", "https://docs.kodular.io/components/layout/surface-view/", "https://docs.kodular.io/components/monetization/adcolony-interstitial/", "https://docs.kodular.io/components/monetization/admob-interstitial/", "https://docs.kodular.io/components/monetization/amazon-banner/", "https://docs.kodular.io/components/monetization/amazon-interstitial/", "https://docs.kodular.io/components/monetization/app-lovin/", "https://docs.kodular.io/components/monetization/donate/", "https://docs.kodular.io/components/monetization/facebook-banner/", "https://docs.kodular.io/components/monetization/facebook-interstitial/", "https://docs.kodular.io/components/monetization/facebook-rewarded/", "https://docs.kodular.io/components/monetization/in-app-billing/", "https://docs.kodular.io/components/monetization/in-app-update/", "https://docs.kodular.io/components/monetization/leadbolt/", "https://docs.kodular.io/components/monetization/unity-ads_ads/", "https://docs.kodular.io/components/monetization/unity-banner/", "https://docs.kodular.io/components/monetization/whitemobi/", "https://docs.kodular.io/components/sensors/accelerometer/", "https://docs.kodular.io/components/sensors/fingerprint/", "https://docs.kodular.io/components/storage/cryptography/", "https://docs.kodular.io/components/storage/sqlite/", "https://docs.kodular.io/components/user-interface/checkbox/", "https://docs.kodular.io/components/user-interface/floating-action-button/", "https://docs.kodular.io/components/user-interface/list-view-image-and-text/", "https://docs.kodular.io/components/user-interface/radio-button/", "https://docs.kodular.io/components/user-interface/rating-bar/", "https://docs.kodular.io/components/user-interface/switch/", "https://docs.kodular.io/components/user-interface/textbox/", "https://earn-btc-app.firebaseio.com/", "https://img.youtube.com/vi/", "https://makeroid-default-firebase.firebaseio.com/", "https://my.kodular.io/", "https://onesignal.com/api/v1/notifications", "https://play.google.com/store/apps/details?id=com.btccloudmining", "https://play.google.com/store/apps/details?id=io.makeroid.companion", "https://status.ocr.space", "https://translate.yandex.net/api/v1.5/tr.json/translate?key=", "https://www.example.com", "https://www.google.com/voice/b/0/redirection/voice", "https://www.google.com/voice/b/0/sms/send/", "https://www.googleapis.com/auth/fusiontables", "https://www.googleapis.com/fusiontables/v2/tables", "https://www.googleapis.com/fusiontables/v2/tables?key=", "https://www.googleapis.com/urlshortener/v1/url", "https://www.googleapis.com/urlshortener/v1/url?key=", "https://www.youtube.com/watch?v="], "Providers": ["android.support.v4.content.FileProvider"], "AndroidVersionName": "1.3", "RiskIndicator": {"APK": {"DEX": 5}, "PERM": {"DANGEROUS": 1, "PRIVACY": 1, "INSTANT": 1, "INTERNET": 1, "NORMAL": 2}}, "MinSdkVersion": "22", "AndroidApplicationInfo": "APK", "TargetSdkVersion": "29", "AndroguardVersion": "3.4.0a1", "Permissions": {"android.permission.READ_EXTERNAL_STORAGE": ["dangerous", "read the contents of your shared storage", "Allows the app to read the contents of your shared storage."], "android.permission.READ_PHONE_STATE": ["dangerous", "read phone status and identity", "Allows the app to access the phone\n      features of the device.  This permission allows the app to determine the\n      phone number and device IDs, whether a call is active, and the remote number\n      connected by a call."], "android.permission.ACCESS_WIFI_STATE": ["normal", "view Wi-Fi connections", "Allows the app to view information\n      about Wi-Fi networking, such as whether Wi-Fi is enabled and name of\n      connected Wi-Fi devices."], "android.permission.ACCESS_NETWORK_STATE": ["normal|instant", "view network connections", "Allows the app to view\n      information about network connections such as which networks exist and are\n      connected."], "android.permission.INTERNET": ["normal|instant", "have full network access", "Allows the app to create\n     network sockets and use custom network protocols. The browser and other\n     applications provide means to send data to the internet, so this\n     permission is not required to send data to the internet."], "com.android.vending.BILLING": ["normal", "Unknown permission from android reference", "Unknown permission from android reference"]}}}, "size": 7032582, "authentihash": null, "times_submitted": 255, "harmless_votes": 0, "malicious_votes": 0, "sha256": "34cfb7ef2d44c8c1b82eca3ec7baa47a6fcb87ef4fa93fb5efe7d52d6d64bdb4", "type": "Android", "scans": {"Bkav": {"detected": false, "version": "1.3.0.9899", "result": null, "update": "20211102"}, "Lionic": {"detected": true, "version": "4.2", "result": "Riskware.AndroidOS.ScamApp.z!c", "update": "20211103"}, "ClamAV": {"detected": false, "version": "0.104.0.0", "result": null, "update": "20211102"}, "CMC": {"detected": false, "version": "2.10.2019.1", "result": null, "update": "20211026"}, "CAT-QuickHeal": {"detected": true, "version": "14.00", "result": "Android.Scamapp.Aa235 (PUP)", "update": "20211103"}, "McAfee": {"detected": true, "version": "6.0.6.653", "result": "Artemis!87B3BBAB81D3", "update": "20211103"}, "ALYac": {"detected": false, "version": "1.1.3.1", "result": null, "update": "20211103"}, "Malwarebytes": {"detected": false, "version": "4.2.2.27", "result": null, "update": "20211103"}, "VIPRE": {"detected": false, "version": "96678", "result": null, "update": "20211103"}, "Sangfor": {"detected": false, "version": "2.9.0.0", "result": null, "update": "20210930"}, "K7AntiVirus": {"detected": false, "version": "11.225.39131", "result": null, "update": "20211103"}, "BitDefender": {"detected": false, "version": "7.2", "result": null, "update": "20211103"}, "K7GW": {"detected": true, "version": "11.225.39131", "result": "Adware ( 0057f5fc1 )", "update": "20211103"}, "Trustlook": {"detected": true, "version": "1.0", "result": "Android.PUA.General", "update": "20211103"}, "Arcabit": {"detected": false, "version": "1.0.0.886", "result": null, "update": "20211103"}, "Baidu": {"detected": false, "version": "1.0.0.2", "result": null, "update": "20190318"}, "Cyren": {"detected": false, "version": "6.3.0.2", "result": null, "update": "20211103"}, "SymantecMobileInsight": {"detected": true, "version": "2.0", "result": "AppRisk:Generisk", "update": "20210126"}, "Symantec": {"detected": false, "version": "1.16.0.0", "result": null, "update": "20211103"}, "ESET-NOD32": {"detected": true, "version": "24229", "result": "Android/ScamApp.CR potentially unwanted", "update": "20211103"}, "TrendMicro-HouseCall": {"detected": false, "version": "10.0.0.1040", "result": null, "update": "20211101"}, "Avast": {"detected": true, "version": "21.1.5827.0", "result": "Android:ScamApp-EQ [Fake]", "update": "20211103"}, "Cynet": {"detected": false, "version": "4.0.0.27", "result": null, "update": "20211103"}, "Kaspersky": {"detected": true, "version": "21.0.1.45", "result": "not-a-virus:HEUR:RiskTool.AndroidOS.ScamApp.f", "update": "20211103"}, "Alibaba": {"detected": false, "version": "0.3.0.5", "result": null, "update": "20190527"}, "NANO-Antivirus": {"detected": false, "version": "1.0.146.25370", "result": null, "update": "20211103"}, "SUPERAntiSpyware": {"detected": false, "version": "5.6.0.1032", "result": null, "update": "20211030"}, "MicroWorld-eScan": {"detected": false, "version": "14.0.409.0", "result": null, "update": "20211103"}, "Rising": {"detected": false, "version": "25.0.0.26", "result": null, "update": "20211103"}, "Ad-Aware": {"detected": false, "version": "3.0.21.193", "result": null, "update": "20211103"}, "Emsisoft": {"detected": false, "version": "2021.5.0.7597", "result": null, "update": "20211103"}, "Comodo": {"detected": false, "version": "34044", "result": null, "update": "20211102"}, "F-Secure": {"detected": false, "version": "12.0.86.52", "result": null, "update": "20211103"}, "DrWeb": {"detected": false, "version": "7.0.52.8270", "result": null, "update": "20211103"}, "Zillya": {"detected": false, "version": "2.0.0.4487", "result": null, "update": "20211102"}, "TrendMicro": {"detected": false, "version": "11.0.0.1006", "result": null, "update": "20211103"}, "McAfee-GW-Edition": {"detected": true, "version": "v2019.1.2+3728", "result": "Artemis!PUP", "update": "20211102"}, "FireEye": {"detected": false, "version": "32.44.1.0", "result": null, "update": "20211103"}, "Sophos": {"detected": true, "version": "1.4.1.0", "result": "Andr/FakeApp-DJ", "update": "20211103"}, "Ikarus": {"detected": true, "version": "0.1.5.2", "result": "FakeApp.AndroidOS.BitScam", "update": "20211102"}, "Avast-Mobile": {"detected": true, "version": "211102-00", "result": "Android:Evo-gen [Trj]", "update": "20211102"}, "Jiangmin": {"detected": false, "version": "16.0.100", "result": null, "update": "20211102"}, "Avira": {"detected": false, "version": "8.3.3.12", "result": null, "update": "20211103"}, "Antiy-AVL": {"detected": false, "version": "3.0.0.1", "result": null, "update": "20211103"}, "Kingsoft": {"detected": false, "version": "2017.9.26.565", "result": null, "update": "20211103"}, "Gridinsoft": {"detected": false, "version": "1.0.60.158", "result": null, "update": "20211103"}, "Microsoft": {"detected": false, "version": "1.1.18700.4", "result": null, "update": "20211103"}, "ViRobot": {"detected": false, "version": "2014.3.20.0", "result": null, "update": "20211103"}, "ZoneAlarm": {"detected": true, "version": "1.0", "result": "not-a-virus:HEUR:RiskTool.AndroidOS.ScamApp.f", "update": "20211102"}, "GData": {"detected": false, "version": "A:25.31229B:27.25015", "result": null, "update": "20211103"}, "BitDefenderFalx": {"detected": true, "version": "2.0.936", "result": "Android.Riskware.ScamApp.E", "update": "20210610"}, "AhnLab-V3": {"detected": false, "version": "3.21.1.10219", "result": null, "update": "20211103"}, "BitDefenderTheta": {"detected": false, "version": "7.2.37796.0", "result": null, "update": "20211021"}, "TACHYON": {"detected": false, "version": "2021-11-03.02", "result": null, "update": "20211103"}, "VBA32": {"detected": false, "version": "5.0.0", "result": null, "update": "20211102"}, "Zoner": {"detected": false, "version": "0.0.0.0", "result": null, "update": "20211102"}, "Tencent": {"detected": true, "version": "1.0.0.1", "result": "a.gray.inventor.a", "update": "20211103"}, "Yandex": {"detected": false, "version": "5.5.2.24", "result": null, "update": "20211103"}, "MAX": {"detected": true, "version": "2019.9.16.1", "result": "malware (ai score=99)", "update": "20211103"}, "MaxSecure": {"detected": false, "version": "1.0.0.1", "result": null, "update": "20211102"}, "Fortinet": {"detected": true, "version": "6.2.142.0", "result": "Riskware/ScamApp!Android", "update": "20211103"}, "AVG": {"detected": true, "version": "21.1.5827.0", "result": "Android:ScamApp-EQ [Fake]", "update": "20211103"}, "Panda": {"detected": false, "version": "4.6.4.2", "result": null, "update": "20211102"}}, "tags": ["apk", "android", "reflection"], "scan_id": "34cfb7ef2d44c8c1b82eca3ec7baa47a6fcb87ef4fa93fb5efe7d52d6d64bdb4-1635925200", "unique_sources": 2, "positives": 19, "ssdeep": "98304:qWOWZqfZ4EV188hLiJ+ptXFdqZFdY3ajXJ7CfSFBVuVB+v4esitDt8AVKYP78l/Y:q7fZn1NhLa+zFEvdNjXB2u4ViDJv", "md5": "87b3bbab81d3b683a8027e2e8e1ebcab", "permalink": "https://www.virustotal.com/gui/file/34cfb7ef2d44c8c1b82eca3ec7baa47a6fcb87ef4fa93fb5efe7d52d6d64bdb4/detection/f-34cfb7ef2d44c8c1b82eca3ec7baa47a6fcb87ef4fa93fb5efe7d52d6d64bdb4-1635925200", "sha1": "4b63f39293d74a1d794a0cd073b334e70361d09f", "submission": {"submitter_region": "jal", "date": "2021-11-03 07:40:00", "submitter_country": "MX", "filename": null}, "response_code": 1, "community_reputation": 0, "verbose_msg": "Scan finished, information embedded", "ITW_urls": [], "last_seen": "2021-11-03 07:40:00"}