{"vhash": "6213ff2e880e875d889c88e1f8a898a5", "submission_names": ["submission"], "scan_date": "2021-11-03 08:24:09", "first_seen": "2021-08-03 12:09:52", "total": 62, "additional_info": {"magic": "Zip archive data", "exiftool": {"MIMEType": "application/zip", "ZipRequiredVersion": "0", "ZipCRC": "0x67867cd1", "FileType": "ZIP", "ZipCompression": "Deflated", "ZipUncompressedSize": "8612", "ZipCompressedSize": "2238", "FileTypeExtension": "zip", "ZipFileName": "AndroidManifest.xml", "ZipBitFlag": "0", "ZipModifyDate": "1981:01:01 01:01:02"}, "trid": "Android Package (57.0%)\nJava Archive (20.0%)\nSweet Home 3D design (generic) (15.5%)\nZIP compressed archive (5.9%)\nPrintFox/Pagefox bitmap (640x800) (1.4%)", "positives_delta": 2, "compressedview": {"highest_datetime": "1981-01-01 01:01:02", "lowest_datetime": "1981-01-01 01:01:02", "num_children": 536, "extensions": {"bin": 1, "dex": 1, "MF": 1, "xml": 436, "RSA": 1, "SF": 1, "png": 29}, "file_types": {"DEX": 1, "Java Bytecode": 1, "PNG": 29, "XML": 436, "unknown": 69}, "type": "APK", "children": [{"datetime": "1981-01-01 01:01:02", "sha256": "fcdaa1bd8dc923a6b3cd2b8f373c680df8ad671dfec4bfbf3b28585176d1eea6", "type": "XML", "filename": "AndroidManifest.xml", "size": 8612}, {"detection_ratio": [0, 73], "datetime": "1981-01-01 01:01:02", "filename": "DebugProbesKt.bin", "sha256": "ab6d48d5d868c733cd03345f8aabae3d905bd6f0fc661117a8bdfea6c51b9274", "type": "Java Bytecode", "size": 1728}, {"detection_ratio": [0, 73], "datetime": "1981-01-01 01:01:02", "filename": "META-INF/androidx.activity_activity.version", "sha256": "d82f34ae9aa41bc4a0cb529a1ac0898fed09d6b479fb1cc44cb66c34f15ee84d", "type": "unknown", "size": 6}, {"detection_ratio": [0, 73], "datetime": "1981-01-01 01:01:02", "filename": "META-INF/androidx.annotation_annotation-experimental.version", "sha256": "59854984853104df5c353e2f681a15fc7924742f9a2e468c29af248dce45ce03", "type": "unknown", "size": 6}, {"detection_ratio": [0, 72], "datetime": "1981-01-01 01:01:02", "filename": "META-INF/androidx.appcompat_appcompat-resources.version", "sha256": "64d23f858ef51b0f996e4966d4e27c0371b437e2d2787890b1f7ad22d4ec5663", "type": "unknown", "size": 6}, {"detection_ratio": [0, 72], "datetime": "1981-01-01 01:01:02", "filename": "META-INF/androidx.appcompat_appcompat.version", "sha256": "64d23f858ef51b0f996e4966d4e27c0371b437e2d2787890b1f7ad22d4ec5663", "type": "unknown", "size": 6}, {"detection_ratio": [0, 74], "datetime": "1981-01-01 01:01:02", "filename": "META-INF/androidx.arch.core_core-runtime.version", "sha256": "c89b87c262e9d5ffd20e73aac74a1772adcc9f5a21682cc33adcf5086e5fef5c", "type": "unknown", "size": 6}, {"detection_ratio": [0, 73], "datetime": "1981-01-01 01:01:02", "filename": "META-INF/androidx.asynclayoutinflater_asynclayoutinflater.version", "sha256": "59854984853104df5c353e2f681a15fc7924742f9a2e468c29af248dce45ce03", "type": "unknown", "size": 6}, {"detection_ratio": [0, 73], "datetime": "1981-01-01 01:01:02", "filename": "META-INF/androidx.browser_browser.version", "sha256": "59854984853104df5c353e2f681a15fc7924742f9a2e468c29af248dce45ce03", "type": "unknown", "size": 6}, {"detection_ratio": [0, 73], "datetime": "1981-01-01 01:01:02", "filename": "META-INF/androidx.cardview_cardview.version", "sha256": "59854984853104df5c353e2f681a15fc7924742f9a2e468c29af248dce45ce03", "type": "unknown", "size": 6}, {"detection_ratio": [0, 73], "datetime": "1981-01-01 01:01:02", "filename": "META-INF/androidx.coordinatorlayout_coordinatorlayout.version", "sha256": "1575e1af4a95f12f70b4ee6a6adce8160953d93ea17dc2611b90883ccc3ad3b8", "type": "unknown", "size": 6}, {"detection_ratio": [0, 56], "datetime": "1981-01-01 01:01:02", "filename": "META-INF/androidx.core_core-ktx.version", "sha256": "acb57a7135b2d7d6e665f67f056e21353023b93835f54def1ae523bf76f1bfb3", "type": "unknown", "size": 6}, {"detection_ratio": [0, 56], "datetime": "1981-01-01 01:01:02", "filename": "META-INF/androidx.core_core.version", "sha256": "acb57a7135b2d7d6e665f67f056e21353023b93835f54def1ae523bf76f1bfb3", "type": "unknown", "size": 6}, {"detection_ratio": [0, 73], "datetime": "1981-01-01 01:01:02", "filename": "META-INF/androidx.cursoradapter_cursoradapter.version", "sha256": "59854984853104df5c353e2f681a15fc7924742f9a2e468c29af248dce45ce03", "type": "unknown", "size": 6}, {"detection_ratio": [0, 73], "datetime": "1981-01-01 01:01:02", "filename": "META-INF/androidx.customview_customview.version", "sha256": "59854984853104df5c353e2f681a15fc7924742f9a2e468c29af248dce45ce03", "type": "unknown", "size": 6}, {"detection_ratio": [0, 74], "datetime": "1981-01-01 01:01:02", "filename": "META-INF/androidx.databinding_viewbinding.version", "sha256": "d721cd68e4a18c6bd0c64069729abe76e9690d78fcf23ee4129a33e1bd9a4c93", "type": "unknown", "size": 5}, {"detection_ratio": [0, 73], "datetime": "1981-01-01 01:01:02", "filename": "META-INF/androidx.documentfile_documentfile.version", "sha256": "59854984853104df5c353e2f681a15fc7924742f9a2e468c29af248dce45ce03", "type": "unknown", "size": 6}, {"detection_ratio": [0, 73], "datetime": "1981-01-01 01:01:02", "filename": "META-INF/androidx.drawerlayout_drawerlayout.version", "sha256": "59854984853104df5c353e2f681a15fc7924742f9a2e468c29af248dce45ce03", "type": "unknown", "size": 6}, {"detection_ratio": [0, 73], "datetime": "1981-01-01 01:01:02", "filename": "META-INF/androidx.dynamicanimation_dynamicanimation.version", "sha256": "59854984853104df5c353e2f681a15fc7924742f9a2e468c29af248dce45ce03", "type": "unknown", "size": 6}, {"detection_ratio": [0, 60], "datetime": "1981-01-01 01:01:02", "filename": "META-INF/androidx.fragment_fragment.version", "sha256": "e0a72941ba72e471c37b0bce5e8c292659befc51dbf1c7ceea354b26642c39c3", "type": "unknown", "size": 6}, {"detection_ratio": [0, 73], "datetime": "1981-01-01 01:01:02", "filename": "META-INF/androidx.interpolator_interpolator.version", "sha256": "59854984853104df5c353e2f681a15fc7924742f9a2e468c29af248dce45ce03", "type": "unknown", "size": 6}, {"detection_ratio": [0, 73], "datetime": "1981-01-01 01:01:02", "filename": "META-INF/androidx.legacy_legacy-support-core-ui.version", "sha256": "59854984853104df5c353e2f681a15fc7924742f9a2e468c29af248dce45ce03", "type": "unknown", "size": 6}, {"detection_ratio": [0, 73], "datetime": "1981-01-01 01:01:02", "filename": "META-INF/androidx.legacy_legacy-support-core-utils.version", "sha256": "59854984853104df5c353e2f681a15fc7924742f9a2e468c29af248dce45ce03", "type": "unknown", "size": 6}, {"detection_ratio": [0, 73], "datetime": "1981-01-01 01:01:02", "filename": "META-INF/androidx.legacy_legacy-support-v4.version", "sha256": "59854984853104df5c353e2f681a15fc7924742f9a2e468c29af248dce45ce03", "type": "unknown", "size": 6}, {"detection_ratio": [0, 74], "datetime": "1981-01-01 01:01:02", "filename": "META-INF/androidx.lifecycle_lifecycle-livedata-core.version", "sha256": "ad8650bc9057d9dfd809961b69dbad640c288d809fa44437d44d83d3b118c821", "type": "unknown", "size": 6}, {"detection_ratio": [0, 73], "datetime": "1981-01-01 01:01:02", "filename": "META-INF/androidx.lifecycle_lifecycle-livedata.version", "sha256": "c28fcca53637bc88e124af1725df13cb98c69dedefd62fb3cdbe1cdb6b760624", "type": "unknown", "size": 6}, {"detection_ratio": [0, 74], "datetime": "1981-01-01 01:01:02", "filename": "META-INF/androidx.lifecycle_lifecycle-runtime.version", "sha256": "ad8650bc9057d9dfd809961b69dbad640c288d809fa44437d44d83d3b118c821", "type": "unknown", "size": 6}, {"detection_ratio": [0, 74], "datetime": "1981-01-01 01:01:02", "filename": "META-INF/androidx.lifecycle_lifecycle-viewmodel-savedstate.version", "sha256": "ad8650bc9057d9dfd809961b69dbad640c288d809fa44437d44d83d3b118c821", "type": "unknown", "size": 6}, {"detection_ratio": [0, 74], "datetime": "1981-01-01 01:01:02", "filename": "META-INF/androidx.lifecycle_lifecycle-viewmodel.version", "sha256": "ad8650bc9057d9dfd809961b69dbad640c288d809fa44437d44d83d3b118c821", "type": "unknown", "size": 6}, {"detection_ratio": [0, 73], "datetime": "1981-01-01 01:01:02", "filename": "META-INF/androidx.loader_loader.version", "sha256": "59854984853104df5c353e2f681a15fc7924742f9a2e468c29af248dce45ce03", "type": "unknown", "size": 6}, {"detection_ratio": [0, 73], "datetime": "1981-01-01 01:01:02", "filename": "META-INF/androidx.localbroadcastmanager_localbroadcastmanager.version", "sha256": "59854984853104df5c353e2f681a15fc7924742f9a2e468c29af248dce45ce03", "type": "unknown", "size": 6}, {"detection_ratio": [0, 73], "datetime": "1981-01-01 01:01:02", "filename": "META-INF/androidx.media_media.version", "sha256": "59854984853104df5c353e2f681a15fc7924742f9a2e468c29af248dce45ce03", "type": "unknown", "size": 6}, {"detection_ratio": [0, 73], "datetime": "1981-01-01 01:01:02", "filename": "META-INF/androidx.print_print.version", "sha256": "59854984853104df5c353e2f681a15fc7924742f9a2e468c29af248dce45ce03", "type": "unknown", "size": 6}, {"detection_ratio": [0, 73], "datetime": "1981-01-01 01:01:02", "filename": "META-INF/androidx.recyclerview_recyclerview.version", "sha256": "1575e1af4a95f12f70b4ee6a6adce8160953d93ea17dc2611b90883ccc3ad3b8", "type": "unknown", "size": 6}, {"detection_ratio": [0, 73], "datetime": "1981-01-01 01:01:02", "filename": "META-INF/androidx.savedstate_savedstate.version", "sha256": "1575e1af4a95f12f70b4ee6a6adce8160953d93ea17dc2611b90883ccc3ad3b8", "type": "unknown", "size": 6}, {"detection_ratio": [0, 73], "datetime": "1981-01-01 01:01:02", "filename": "META-INF/androidx.slidingpanelayout_slidingpanelayout.version", "sha256": "59854984853104df5c353e2f681a15fc7924742f9a2e468c29af248dce45ce03", "type": "unknown", "size": 6}, {"detection_ratio": [0, 73], "datetime": "1981-01-01 01:01:02", "filename": "META-INF/androidx.swiperefreshlayout_swiperefreshlayout.version", "sha256": "59854984853104df5c353e2f681a15fc7924742f9a2e468c29af248dce45ce03", "type": "unknown", "size": 6}, {"detection_ratio": [0, 73], "datetime": "1981-01-01 01:01:02", "filename": "META-INF/androidx.tracing_tracing.version", "sha256": "59854984853104df5c353e2f681a15fc7924742f9a2e468c29af248dce45ce03", "type": "unknown", "size": 6}, {"detection_ratio": [0, 72], "datetime": "1981-01-01 01:01:02", "filename": "META-INF/androidx.transition_transition.version", "sha256": "1e5b51cde515396a9fa762909cf8ca6584ccc564b325d2eebeea76175fe95c4d", "type": "unknown", "size": 6}, {"detection_ratio": [0, 73], "datetime": "1981-01-01 01:01:02", "filename": "META-INF/androidx.vectordrawable_vectordrawable-animated.version", "sha256": "1575e1af4a95f12f70b4ee6a6adce8160953d93ea17dc2611b90883ccc3ad3b8", "type": "unknown", "size": 6}, {"detection_ratio": [0, 73], "datetime": "1981-01-01 01:01:02", "filename": "META-INF/androidx.vectordrawable_vectordrawable.version", "sha256": "1575e1af4a95f12f70b4ee6a6adce8160953d93ea17dc2611b90883ccc3ad3b8", "type": "unknown", "size": 6}, {"detection_ratio": [0, 74], "datetime": "1981-01-01 01:01:02", "filename": "META-INF/androidx.versionedparcelable_versionedparcelable.version", "sha256": "cc52f678848b814373757b460383bf61960e4943c203735adde0a350b3e50989", "type": "unknown", "size": 6}, {"detection_ratio": [0, 73], "datetime": "1981-01-01 01:01:02", "filename": "META-INF/androidx.viewpager2_viewpager2.version", "sha256": "59854984853104df5c353e2f681a15fc7924742f9a2e468c29af248dce45ce03", "type": "unknown", "size": 6}, {"detection_ratio": [0, 73], "datetime": "1981-01-01 01:01:02", "filename": "META-INF/androidx.viewpager_viewpager.version", "sha256": "59854984853104df5c353e2f681a15fc7924742f9a2e468c29af248dce45ce03", "type": "unknown", "size": 6}, {"datetime": "1981-01-01 01:01:02", "sha256": "24cbe27ba28bb1ab5bbaab8973d30ddb730cb04913bf5cb34b2439b58c3d045a", "type": "unknown", "filename": "META-INF/app_release.kotlin_module", "size": 65}, {"detection_ratio": [0, 72], "datetime": "1981-01-01 01:01:02", "filename": "META-INF/com.google.android.material_material.version", "sha256": "64d23f858ef51b0f996e4966d4e27c0371b437e2d2787890b1f7ad22d4ec5663", "type": "unknown", "size": 6}, {"detection_ratio": [0, 74], "datetime": "1981-01-01 01:01:02", "filename": "META-INF/core-ktx_release.kotlin_module", "sha256": "2dc4c537da4d19c1e466d5996a7b7a937945801d28e5ada3953afb5eb25e2af6", "type": "unknown", "size": 1087}, {"detection_ratio": [0, 72], "datetime": "1981-01-01 01:01:02", "filename": "META-INF/kotlin-stdlib-common.kotlin_module", "sha256": "2a40ef55ed7e3a097647da55bab549a2a636af17a9235b281bab03905eafb56b", "type": "unknown", "size": 1558}, {"detection_ratio": [0, 75], "datetime": "1981-01-01 01:01:02", "filename": "META-INF/kotlin-stdlib-jdk7.kotlin_module", "sha256": "730c734cecd904e4399a3a6878fec09729efc31b975b66f15158a06aee6ff291", "type": "unknown", "size": 59}, {"detection_ratio": [0, 73], "datetime": "1981-01-01 01:01:02", "filename": "META-INF/kotlin-stdlib.kotlin_module", "sha256": "b1771ddf429263d505c23adacc4be87ab5459cff5563c5733ea85474c6ad760f", "type": "unknown", "size": 4880}, {"datetime": "1981-01-01 01:01:02", "sha256": "1cb4edd171e7ee8c7f0e8b2d50a9e102bd83f4fd3a0af35e1c32286be5dc94aa", "type": "unknown", "filename": "META-INF/kotlinx-coroutines-android.kotlin_module", "size": 75}, {"datetime": "1981-01-01 01:01:02", "sha256": "8907c65d85cb68b02ca9e6e21db947ddefe502a35252fd641eaf05db53b5a015", "type": "unknown", "filename": "META-INF/kotlinx-coroutines-core.kotlin_module", "size": 2302}, {"detection_ratio": [0, 73], "datetime": "1981-01-01 01:01:02", "filename": "META-INF/services/kotlinx.coroutines.CoroutineExceptionHandler", "sha256": "3129b8edf6db07de6f8ff47695e2177c8bba4eed2962d3085c719e5acbb58a33", "type": "unknown", "size": 54}, {"detection_ratio": [0, 73], "datetime": "1981-01-01 01:01:02", "filename": "META-INF/services/kotlinx.coroutines.internal.MainDispatcherFactory", "sha256": "a1ea77ea8f93f419256b6e66f29713f950d8d6e90442b608d880a48003b5eb72", "type": "unknown", "size": 52}, {"detection_ratio": [0, 72], "datetime": "1981-01-01 01:01:02", "filename": "assets/supplierconfig.json", "sha256": "a017687549108f8d1aa190ce82479938521f09a018c405e3a1394b85d142a896", "type": "unknown", "size": 136}, {"detection_ratio": [18, 74], "datetime": "1981-01-01 01:01:02", "filename": "classes.dex", "sha256": "abd033c8c5ccbaed77a4c5fe13ebc0f1003eba08fde88cd5c05cfbfc8d733dea", "type": "DEX", "size": 9709560}, {"datetime": "1981-01-01 01:01:02", "sha256": "adcda64f5d673378f2fbbddcde5ce80a859f561c2380f9469d705063092a2b08", "type": "unknown", "filename": "com/appsflyer/internal/a-", "size": 7134}, {"datetime": "1981-01-01 01:01:02", "sha256": "815efb6d5bef2cca22e09bdee50e46410d0e31ff4910f8bf7e3aed7c50557749", "type": "unknown", "filename": "com/appsflyer/internal/b-", "size": 10782}, {"detection_ratio": [0, 73], "datetime": "1981-01-01 01:01:02", "filename": "kotlin/annotation/annotation.kotlin_builtins", "sha256": "f7c93e7067ca12ba9b3d94c6e540e4c23cb6fdd8c9aff704b553caba650fc357", "type": "unknown", "size": 926}, {"detection_ratio": [0, 72], "datetime": "1981-01-01 01:01:02", "filename": "kotlin/collections/collections.kotlin_builtins", "sha256": "539b85c2403f6ef0638161ad99df7b11256412e9411335ed2ea3931a3efd7c76", "type": "unknown", "size": 3685}, {"detection_ratio": [0, 73], "datetime": "1981-01-01 01:01:02", "filename": "kotlin/coroutines/coroutines.kotlin_builtins", "sha256": "59a6d632b8a9f5dba26f2a689c3865e195351df7c3c08aa1669fe0df9f9eb883", "type": "unknown", "size": 200}, {"detection_ratio": [0, 73], "datetime": "1981-01-01 01:01:02", "filename": "kotlin/internal/internal.kotlin_builtins", "sha256": "5086a7454ae0e987a5f568b9d23ab5091e159eea0bd7a0e5f272a15c908e49c4", "type": "unknown", "size": 758}, {"detection_ratio": [0, 73], "datetime": "1981-01-01 01:01:02", "filename": "kotlin/kotlin.kotlin_builtins", "sha256": "9c33cf0796e59d5f74461344a4e9a299aa6cfef7ece63c883302bda9450c3da8", "type": "unknown", "size": 14151}, {"detection_ratio": [0, 72], "datetime": "1981-01-01 01:01:02", "filename": "kotlin/ranges/ranges.kotlin_builtins", "sha256": "335182cac7851f803916c3c7b171d1f9627f5546528fb3c7c4e0ab0f8b9fcd53", "type": "unknown", "size": 2301}, {"detection_ratio": [0, 73], "datetime": "1981-01-01 01:01:02", "filename": "kotlin/reflect/reflect.kotlin_builtins", "sha256": "09f61ebf84332081e0293f348ab0ef3f1835f23a51711a0d6d4ef7fd4ec8b9d7", "type": "unknown", "size": 2338}, {"detection_ratio": [0, 74], "datetime": "1981-01-01 01:01:02", "filename": "play-services-ads-identifier.properties", "sha256": "3f13c6191663f1a036021b9360885adf079a9bc862a6e1e4b7139fb6da78f2b3", "type": "unknown", "size": 94}, {"detection_ratio": [0, 74], "datetime": "1981-01-01 01:01:02", "filename": "play-services-basement.properties", "sha256": "f5a59c00de8762bb8bfe1fb6627c73d85833f4e6bf60e69678fa1e05aa6290cd", "type": "unknown", "size": 82}, {"detection_ratio": [0, 73], "datetime": "1981-01-01 01:01:02", "filename": "res/a/a.xml", "sha256": "3067b94eebe8ac9e3a45599822f99d807d712f424494e9fc9cdd28cfb6bdae6a", "type": "XML", "size": 388}, {"detection_ratio": [0, 72], "datetime": "1981-01-01 01:01:02", "filename": "res/a/a0.xml", "sha256": "eaf226a569519284df5c4027699f82906ca6f6136a2e12b3d845a708855991dc", "type": "XML", "size": 400}, {"detection_ratio": [0, 73], "datetime": "1981-01-01 01:01:02", "filename": "res/a/b.xml", "sha256": "bbb0848d98a57a7d05ccddd0311383eef9842d3b1a8c361c429fa060de6f05b2", "type": "XML", "size": 388}, {"detection_ratio": [0, 71], "datetime": "1981-01-01 01:01:02", "filename": "res/a/c.xml", "sha256": "6617150e65368e03ae9b705f29c3fb6c04ed6e978825ed2aafe2bc27d5efe28c", "type": "XML", "size": 852}, {"detection_ratio": [0, 71], "datetime": "1981-01-01 01:01:02", "filename": "res/a/d.xml", "sha256": "a2941ba3c10cfb81f9c557be7eb07ff2bc2773b6203fe66a1641023bce9831cb", "type": "XML", "size": 508}, {"detection_ratio": [0, 71], "datetime": "1981-01-01 01:01:02", "filename": "res/a/e.xml", "sha256": "f25d4b975aa08551a2dffb0973bc62feb636ddfe13a5a5aa4558e425d6c14489", "type": "XML", "size": 508}, {"detection_ratio": [0, 71], "datetime": "1981-01-01 01:01:02", "filename": "res/a/f.xml", "sha256": "f56413261b7d8538a0519cb45b797eeb096c2901475644b62ef2c2e8333cb50d", "type": "XML", "size": 852}, {"detection_ratio": [0, 74], "datetime": "1981-01-01 01:01:02", "filename": "res/a/g.xml", "sha256": "486ad705ae37ff41dfabc952fe5f288e5c7bad1d8ddccd37ab09f26d355415a1", "type": "XML", "size": 396}, {"detection_ratio": [0, 74], "datetime": "1981-01-01 01:01:02", "filename": "res/a/h.xml", "sha256": "d60b273289d358f2b3eea13fa097b1cf2198eb37517f7dc9c312ed3e2b465256", "type": "XML", "size": 396}, {"detection_ratio": [0, 73], "datetime": "1981-01-01 01:01:02", "filename": "res/a/i.xml", "sha256": "e0259df82b318cd7d095daae2cb3d4ee6565adefd6def8c11675649f63717ee5", "type": "XML", "size": 396}, {"detection_ratio": [0, 72], "datetime": "1981-01-01 01:01:02", "filename": "res/a/j.xml", "sha256": "0a61ab9fb3d5a2256eb81bd9e63340da925695b00ed53030abfb31d35bd384df", "type": "XML", "size": 396}, {"detection_ratio": [0, 71], "datetime": "1981-01-01 01:01:02", "filename": "res/a/k.xml", "sha256": "d0d9142bc23c61548ef5836dcb938f11e2c915f3372f60a874c89403c0c40524", "type": "XML", "size": 388}, {"detection_ratio": [0, 71], "datetime": "1981-01-01 01:01:02", "filename": "res/a/l.xml", "sha256": "8b8d7855de83821864c90346b044153b8ec6df220f7f0461c1d0e0a5d82871f6", "type": "XML", "size": 388}, {"detection_ratio": [0, 71], "datetime": "1981-01-01 01:01:02", "filename": "res/a/m.xml", "sha256": "2d27fd6517f1de6cf34e19cba2917fb28750a3c6bd5ad365267c416aa13489d6", "type": "XML", "size": 2124}, {"detection_ratio": [0, 71], "datetime": "1981-01-01 01:01:02", "filename": "res/a/n.xml", "sha256": "9ab7efb5c7f05c543c384e9f2f04686298dbe1586d469c86ca258e7074947527", "type": "XML", "size": 2780}, {"detection_ratio": [0, 71], "datetime": "1981-01-01 01:01:02", "filename": "res/a/o.xml", "sha256": "6bd6c250d723381fc0d9928593d86103e7c2bf09c786349566d935d2327278b5", "type": "XML", "size": 1196}, {"detection_ratio": [0, 71], "datetime": "1981-01-01 01:01:02", "filename": "res/a/p.xml", "sha256": "c87557437f158ce5f53183874674d2571a99e85dcb13ed46d6d203975b3dcbff", "type": "XML", "size": 2360}, {"detection_ratio": [0, 72], "datetime": "1981-01-01 01:01:02", "filename": "res/a/q.xml", "sha256": "b880f31abaed0e63e6501ae40b408503f16050ada7033ed2d51de3078b603733", "type": "XML", "size": 2520}, {"detection_ratio": [0, 73], "datetime": "1981-01-01 01:01:02", "filename": "res/a/r.xml", "sha256": "991d00a5e4ee0175396e37be6d4382e6552f502f4113cd8c420969b6725ebe69", "type": "XML", "size": 1196}, {"detection_ratio": [0, 72], "datetime": "1981-01-01 01:01:02", "filename": "res/a/s.xml", "sha256": "89ec2b3c9369e347bd6d77d4ff1be743ecbd955193cc00b368744f58e9e2e626", "type": "XML", "size": 1656}, {"detection_ratio": [0, 71], "datetime": "1981-01-01 01:01:02", "filename": "res/a/t.xml", "sha256": "395187ec66f1a9eb1c045bcfb5b0a07feb549315570423d4f3c4c93a997bad66", "type": "XML", "size": 1656}, {"detection_ratio": [0, 71], "datetime": "1981-01-01 01:01:02", "filename": "res/a/u.xml", "sha256": "61511d9fd55b6ccae13b40372adda829d4055fae6f5f5ee1746151f2c9d4208d", "type": "XML", "size": 1028}, {"detection_ratio": [0, 71], "datetime": "1981-01-01 01:01:02", "filename": "res/a/v.xml", "sha256": "65c5564899708a0935601cfeceed1ab2d7f300e9872ccaf663cede054cfba298", "type": "XML", "size": 1656}, {"detection_ratio": [0, 72], "datetime": "1981-01-01 01:01:02", "filename": "res/a/w.xml", "sha256": "1cea1db278d3e121887fc8c12e14c0453d03880c3ab5f75b355964ad4ca36b37", "type": "XML", "size": 1656}, {"detection_ratio": [0, 71], "datetime": "1981-01-01 01:01:02", "filename": "res/a/x.xml", "sha256": "88c140c333248314fd4ba90147908d8c6408cf56cbc029e7f0f55d5ef89d4473", "type": "XML", "size": 1028}, {"detection_ratio": [0, 72], "datetime": "1981-01-01 01:01:02", "filename": "res/a/y.xml", "sha256": "193e06875ef59f3d92f87e8c56986dfae3500e747275ea6555d8b8892e504b8e", "type": "XML", "size": 312}, {"detection_ratio": [0, 73], "datetime": "1981-01-01 01:01:02", "filename": "res/a/z.xml", "sha256": "c8aa902a6f828a1866bdae23f874d10766cf25ae1972fceaff9feec3b4248970", "type": "XML", "size": 312}, {"datetime": "1981-01-01 01:01:02", "sha256": "0b3541a92ae573a365dcabd234e5ba833aad8ab8de6969c65d3f084e1138dce0", "type": "XML", "filename": "res/a0/a.xml", "size": 1208}, {"datetime": "1981-01-01 01:01:02", "sha256": "89ccd30478453ea9b2ccc7d4901fa465f748e5a6cb58a361e5a6eec5554e45f7", "type": "XML", "filename": "res/a0/b.xml", "size": 1352}, {"datetime": "1981-01-01 01:01:02", "sha256": "2442d3660f2ba60bad6234ec63552995cc1466b76e3345bfb592f6819c5d79da", "type": "XML", "filename": "res/a1/a.xml", "size": 1584}, {"datetime": "1981-01-01 01:01:02", "sha256": "dbd1a61d12641353190c2e36dffe8217da8bbfc7668e76eea40bd47b06fa8675", "type": "XML", "filename": "res/a1/b.xml", "size": 3184}, {"datetime": "1981-01-01 01:01:02", "sha256": "135d335cddeae3f48a8f21e77d9456e86a61be7f743da81d849226928b23d404", "type": "XML", "filename": "res/a1/c.xml", "size": 1764}, {"datetime": "1981-01-01 01:01:02", "sha256": "03a19adcbfcb5d92280e4dc14399097c7d54ae08ae64a6d99827cb413df78da2", "type": "XML", "filename": "res/a2/a.xml", "size": 528}], "uncompressed_size": 10700008}, "androguard": {"Activities": ["com.magickeybo.ardsfonts.KeyboardPrefsActivity", "com.magickeybo.ardsfonts.ThemeParserActivity", "com.magickeybo.ardsfonts.MainActivity", "com.facebook.FacebookActivity", "com.facebook.CustomTabActivity", "com.facebook.CustomTabMainActivity"], "AndroidVersionCode": "1", "certificate": {"validto": "2051-07-26 14:43:15", "serialnumber": "116f147a2506db28d6fa0611f9654ec4d7770091", "Issuer": {"DN": "C:US, CN:Android, L:Mountain View, O:Google Inc., ST:California, OU:Android", "C": "US", "CN": "Android", "L": "Mountain View", "O": "Google Inc.", "ST": "California", "OU": "Android"}, "thumbprint": "9f446bda75c117658e5890d77de72b459281381c", "validfrom": "2021-07-26 14:43:15", "Subject": {"DN": "C:US, CN:Android, L:Mountain View, O:Google Inc., ST:California, OU:Android", "C": "US", "CN": "Android", "L": "Mountain View", "O": "Google Inc.", "ST": "California", "OU": "Android"}}, "VTAndroidInfo": 2, "AndroidApplication": 1, "Package": "com.magickeybo.ardsfonts", "AndroidApplicationError": false, "intent-filters": {"Activities": {"com.facebook.CustomTabActivity": {"action": ["android.intent.action.VIEW"], "category": ["android.intent.category.DEFAULT", "android.intent.category.BROWSABLE"]}, "com.magickeybo.ardsfonts.KeyboardPrefsActivity": {"action": ["android.intent.action.MAIN", "android.intent.action.VIEW"], "category": ["android.intent.category.LAUNCHER", "android.intent.category.DEFAULT", "android.intent.category.BROWSABLE"]}}, "Receivers": {"com.facebook.CurrentAccessTokenExpirationBroadcastReceiver": {"action": ["com.facebook.sdk.ACTION_CURRENT_ACCESS_TOKEN_CHANGED"]}, "com.appsflyer.SingleInstallBroadcastReceiver": {"action": ["com.android.vending.INSTALL_REFERRER"]}}}, "Main Activity": "com.magickeybo.ardsfonts.KeyboardPrefsActivity", "StringsInformation": ["http://play.google.com/store/apps/details?id=com.facebook.orca", "http://schemas.android.com/apk/res-auto", "http://schemas.android.com/apk/res/android", "https://%s/%s", "https://%sadrevenue.%s/api/v", "https://%sapp.%s", "https://%sattr.%s/api/v", "https://%sconversions.%s/api/v", "https://%sdlsdk.%s/v1.0/android/", "https://%sgcdsdk.%s/install_data/v4.0/", "https://%simpression.%s", "https://%sinapps.%s/api/v", "https://%slaunches.%s/api/v", "https://%smonitorsdk.%s/remote-debug?app_id=", "https://%sonelink.%s/shortlink-sdk/", "https://%sregister.%s/api/v", "https://%ssdk-services.%s/validate-android-signature", "https://%sstats.%s/stats", "https://%svalidate.%s/api/v", "https://.facebook.com", "https://facebook.com", "https://facebook.com/device?user_code=%1$s&qr=1", "https://fb.gg/me/community/", "https://fb.gg/me/friendfinder/", "https://fb.gg/me/media_asset/", "https://graph-video.%s", "https://graph.%s", "https://pagead2.googlesyndication.com/pagead/gen_204?id=gmob-apps", "https://plus.google.com/", "https://www.example.com", "https://www.googleapis.com/auth/appstate", "https://www.googleapis.com/auth/datastoremobile", "https://www.googleapis.com/auth/drive", "https://www.googleapis.com/auth/drive.appdata", "https://www.googleapis.com/auth/drive.apps", "https://www.googleapis.com/auth/drive.file", "https://www.googleapis.com/auth/fitness.activity.read", "https://www.googleapis.com/auth/fitness.activity.write", "https://www.googleapis.com/auth/fitness.blood_glucose.read", "https://www.googleapis.com/auth/fitness.blood_glucose.write", "https://www.googleapis.com/auth/fitness.blood_pressure.read", "https://www.googleapis.com/auth/fitness.blood_pressure.write", "https://www.googleapis.com/auth/fitness.body.read", "https://www.googleapis.com/auth/fitness.body.write", "https://www.googleapis.com/auth/fitness.body_temperature.read", "https://www.googleapis.com/auth/fitness.body_temperature.write", "https://www.googleapis.com/auth/fitness.location.read", "https://www.googleapis.com/auth/fitness.location.write", "https://www.googleapis.com/auth/fitness.nutrition.read", "https://www.googleapis.com/auth/fitness.nutrition.write", "https://www.googleapis.com/auth/fitness.oxygen_saturation.read", "https://www.googleapis.com/auth/fitness.oxygen_saturation.write", "https://www.googleapis.com/auth/fitness.reproductive_health.read", "https://www.googleapis.com/auth/fitness.reproductive_health.write", "https://www.googleapis.com/auth/games", "https://www.googleapis.com/auth/games.firstparty", "https://www.googleapis.com/auth/games_lite", "https://www.googleapis.com/auth/plus.login", "https://www.googleapis.com/auth/plus.me"], "Providers": ["com.facebook.internal.FacebookInitProvider"], "AndroidVersionName": "1.0", "RiskIndicator": {"APK": {"DEX": 1}, "PERM": {"PRIVACY": 1, "INSTANT": 1, "INTERNET": 1, "NORMAL": 2}}, "MinSdkVersion": "21", "AndroidApplicationInfo": "APK", "TargetSdkVersion": "30", "Receivers": ["com.appsflyer.SingleInstallBroadcastReceiver", "com.facebook.CurrentAccessTokenExpirationBroadcastReceiver"], "AndroguardVersion": "3.4.0a1", "Permissions": {"com.google.android.finsky.permission.BIND_GET_INSTALL_REFERRER_SERVICE": ["normal", "Unknown permission from android reference", "Unknown permission from android reference"], "android.permission.ACCESS_NETWORK_STATE": ["normal|instant", "view network connections", "Allows the app to view\n      information about network connections such as which networks exist and are\n      connected."], "android.permission.READ_PHONE_STATE": ["dangerous", "read phone status and identity", "Allows the app to access the phone\n      features of the device.  This permission allows the app to determine the\n      phone number and device IDs, whether a call is active, and the remote number\n      connected by a call."], "android.permission.INTERNET": ["normal|instant", "have full network access", "Allows the app to create\n     network sockets and use custom network protocols. The browser and other\n     applications provide means to send data to the internet, so this\n     permission is not required to send data to the internet."], "android.permission.ACCESS_WIFI_STATE": ["normal", "view Wi-Fi connections", "Allows the app to view information\n      about Wi-Fi networking, such as whether Wi-Fi is enabled and name of\n      connected Wi-Fi devices."]}}}, "size": 4506129, "authentihash": null, "times_submitted": 2, "harmless_votes": 0, "malicious_votes": 0, "sha256": "414bc4bea8e3562841d07ccf560790106d9496891633f34814054741f0c697b9", "type": "Android", "scans": {"Bkav": {"detected": false, "version": "1.3.0.9899", "result": null, "update": "20211102"}, "Lionic": {"detected": true, "version": "4.2", "result": "Adware.AndroidOS.Vuad.A!c", "update": "20211103"}, "ClamAV": {"detected": false, "version": "0.104.0.0", "result": null, "update": "20211102"}, "CMC": {"detected": false, "version": "2.10.2019.1", "result": null, "update": "20211026"}, "CAT-QuickHeal": {"detected": true, "version": "14.00", "result": "Android.Vuad.A61c2 (AdWare)", "update": "20211103"}, "McAfee": {"detected": true, "version": "6.0.6.653", "result": "Artemis!857FE1D61832", "update": "20211103"}, "ALYac": {"detected": false, "version": "1.1.3.1", "result": null, "update": "20211103"}, "Malwarebytes": {"detected": false, "version": "4.2.2.27", "result": null, "update": "20211103"}, "VIPRE": {"detected": false, "version": "96678", "result": null, "update": "20211103"}, "Sangfor": {"detected": false, "version": "2.9.0.0", "result": null, "update": "20210930"}, "K7AntiVirus": {"detected": false, "version": "11.225.39131", "result": null, "update": "20211103"}, "BitDefender": {"detected": false, "version": "7.2", "result": null, "update": "20211103"}, "K7GW": {"detected": true, "version": "11.225.39131", "result": "Trojan ( 00573e651 )", "update": "20211103"}, "Trustlook": {"detected": true, "version": "1.0", "result": "Android.Malware.General", "update": "20211103"}, "Arcabit": {"detected": false, "version": "1.0.0.886", "result": null, "update": "20211103"}, "Baidu": {"detected": false, "version": "1.0.0.2", "result": null, "update": "20190318"}, "Cyren": {"detected": true, "version": "6.3.0.2", "result": "AndroidOS/Trojan.ZIUR-6", "update": "20211103"}, "SymantecMobileInsight": {"detected": true, "version": "2.0", "result": "AppRisk:Generisk", "update": "20210126"}, "Symantec": {"detected": true, "version": "1.16.0.0", "result": "Trojan.Gen.MBT", "update": "20211103"}, "ESET-NOD32": {"detected": true, "version": "24229", "result": "a variant of Android/Obfus.RL", "update": "20211103"}, "TrendMicro-HouseCall": {"detected": false, "version": "10.0.0.1040", "result": null, "update": "20211101"}, "Avast": {"detected": true, "version": "21.1.5827.0", "result": "Android:UltimaSMS-A [Scam]", "update": "20211103"}, "Cynet": {"detected": true, "version": "4.0.0.27", "result": "Malicious (score: 99)", "update": "20211103"}, "Kaspersky": {"detected": true, "version": "21.0.1.45", "result": "not-a-virus:HEUR:AdWare.AndroidOS.Vuad.d", "update": "20211103"}, "Alibaba": {"detected": true, "version": "0.3.0.5", "result": "AdWare:Android/Obfus.964a7da1", "update": "20190527"}, "NANO-Antivirus": {"detected": false, "version": "1.0.146.25370", "result": null, "update": "20211103"}, "SUPERAntiSpyware": {"detected": false, "version": "5.6.0.1032", "result": null, "update": "20211030"}, "MicroWorld-eScan": {"detected": false, "version": "14.0.409.0", "result": null, "update": "20211103"}, "Rising": {"detected": false, "version": "25.0.0.26", "result": null, "update": "20211103"}, "Ad-Aware": {"detected": false, "version": "3.0.21.193", "result": null, "update": "20211103"}, "Emsisoft": {"detected": false, "version": "2021.5.0.7597", "result": null, "update": "20211103"}, "Comodo": {"detected": false, "version": "34044", "result": null, "update": "20211102"}, "F-Secure": {"detected": false, "version": "12.0.86.52", "result": null, "update": "20211103"}, "DrWeb": {"detected": true, "version": "7.0.52.8270", "result": "Tool.Obfuscapk.1", "update": "20211103"}, "Zillya": {"detected": true, "version": "2.0.0.4487", "result": "Adware.Vuad.Android.1452", "update": "20211102"}, "TrendMicro": {"detected": false, "version": "11.0.0.1006", "result": null, "update": "20211103"}, "McAfee-GW-Edition": {"detected": true, "version": "v2019.1.2+3728", "result": "Artemis!PUP", "update": "20211102"}, "FireEye": {"detected": false, "version": "32.44.1.0", "result": null, "update": "20211103"}, "Sophos": {"detected": true, "version": "1.4.1.0", "result": "Andr/SmsScam-B", "update": "20211103"}, "Ikarus": {"detected": true, "version": "0.1.5.2", "result": "Trojan.AndroidOS.Obfus", "update": "20211102"}, "Avast-Mobile": {"detected": true, "version": "211102-00", "result": "Android:UltimaSMS-A [Scam]", "update": "20211102"}, "Jiangmin": {"detected": false, "version": "16.0.100", "result": null, "update": "20211102"}, "Avira": {"detected": true, "version": "8.3.3.12", "result": "ANDROID/Obfuscated.FJHI.Gen", "update": "20211103"}, "Antiy-AVL": {"detected": true, "version": "3.0.0.1", "result": "Trojan/Generic.ASMalwAD.E2", "update": "20211103"}, "Gridinsoft": {"detected": false, "version": "1.0.60.158", "result": null, "update": "20211103"}, "Microsoft": {"detected": true, "version": "1.1.18700.4", "result": "Trojan:AndroidOS/UltimaSMS.A!MTB", "update": "20211103"}, "ViRobot": {"detected": false, "version": "2014.3.20.0", "result": null, "update": "20211103"}, "ZoneAlarm": {"detected": true, "version": "1.0", "result": "not-a-virus:HEUR:AdWare.AndroidOS.Vuad.b", "update": "20211102"}, "GData": {"detected": false, "version": "A:25.31229B:27.25015", "result": null, "update": "20211103"}, "BitDefenderFalx": {"detected": true, "version": "2.0.936", "result": "Android.Adware.Agent.BL", "update": "20210610"}, "AhnLab-V3": {"detected": true, "version": "3.21.1.10219", "result": "PUP/Android.PremiumSMS.1050701", "update": "20211103"}, "BitDefenderTheta": {"detected": false, "version": "7.2.37796.0", "result": null, "update": "20211021"}, "TACHYON": {"detected": false, "version": "2021-11-03.02", "result": null, "update": "20211103"}, "VBA32": {"detected": false, "version": "5.0.0", "result": null, "update": "20211102"}, "Zoner": {"detected": false, "version": "0.0.0.0", "result": null, "update": "20211102"}, "Tencent": {"detected": true, "version": "1.0.0.1", "result": "Android.Trojan.Obfus.Eadr", "update": "20211103"}, "Yandex": {"detected": false, "version": "5.5.2.24", "result": null, "update": "20211103"}, "MAX": {"detected": true, "version": "2019.9.16.1", "result": "malware (ai score=99)", "update": "20211103"}, "MaxSecure": {"detected": false, "version": "1.0.0.1", "result": null, "update": "20211102"}, "Fortinet": {"detected": true, "version": "6.2.142.0", "result": "Android/Obfus.QF!tr", "update": "20211103"}, "AVG": {"detected": true, "version": "21.1.5827.0", "result": "Android:UltimaSMS-A [Scam]", "update": "20211103"}, "Panda": {"detected": false, "version": "4.6.4.2", "result": null, "update": "20211102"}}, "tags": ["reflection", "apk", "runtime-modules", "crypto", "telephony", "android"], "scan_id": "414bc4bea8e3562841d07ccf560790106d9496891633f34814054741f0c697b9-1635927849", "unique_sources": 2, "positives": 29, "ssdeep": "98304:mIOqTkwsBy2ccwMV7dxFunbTc3winwTg8jS1+vZBECD986tPm:mIFTmBy2c+7BunbTKnwk8Xvsie68", "md5": "857fe1d61832bf07972ee6adc8cf282c", "permalink": "https://www.virustotal.com/gui/file/414bc4bea8e3562841d07ccf560790106d9496891633f34814054741f0c697b9/detection/f-414bc4bea8e3562841d07ccf560790106d9496891633f34814054741f0c697b9-1635927849", "sha1": "96eb1560cba8b84294f3edf9c5a719495dabc4d7", "submission": {"submitter_region": "l", "date": "2021-11-03 08:24:09", "submitter_country": "LU", "filename": "414BC4BEA8E3562841D07CCF560790106D9496891633F34814054741F0C697B9"}, "response_code": 1, "community_reputation": 0, "verbose_msg": "Scan finished, information embedded", "ITW_urls": [], "last_seen": "2021-11-03 08:24:09"}