{"vhash": "ff53c727ee16050df6c8370844ce70ec", "submission_names": ["486d6a713d8c907df70a919729ac685328ab91a8977c2e352165640c4bd4d507.bin", "FlashPlayer.apk"], "scan_date": "2021-11-03 08:18:57", "first_seen": "2021-10-20 13:54:49", "total": 64, "additional_info": {"magic": "Zip archive data, at least v2.0 to extract", "compressed_parents": ["315c844df9b9b9aaa9055f85210ef237e9f13b799e8f31db52e31c17c8622488"], "exiftool": {"MIMEType": "application/zip", "ZipRequiredVersion": "20", "ZipCRC": "0xc286b3e1", "FileType": "ZIP", "ZipCompression": "Deflated", "ZipUncompressedSize": "14372", "ZipCompressedSize": "3296", "FileTypeExtension": "zip", "ZipFileName": "AndroidManifest.xml", "ZipBitFlag": "0x0800", "ZipModifyDate": "1980:00:00 00:00:00"}, "trid": "Android Package (57.0%)\nJava Archive (20.0%)\nSweet Home 3D design (generic) (15.5%)\nZIP compressed archive (5.9%)\nPrintFox/Pagefox bitmap (640x800) (1.4%)", "positives_delta": 2, "compressedview": {"highest_datetime": "1980-00-00 00:00:00", "lowest_datetime": "1980-00-00 00:00:00", "num_children": 428, "extensions": {"dex": 1, "xml": 139, "MF": 1, "gz": 1, "RSA": 1, "so": 1, "SF": 1, "png": 256}, "file_types": {"DEX": 1, "XML": 139, "ELF": 1, "PNG": 256, "unknown": 31}, "type": "APK", "children": [{"detection_ratio": [1, 73], "datetime": "1980-00-00 00:00:00", "filename": "AndroidManifest.xml", "sha256": "8a6d6dcf31e0453d23d2aaaddb927adb8711976d0a5a17ccf46317bc10d31f13", "type": "XML", "size": 14372}, {"detection_ratio": [0, 73], "datetime": "1980-00-00 00:00:00", "filename": "META-INF/androidx.appcompat_appcompat.version", "sha256": "59854984853104df5c353e2f681a15fc7924742f9a2e468c29af248dce45ce03", "type": "unknown", "size": 6}, {"detection_ratio": [0, 73], "datetime": "1980-00-00 00:00:00", "filename": "META-INF/androidx.arch.core_core-runtime.version", "sha256": "c28fcca53637bc88e124af1725df13cb98c69dedefd62fb3cdbe1cdb6b760624", "type": "unknown", "size": 6}, {"detection_ratio": [0, 73], "datetime": "1980-00-00 00:00:00", "filename": "META-INF/androidx.asynclayoutinflater_asynclayoutinflater.version", "sha256": "59854984853104df5c353e2f681a15fc7924742f9a2e468c29af248dce45ce03", "type": "unknown", "size": 6}, {"detection_ratio": [0, 73], "datetime": "1980-00-00 00:00:00", "filename": "META-INF/androidx.coordinatorlayout_coordinatorlayout.version", "sha256": "59854984853104df5c353e2f681a15fc7924742f9a2e468c29af248dce45ce03", "type": "unknown", "size": 6}, {"detection_ratio": [0, 73], "datetime": "1980-00-00 00:00:00", "filename": "META-INF/androidx.core_core.version", "sha256": "59854984853104df5c353e2f681a15fc7924742f9a2e468c29af248dce45ce03", "type": "unknown", "size": 6}, {"detection_ratio": [0, 73], "datetime": "1980-00-00 00:00:00", "filename": "META-INF/androidx.cursoradapter_cursoradapter.version", "sha256": "59854984853104df5c353e2f681a15fc7924742f9a2e468c29af248dce45ce03", "type": "unknown", "size": 6}, {"detection_ratio": [0, 73], "datetime": "1980-00-00 00:00:00", "filename": "META-INF/androidx.customview_customview.version", "sha256": "59854984853104df5c353e2f681a15fc7924742f9a2e468c29af248dce45ce03", "type": "unknown", "size": 6}, {"detection_ratio": [0, 73], "datetime": "1980-00-00 00:00:00", "filename": "META-INF/androidx.documentfile_documentfile.version", "sha256": "59854984853104df5c353e2f681a15fc7924742f9a2e468c29af248dce45ce03", "type": "unknown", "size": 6}, {"detection_ratio": [0, 73], "datetime": "1980-00-00 00:00:00", "filename": "META-INF/androidx.drawerlayout_drawerlayout.version", "sha256": "59854984853104df5c353e2f681a15fc7924742f9a2e468c29af248dce45ce03", "type": "unknown", "size": 6}, {"detection_ratio": [0, 73], "datetime": "1980-00-00 00:00:00", "filename": "META-INF/androidx.fragment_fragment.version", "sha256": "59854984853104df5c353e2f681a15fc7924742f9a2e468c29af248dce45ce03", "type": "unknown", "size": 6}, {"detection_ratio": [0, 73], "datetime": "1980-00-00 00:00:00", "filename": "META-INF/androidx.interpolator_interpolator.version", "sha256": "59854984853104df5c353e2f681a15fc7924742f9a2e468c29af248dce45ce03", "type": "unknown", "size": 6}, {"detection_ratio": [0, 73], "datetime": "1980-00-00 00:00:00", "filename": "META-INF/androidx.legacy_legacy-support-core-ui.version", "sha256": "59854984853104df5c353e2f681a15fc7924742f9a2e468c29af248dce45ce03", "type": "unknown", "size": 6}, {"detection_ratio": [0, 73], "datetime": "1980-00-00 00:00:00", "filename": "META-INF/androidx.legacy_legacy-support-core-utils.version", "sha256": "59854984853104df5c353e2f681a15fc7924742f9a2e468c29af248dce45ce03", "type": "unknown", "size": 6}, {"detection_ratio": [0, 73], "datetime": "1980-00-00 00:00:00", "filename": "META-INF/androidx.lifecycle_lifecycle-livedata-core.version", "sha256": "c28fcca53637bc88e124af1725df13cb98c69dedefd62fb3cdbe1cdb6b760624", "type": "unknown", "size": 6}, {"detection_ratio": [0, 73], "datetime": "1980-00-00 00:00:00", "filename": "META-INF/androidx.lifecycle_lifecycle-livedata.version", "sha256": "c28fcca53637bc88e124af1725df13cb98c69dedefd62fb3cdbe1cdb6b760624", "type": "unknown", "size": 6}, {"detection_ratio": [0, 73], "datetime": "1980-00-00 00:00:00", "filename": "META-INF/androidx.lifecycle_lifecycle-runtime.version", "sha256": "c28fcca53637bc88e124af1725df13cb98c69dedefd62fb3cdbe1cdb6b760624", "type": "unknown", "size": 6}, {"detection_ratio": [0, 73], "datetime": "1980-00-00 00:00:00", "filename": "META-INF/androidx.lifecycle_lifecycle-viewmodel.version", "sha256": "c28fcca53637bc88e124af1725df13cb98c69dedefd62fb3cdbe1cdb6b760624", "type": "unknown", "size": 6}, {"detection_ratio": [0, 73], "datetime": "1980-00-00 00:00:00", "filename": "META-INF/androidx.loader_loader.version", "sha256": "59854984853104df5c353e2f681a15fc7924742f9a2e468c29af248dce45ce03", "type": "unknown", "size": 6}, {"detection_ratio": [0, 73], "datetime": "1980-00-00 00:00:00", "filename": "META-INF/androidx.localbroadcastmanager_localbroadcastmanager.version", "sha256": "59854984853104df5c353e2f681a15fc7924742f9a2e468c29af248dce45ce03", "type": "unknown", "size": 6}, {"detection_ratio": [0, 73], "datetime": "1980-00-00 00:00:00", "filename": "META-INF/androidx.print_print.version", "sha256": "59854984853104df5c353e2f681a15fc7924742f9a2e468c29af248dce45ce03", "type": "unknown", "size": 6}, {"detection_ratio": [0, 73], "datetime": "1980-00-00 00:00:00", "filename": "META-INF/androidx.slidingpanelayout_slidingpanelayout.version", "sha256": "59854984853104df5c353e2f681a15fc7924742f9a2e468c29af248dce45ce03", "type": "unknown", "size": 6}, {"detection_ratio": [0, 73], "datetime": "1980-00-00 00:00:00", "filename": "META-INF/androidx.swiperefreshlayout_swiperefreshlayout.version", "sha256": "59854984853104df5c353e2f681a15fc7924742f9a2e468c29af248dce45ce03", "type": "unknown", "size": 6}, {"detection_ratio": [0, 73], "datetime": "1980-00-00 00:00:00", "filename": "META-INF/androidx.vectordrawable_vectordrawable-animated.version", "sha256": "59854984853104df5c353e2f681a15fc7924742f9a2e468c29af248dce45ce03", "type": "unknown", "size": 6}, {"detection_ratio": [0, 73], "datetime": "1980-00-00 00:00:00", "filename": "META-INF/androidx.vectordrawable_vectordrawable.version", "sha256": "59854984853104df5c353e2f681a15fc7924742f9a2e468c29af248dce45ce03", "type": "unknown", "size": 6}, {"detection_ratio": [0, 73], "datetime": "1980-00-00 00:00:00", "filename": "META-INF/androidx.versionedparcelable_versionedparcelable.version", "sha256": "59854984853104df5c353e2f681a15fc7924742f9a2e468c29af248dce45ce03", "type": "unknown", "size": 6}, {"detection_ratio": [0, 73], "datetime": "1980-00-00 00:00:00", "filename": "META-INF/androidx.viewpager_viewpager.version", "sha256": "59854984853104df5c353e2f681a15fc7924742f9a2e468c29af248dce45ce03", "type": "unknown", "size": 6}, {"detection_ratio": [29, 74], "datetime": "1980-00-00 00:00:00", "filename": "classes.dex", "sha256": "7c17c3c3a2d1c6f345d311cd59dd5d0e1e779c8992cf2a6df9d77f95df88f1ef", "type": "DEX", "size": 1385628}, {"detection_ratio": [0, 74], "datetime": "1980-00-00 00:00:00", "filename": "lib/armeabi-v7a/libjingle_peerconnection_so.so", "sha256": "53a1440d9203d116e0d33c53fc671eb9380c3293242fed84d3fb63b54317356a", "type": "ELF", "size": 4414340}, {"detection_ratio": [0, 72], "datetime": "1980-00-00 00:00:00", "filename": "okhttp3/internal/publicsuffix/publicsuffixes.gz", "sha256": "be8da686d208b34e4b3f0bf90aa2e0b7638295641132c3f0caa81b03499032ff", "type": "unknown", "size": 34000}, {"detection_ratio": [0, 72], "datetime": "1980-00-00 00:00:00", "filename": "res/anim/abc_fade_in.xml", "sha256": "1ced2e2209c1a3b5a178f318c1e15a734254deff39d17b3f321beaba86670fa4", "type": "XML", "size": 104}, {"detection_ratio": [0, 72], "datetime": "1980-00-00 00:00:00", "filename": "res/anim/abc_fade_out.xml", "sha256": "1ced2e2209c1a3b5a178f318c1e15a734254deff39d17b3f321beaba86670fa4", "type": "XML", "size": 104}, {"detection_ratio": [0, 76], "datetime": "1980-00-00 00:00:00", "filename": "res/anim/abc_grow_fade_in_from_bottom.xml", "sha256": "5cd45a18866672db10050204b12a2f3e025a51a359cbca467106bf1f343744a6", "type": "XML", "size": 852}, {"detection_ratio": [0, 74], "datetime": "1980-00-00 00:00:00", "filename": "res/anim/abc_popup_enter.xml", "sha256": "53da8301f8e7139f8f21b65dc48a5aee7497f4617f8252746be9e1a6cedc972f", "type": "XML", "size": 508}, {"detection_ratio": [0, 73], "datetime": "1980-00-00 00:00:00", "filename": "res/anim/abc_popup_exit.xml", "sha256": "8ab0883d7e49f86d7faaa9e3893e39575a0b3d7e01e9693b1e2f99e5f70f3dff", "type": "XML", "size": 508}, {"detection_ratio": [0, 76], "datetime": "1980-00-00 00:00:00", "filename": "res/anim/abc_shrink_fade_out_from_bottom.xml", "sha256": "818be87e34697e921907456ccb1a731bc55621c7aad825b157bc94dd441186c3", "type": "XML", "size": 852}, {"detection_ratio": [0, 72], "datetime": "1980-00-00 00:00:00", "filename": "res/anim/abc_slide_in_bottom.xml", "sha256": "1ced2e2209c1a3b5a178f318c1e15a734254deff39d17b3f321beaba86670fa4", "type": "XML", "size": 104}, {"detection_ratio": [0, 72], "datetime": "1980-00-00 00:00:00", "filename": "res/anim/abc_slide_in_top.xml", "sha256": "1ced2e2209c1a3b5a178f318c1e15a734254deff39d17b3f321beaba86670fa4", "type": "XML", "size": 104}, {"detection_ratio": [0, 72], "datetime": "1980-00-00 00:00:00", "filename": "res/anim/abc_slide_out_bottom.xml", "sha256": "1ced2e2209c1a3b5a178f318c1e15a734254deff39d17b3f321beaba86670fa4", "type": "XML", "size": 104}, {"detection_ratio": [0, 72], "datetime": "1980-00-00 00:00:00", "filename": "res/anim/abc_slide_out_top.xml", "sha256": "1ced2e2209c1a3b5a178f318c1e15a734254deff39d17b3f321beaba86670fa4", "type": "XML", "size": 104}, {"detection_ratio": [0, 73], "datetime": "1980-00-00 00:00:00", "filename": "res/anim/abc_tooltip_enter.xml", "sha256": "d55ccbcea937a5bebdcf58c2681c33fb4faf7cc4c92021529f01e55ecd73b401", "type": "XML", "size": 388}, {"detection_ratio": [0, 75], "datetime": "1980-00-00 00:00:00", "filename": "res/anim/abc_tooltip_exit.xml", "sha256": "312fe868b573ea071126e4eb34c768edea9724c9f193fced514b0ee119f69b17", "type": "XML", "size": 388}, {"detection_ratio": [0, 75], "datetime": "1980-00-00 00:00:00", "filename": "res/color-v21/abc_btn_colored_borderless_text_material.xml", "sha256": "455f6822cf283ae7a1be690b100dd4afce8c5c0cea54139658c8b094bcad1b8d", "type": "XML", "size": 464}, {"detection_ratio": [0, 75], "datetime": "1980-00-00 00:00:00", "filename": "res/color-v23/abc_btn_colored_borderless_text_material.xml", "sha256": "f94a5f41719ab576cd475c83a510559e09d93ccf265efcea291ec689ac66e69b", "type": "XML", "size": 500}, {"detection_ratio": [0, 72], "datetime": "1980-00-00 00:00:00", "filename": "res/color-v23/abc_btn_colored_text_material.xml", "sha256": "1ced2e2209c1a3b5a178f318c1e15a734254deff39d17b3f321beaba86670fa4", "type": "XML", "size": 104}, {"detection_ratio": [0, 73], "datetime": "1980-00-00 00:00:00", "filename": "res/color-v23/abc_color_highlight_material.xml", "sha256": "e5510a6a5dead0fb0b0ca46b028340c378d4fa4b4ec7fd7686a001cf82465acd", "type": "XML", "size": 544}, {"detection_ratio": [0, 74], "datetime": "1980-00-00 00:00:00", "filename": "res/color-v23/abc_tint_btn_checkable.xml", "sha256": "9e0081c65bf0aa6ae079d68d4c97f40ad33e138a782cd2fcbdbf987d707fc17e", "type": "XML", "size": 624}, {"detection_ratio": [0, 75], "datetime": "1980-00-00 00:00:00", "filename": "res/color-v23/abc_tint_default.xml", "sha256": "95fcd298f8bab557fad92d577de40ce80b58c8f12d0b004dc8bd7ade1ee4f87a", "type": "XML", "size": 1120}, {"detection_ratio": [0, 75], "datetime": "1980-00-00 00:00:00", "filename": "res/color-v23/abc_tint_edittext.xml", "sha256": "e306f7f4ff0a5226296b137083b1e99d9045f075132ff3ab1ff83149b41718d5", "type": "XML", "size": 668}, {"detection_ratio": [0, 74], "datetime": "1980-00-00 00:00:00", "filename": "res/color-v23/abc_tint_seek_thumb.xml", "sha256": "fc40f302942eb26346872e6c4aebb1d938a3e314d16d7785509f44b52c442dcb", "type": "XML", "size": 500}, {"detection_ratio": [0, 75], "datetime": "1980-00-00 00:00:00", "filename": "res/color-v23/abc_tint_spinner.xml", "sha256": "e306f7f4ff0a5226296b137083b1e99d9045f075132ff3ab1ff83149b41718d5", "type": "XML", "size": 668}, {"detection_ratio": [0, 74], "datetime": "1980-00-00 00:00:00", "filename": "res/color-v23/abc_tint_switch_track.xml", "sha256": "ac7eb0f2cac4fdaaecbbd01dfe61768a626e8ca1d2a3ee4ac8d40a34ca9c4938", "type": "XML", "size": 664}, {"detection_ratio": [0, 73], "datetime": "1980-00-00 00:00:00", "filename": "res/color/abc_background_cache_hint_selector_material_dark.xml", "sha256": "4f3d0ee7f9db0ed6d30e3d0bbb21ea236198d3a530cd9d85385ffd62e05bba47", "type": "XML", "size": 468}, {"detection_ratio": [0, 73], "datetime": "1980-00-00 00:00:00", "filename": "res/color/abc_background_cache_hint_selector_material_light.xml", "sha256": "b20892a535938da02418790ef16d83d15f53f411cc1e5b102ab379da7e4181ac", "type": "XML", "size": 468}, {"detection_ratio": [0, 72], "datetime": "1980-00-00 00:00:00", "filename": "res/color/abc_btn_colored_text_material.xml", "sha256": "1ced2e2209c1a3b5a178f318c1e15a734254deff39d17b3f321beaba86670fa4", "type": "XML", "size": 104}, {"detection_ratio": [0, 73], "datetime": "1980-00-00 00:00:00", "filename": "res/color/abc_hint_foreground_material_dark.xml", "sha256": "117c3ed563edc22b083abc8d37fbf42a295d3e2e8e6dfee3491b1755c449ad90", "type": "XML", "size": 564}, {"detection_ratio": [0, 73], "datetime": "1980-00-00 00:00:00", "filename": "res/color/abc_hint_foreground_material_light.xml", "sha256": "fc7e0d4d38a57927f96581120ce2680198d7772a8e44539e7f7fd59df99d1ee8", "type": "XML", "size": 564}, {"detection_ratio": [0, 73], "datetime": "1980-00-00 00:00:00", "filename": "res/color/abc_primary_text_disable_only_material_dark.xml", "sha256": "174a39e18a9cb469dbab04b60d1dacf9fe4cd740863d684983c8197849cefa6e", "type": "XML", "size": 464}, {"detection_ratio": [0, 73], "datetime": "1980-00-00 00:00:00", "filename": "res/color/abc_primary_text_disable_only_material_light.xml", "sha256": "1be8da4743ffe4aac192eea2d9f91dfd6c1146888faad8f957eda9cf5b12e585", "type": "XML", "size": 464}, {"detection_ratio": [0, 73], "datetime": "1980-00-00 00:00:00", "filename": "res/color/abc_primary_text_material_dark.xml", "sha256": "d3c0c30bedf4f58937200572a93652d9510c3b7992d6f9538d56ed9c295371d8", "type": "XML", "size": 464}, {"detection_ratio": [0, 73], "datetime": "1980-00-00 00:00:00", "filename": "res/color/abc_primary_text_material_light.xml", "sha256": "fed4a6bb2f80109f6eb424258f9c8a4f9eb3377c17a5ba0449b91b621fbd1383", "type": "XML", "size": 464}, {"detection_ratio": [0, 73], "datetime": "1980-00-00 00:00:00", "filename": "res/color/abc_search_url_text.xml", "sha256": "86e115c8e9d2dcf42a4b8062cf0ad593c7300f544a8df934bda6ebf72c53acfd", "type": "XML", "size": 588}, {"detection_ratio": [0, 73], "datetime": "1980-00-00 00:00:00", "filename": "res/color/abc_secondary_text_material_dark.xml", "sha256": "2c2369ca5489dd61c3bfd12353dee63bb5ddcbe782fa3d4a7320b978ce8bef34", "type": "XML", "size": 464}, {"detection_ratio": [0, 73], "datetime": "1980-00-00 00:00:00", "filename": "res/color/abc_secondary_text_material_light.xml", "sha256": "63a09ab2ab1e1bdd3d9160135a3e82f40e614a6f8b22a95b96f9aaa498586262", "type": "XML", "size": 464}, {"detection_ratio": [0, 75], "datetime": "1980-00-00 00:00:00", "filename": "res/color/abc_tint_btn_checkable.xml", "sha256": "9abc9ed9d7128ffee9f1a73dde90416b87675c08526030a75bc7566cf966b037", "type": "XML", "size": 728}, {"detection_ratio": [0, 75], "datetime": "1980-00-00 00:00:00", "filename": "res/color/abc_tint_default.xml", "sha256": "a4c676db07f5ed041880f14c3d66a5fe39b54688cdc0e4a9b1f1ddbfb153b113", "type": "XML", "size": 1224}, {"detection_ratio": [0, 74], "datetime": "1980-00-00 00:00:00", "filename": "res/color/abc_tint_edittext.xml", "sha256": "637222a293ae4421cb1b2cbf7efbf12da1c3b419681fdbd53d46550a33542b9b", "type": "XML", "size": 772}, {"detection_ratio": [0, 75], "datetime": "1980-00-00 00:00:00", "filename": "res/color/abc_tint_seek_thumb.xml", "sha256": "3f4ef877dbdcd4f7205102a88e78ba5bbb577f1a68caf5350b3c272bfaadbbe5", "type": "XML", "size": 604}, {"detection_ratio": [0, 75], "datetime": "1980-00-00 00:00:00", "filename": "res/color/abc_tint_spinner.xml", "sha256": "d46f046c2bf9bd64555d082e53d4da03300b982d8e51517d4f080d7fee44148c", "type": "XML", "size": 772}, {"detection_ratio": [0, 75], "datetime": "1980-00-00 00:00:00", "filename": "res/color/abc_tint_switch_track.xml", "sha256": "42c717a80e36e640d15b4b015052127869ab606e10554447662893ab728d64c0", "type": "XML", "size": 768}, {"detection_ratio": [0, 73], "datetime": "1980-00-00 00:00:00", "filename": "res/color/switch_thumb_material_dark.xml", "sha256": "630cec1241465d85446bec1ea9f4f81138d2f2da9f4e18e4db75d68e3925a7c8", "type": "XML", "size": 464}, {"detection_ratio": [0, 73], "datetime": "1980-00-00 00:00:00", "filename": "res/color/switch_thumb_material_light.xml", "sha256": "7b8eb692e80b266041a215fd1323d48f34a01a1d9ab1358d8d7f82c6e72ed6f3", "type": "XML", "size": 464}, {"detection_ratio": [0, 75], "datetime": "1980-00-00 00:00:00", "filename": "res/drawable-hdpi-v4/abc_ab_share_pack_mtrl_alpha.9.png", "sha256": "991f73be600ad8821a6743db54af513f9b047058e95066e22fcdd1d72032bc58", "type": "PNG", "size": 272}, {"detection_ratio": [0, 73], "datetime": "1980-00-00 00:00:00", "filename": "res/drawable-hdpi-v4/abc_btn_check_to_on_mtrl_000.png", "sha256": "5eca0280bd38a6887b6e41765cf5da573133874625001eb90156eaeb35fbe088", "type": "PNG", "size": 227}, {"detection_ratio": [0, 73], "datetime": "1980-00-00 00:00:00", "filename": "res/drawable-hdpi-v4/abc_btn_check_to_on_mtrl_015.png", "sha256": "5ced2ab774853050255d7309e10b76217813d56f3f8ab8fb73ac3f635d90c676", "type": "PNG", "size": 404}, {"detection_ratio": [0, 75], "datetime": "1980-00-00 00:00:00", "filename": "res/drawable-hdpi-v4/abc_btn_radio_to_on_mtrl_000.png", "sha256": "5080b07eb486ba05ede737b567eb2bb89d7b79a3edb5c2ca8141c6eba012b75d", "type": "PNG", "size": 464}, {"detection_ratio": [0, 73], "datetime": "1980-00-00 00:00:00", "filename": "res/drawable-hdpi-v4/abc_btn_radio_to_on_mtrl_015.png", "sha256": "7442cda653acbacdf9aef256aa191e5ebb6071a1747312aec45e1db8252a3cfb", "type": "PNG", "size": 563}, {"detection_ratio": [0, 73], "datetime": "1980-00-00 00:00:00", "filename": "res/drawable-hdpi-v4/abc_btn_switch_to_on_mtrl_00001.9.png", "sha256": "9f849bcd788adceb32f4c1a5aa892749bd1e244a3787bfbfbd30d3b6f5d8e9db", "type": "PNG", "size": 1096}, {"detection_ratio": [0, 74], "datetime": "1980-00-00 00:00:00", "filename": "res/drawable-hdpi-v4/abc_btn_switch_to_on_mtrl_00012.9.png", "sha256": "ab94afcb2bb325544c0c1103bf5109b827bf070f441faef909f856ae295a1cf0", "type": "PNG", "size": 1243}, {"detection_ratio": [0, 73], "datetime": "1980-00-00 00:00:00", "filename": "res/drawable-hdpi-v4/abc_cab_background_top_mtrl_alpha.9.png", "sha256": "67e701476927078d89ab0bbb39fff12d69702592a7a428237a21168a21ec1038", "type": "PNG", "size": 226}, {"detection_ratio": [0, 73], "datetime": "1980-00-00 00:00:00", "filename": "res/drawable-hdpi-v4/abc_ic_commit_search_api_mtrl_alpha.png", "sha256": "239d602c9c65f156fe024613207955ac8fbdd395ae6ec3efa51be98e3a4473f4", "type": "PNG", "size": 171}, {"detection_ratio": [0, 74], "datetime": "1980-00-00 00:00:00", "filename": "res/drawable-hdpi-v4/abc_ic_menu_copy_mtrl_am_alpha.png", "sha256": "3990d0047a49ab79c7417876fc0b298730f2d3525924f6d72a41a14ea84bb0b5", "type": "PNG", "size": 202}, {"detection_ratio": [0, 73], "datetime": "1980-00-00 00:00:00", "filename": "res/drawable-hdpi-v4/abc_ic_menu_cut_mtrl_alpha.png", "sha256": "500419896d42ee0818f210db317439df7458ad9f6f68f8b33690bd6f18c7d05a", "type": "PNG", "size": 404}, {"detection_ratio": [0, 73], "datetime": "1980-00-00 00:00:00", "filename": "res/drawable-hdpi-v4/abc_ic_menu_paste_mtrl_am_alpha.png", "sha256": "39aa138b792f6c1e1df99e0c1b748406b50aa6da3a864345f11bdedb3c0710a7", "type": "PNG", "size": 226}, {"detection_ratio": [0, 73], "datetime": "1980-00-00 00:00:00", "filename": "res/drawable-hdpi-v4/abc_ic_menu_selectall_mtrl_alpha.png", "sha256": "9ad2a7ae746b1293988f5642bf07ea09a27c04cd8ad8a4f2d8e83661a4897d3e", "type": "PNG", "size": 215}, {"detection_ratio": [0, 73], "datetime": "1980-00-00 00:00:00", "filename": "res/drawable-hdpi-v4/abc_ic_menu_share_mtrl_alpha.png", "sha256": "6603eec06d9b8a40b97bce71337f1a40f912f02d31d84a8150611377006f9e96", "type": "PNG", "size": 389}, {"detection_ratio": [0, 73], "datetime": "1980-00-00 00:00:00", "filename": "res/drawable-hdpi-v4/abc_ic_star_black_16dp.png", "sha256": "d87483d4eeeeeecb4e0880a0eb0c161f047bfce5004131bc46b1512c14c79cc0", "type": "PNG", "size": 263}, {"detection_ratio": [0, 73], "datetime": "1980-00-00 00:00:00", "filename": "res/drawable-hdpi-v4/abc_ic_star_black_36dp.png", "sha256": "428ed825ab284c918ed43866f9fa34c22f00553712924722b9b3186398b15551", "type": "PNG", "size": 522}, {"detection_ratio": [0, 73], "datetime": "1980-00-00 00:00:00", "filename": "res/drawable-hdpi-v4/abc_ic_star_black_48dp.png", "sha256": "ab07f37b6decfb6d159c9674538e3895892a77d99caf8d84b196a77d5893e341", "type": "PNG", "size": 668}, {"detection_ratio": [0, 73], "datetime": "1980-00-00 00:00:00", "filename": "res/drawable-hdpi-v4/abc_ic_star_half_black_16dp.png", "sha256": "89bb69d41cc1e2d8c6ebebc6297e08ab5f1c2d25e01423bc1e3e8acc233bc64e", "type": "PNG", "size": 197}, {"detection_ratio": [0, 75], "datetime": "1980-00-00 00:00:00", "filename": "res/drawable-hdpi-v4/abc_ic_star_half_black_36dp.png", "sha256": "0ba072579dc4ff23d6c7b10bd02a42d0c8dad68032685b48d33a102d9f156cb7", "type": "PNG", "size": 328}, {"detection_ratio": [0, 73], "datetime": "1980-00-00 00:00:00", "filename": "res/drawable-hdpi-v4/abc_ic_star_half_black_48dp.png", "sha256": "643427c4bd60867acad34aa1445b11b4d9eae3e9bb1ea5f5cd06b9606f68dc19", "type": "PNG", "size": 431}, {"detection_ratio": [0, 73], "datetime": "1980-00-00 00:00:00", "filename": "res/drawable-hdpi-v4/abc_list_divider_mtrl_alpha.9.png", "sha256": "378694706fb7256dd2248e2af854efd71ec7e8885f61da2e16a2bd32fcf3d0a9", "type": "PNG", "size": 167}, {"detection_ratio": [0, 75], "datetime": "1980-00-00 00:00:00", "filename": "res/drawable-hdpi-v4/abc_list_focused_holo.9.png", "sha256": "a2f1a37af8e699320a2fadbe54eeaa6112d5a3522d57d682edf04fe97be3b47e", "type": "PNG", "size": 244}, {"detection_ratio": [0, 73], "datetime": "1980-00-00 00:00:00", "filename": "res/drawable-hdpi-v4/abc_list_longpressed_holo.9.png", "sha256": "d5c644b00ee79bd4f1fcb789ebbf89e79c0c6fea878dfbc4a8c64c3be34b5b03", "type": "PNG", "size": 212}, {"detection_ratio": [0, 73], "datetime": "1980-00-00 00:00:00", "filename": "res/drawable-hdpi-v4/abc_list_pressed_holo_dark.9.png", "sha256": "a7523ccf037f7c31cf87a186feecb9139ef92d87e0702cabb08a31914b2b503e", "type": "PNG", "size": 208}, {"detection_ratio": [0, 73], "datetime": "1980-00-00 00:00:00", "filename": "res/drawable-hdpi-v4/abc_list_pressed_holo_light.9.png", "sha256": "91b8358e22ac1b8554c71a528414acf30088d9ad562bdac3814844771c14c8a9", "type": "PNG", "size": 208}, {"detection_ratio": [0, 73], "datetime": "1980-00-00 00:00:00", "filename": "res/drawable-hdpi-v4/abc_list_selector_disabled_holo_dark.9.png", "sha256": "89c28e887b0d60c01b35dcd2be654f416bffb66e8565716dc983e3b0204967e8", "type": "PNG", "size": 228}, {"detection_ratio": [0, 73], "datetime": "1980-00-00 00:00:00", "filename": "res/drawable-hdpi-v4/abc_list_selector_disabled_holo_light.9.png", "sha256": "475f03b3ccff04fce91a7a912142d150a000b1d011da003745dc2c0e3f5fb092", "type": "PNG", "size": 229}, {"detection_ratio": [0, 73], "datetime": "1980-00-00 00:00:00", "filename": "res/drawable-hdpi-v4/abc_menu_hardkey_panel_mtrl_mult.9.png", "sha256": "8fcf5b9da03c68dff65adfa8713db9ce3b5e423a9f5046f1785ab640c2a647fb", "type": "PNG", "size": 738}], "uncompressed_size": 6475272}, "androguard": {"Activities": ["hrevxqea.hgistuqw.Crystal", "hrevxqea.hgistuqw.React", "hrevxqea.hgistuqw.Ramp", "hrevxqea.hgistuqw.MainActivity", "hrevxqea.hgistuqw.DeliverSms"], "AndroidVersionCode": "2000001", "certificate": {"validto": "2045-08-02 16:17:29", "serialnumber": "14cbf84a", "Issuer": {"DN": "C:Unknown, CN:Unknown, L:Unknown, O:Unknown, ST:Unknown, OU:Unknown", "C": "Unknown", "CN": "Unknown", "L": "Unknown", "O": "Unknown", "ST": "Unknown", "OU": "Unknown"}, "thumbprint": "520a87add5f61b426b7458ef05655267853c008d", "validfrom": "2018-03-17 16:17:29", "Subject": {"DN": "C:Unknown, CN:Unknown, L:Unknown, O:Unknown, ST:Unknown, OU:Unknown", "C": "Unknown", "CN": "Unknown", "L": "Unknown", "O": "Unknown", "ST": "Unknown", "OU": "Unknown"}}, "VTAndroidInfo": 2, "AndroidApplication": 1, "Package": "hrevxqea.hgistuqw", "AndroidApplicationError": false, "intent-filters": {"Services": {"hrevxqea.hgistuqw.Headless": {"action": ["android.intent.action.RESPOND_VIA_MESSAGE"], "category": ["android.intent.category.DEFAULT"]}, "hrevxqea.hgistuqw.AutoService": {"action": ["android.accessibilityservice.AccessibilityService"]}}, "Activities": {"hrevxqea.hgistuqw.DeliverSms": {"action": ["android.intent.action.SEND", "android.intent.action.SENDTO"], "category": ["android.intent.category.DEFAULT", "android.intent.category.BROWSABLE"]}, "hrevxqea.hgistuqw.MainActivity": {"action": ["android.intent.action.MAIN"], "category": ["android.intent.category.LAUNCHER"]}}, "Receivers": {"hrevxqea.hgistuqw.Admin": {"action": ["android.app.action.DEVICE_ADMIN_ENABLED"]}, "hrevxqea.hgistuqw.Receiver": {"action": ["android.intent.action.BOOT_COMPLETED"]}, "hrevxqea.hgistuqw.Kryptosms": {"action": ["android.provider.Telephony.SMS_RECEIVED", "android.provider.Telephony.SMS_DELIVER"]}, "hrevxqea.hgistuqw.MmsRe": {"action": ["android.provider.Telephony.WAP_PUSH_DELIVER"]}}}, "Main Activity": "hrevxqea.hgistuqw.MainActivity", "Libraries": ["org.apache.http.legacy"], "StringsInformation": ["http://schemas.android.com/apk/res/android"], "AndroidVersionName": "1.2", "RiskIndicator": {"APK": {"DEX": 1, "SHARED LIBRARIES": 1}, "PERM": {"DEVELOPMENT": 2, "PRIVACY": 6, "NORMAL": 8, "APPOP": 3, "PRE23": 1, "EPHEMERAL": 2, "SYSTEM": 1, "DANGEROUS": 3, "PREINSTALLED": 1, "SMS": 5, "MONEY": 2, "SIGNATURE": 5, "INTERNET": 1}}, "Services": ["hrevxqea.hgistuqw.AppService", "hrevxqea.hgistuqw.Hiati", "hrevxqea.hgistuqw.PJService", "hrevxqea.hgistuqw.Lukas", "hrevxqea.hgistuqw.Meth", "hrevxqea.hgistuqw.AutoService", "hrevxqea.hgistuqw.Headless"], "MinSdkVersion": "21", "AndroidApplicationInfo": "APK", "TargetSdkVersion": "26", "Receivers": ["hrevxqea.hgistuqw.Admin", "hrevxqea.hgistuqw.Receiver", "hrevxqea.hgistuqw.Kryptosms", "hrevxqea.hgistuqw.MmsRe"], "AndroguardVersion": "3.4.0a1", "Permissions": {"android.permission.REQUEST_DELETE_PACKAGES": ["normal", "request delete packages", "Allows an application to request deletion of packages."], "android.permission.DISABLE_KEYGUARD": ["normal", "disable your screen lock", "Allows the app to disable the\n      keylock and any associated password security.  For example, the phone\n      disables the keylock when receiving an incoming phone call, then\n      re-enables the keylock when the call is finished."], "android.permission.INTERNET": ["normal|ephemeral", "have full network access", "Allows the app to create\n     network sockets and use custom network protocols. The browser and other\n     applications provide means to send data to the internet, so this\n     permission is not required to send data to the internet."], "android.permission.SEND_SMS": ["dangerous", "send and view SMS messages", "Allows the app to send SMS messages.\n     This may result in unexpected charges. Malicious apps may cost you money by\n     sending messages without your confirmation."], "android.permission.READ_PRIVILEGED_PHONE_STATE": ["signature|system", "", ""], "android.permission.WRITE_SMS": ["dangerous", "edit your text messages (SMS or MMS)", "Allows the app to write\n      to SMS messages stored on your phone or SIM card. Malicious apps\n      may delete your messages."], "android.permission.ACCESS_NETWORK_STATE": ["normal|ephemeral", "view network connections", "Allows the app to view\n      information about network connections such as which networks exist and are\n      connected."], "android.permission.WAKE_LOCK": ["normal|ephemeral", "prevent phone from sleeping", "Allows the app to prevent the phone from going to sleep."], "android.permission.PACKAGE_USAGE_STATS": ["signature|development|appop", "update component usage statistics", "Allows the app to modify collected component usage statistics. Not for use by normal apps."], "android.permission.WRITE_EXTERNAL_STORAGE": ["dangerous", "modify or delete the contents of your SD card", "Allows the app to write to the SD card."], "android.permission.RECEIVE_SMS": ["dangerous", "receive text messages (SMS)", "Allows the app to receive and process SMS\n      messages. This means the app could monitor or delete messages sent to your\n      device without showing them to you."], "android.permission.REQUEST_IGNORE_BATTERY_OPTIMIZATIONS": ["normal", "ask to ignore battery optimizations", "Allows an app to ask for permission to ignore battery optimizations for that app."], "android.permission.READ_EXTERNAL_STORAGE": ["dangerous", "read the contents of your SD card", "Allows the app to read the contents of your SD card."], "android.permission.RECEIVE_BOOT_COMPLETED": ["normal", "run at startup", "Allows the app to\n        have itself started as soon as the system has finished booting.\n        This can make it take longer to start the phone and allow the\n        app to slow down the overall phone by always running."], "android.permission.INJECT_EVENTS": ["signature", "press keys and control buttons", "Allows the app to deliver\n        its own input events (key presses, etc.) to other apps. Malicious\n        apps may use this to take over the phone."], "android.permission.CALL_PHONE": ["dangerous", "directly call phone numbers", "Allows the app to call phone numbers\n      without your intervention. This may result in unexpected charges or calls.\n      Note that this doesn't allow the app to call emergency numbers.\n      Malicious apps may cost you money by making calls without your\n      confirmation."], "android.permission.READ_PHONE_STATE": ["dangerous", "read phone status and identity", "Allows the app to access the phone\n      features of the device.  This permission allows the app to determine the\n      phone number and device IDs, whether a call is active, and the remote number\n      connected by a call."], "android.permission.READ_SMS": ["dangerous", "read your text messages (SMS or MMS)", "This app can read all SMS (text) messages stored on your phone."], "android.permission.ACCESS_SUPERUSER": ["normal", "Unknown permission from android reference", "Unknown permission from android reference"], "android.permission.SYSTEM_ALERT_WINDOW": ["signature|preinstalled|appop|pre23|development", "This app can appear on top of other apps", "This app can appear on top of other apps or other parts of the screen. This may interfere with normal app usage and change the way that other apps appear."], "android.permission.ACCESS_NOTIFICATION_POLICY": ["normal", "access Do Not Disturb", "Allows the app to read and write Do Not Disturb configuration."], "android.permission.CAMERA": ["dangerous|ephemeral", "take pictures and videos", "This app can take pictures and record videos using the camera at any time."], "android.permission.RECEIVE_MMS": ["dangerous", "receive text messages (MMS)", "Allows the app to receive and process MMS\n      messages. This means the app could monitor or delete messages sent to your\n      device without showing them to you."], "android.permission.REQUEST_INSTALL_PACKAGES": ["signature|appop", "request install packages", "Allows an application to request installation of packages."], "android.permission.RECORD_AUDIO": ["dangerous", "record audio", "This app can record audio using the microphone at any time."], "android.permission.MODIFY_AUDIO_SETTINGS": ["normal", "change your audio settings", "Allows the app to modify global audio settings such as volume and which speaker is used for output."]}}}, "size": 3903113, "authentihash": null, "times_submitted": 2, "harmless_votes": 0, "malicious_votes": 1, "sha256": "486d6a713d8c907df70a919729ac685328ab91a8977c2e352165640c4bd4d507", "type": "Android", "scans": {"Bkav": {"detected": false, "version": "1.3.0.9899", "result": null, "update": "20211102"}, "Lionic": {"detected": true, "version": "4.2", "result": "Trojan.AndroidOS.Ubel.C!c", "update": "20211103"}, "Elastic": {"detected": false, "version": "4.0.29", "result": null, "update": "20211005"}, "Cynet": {"detected": true, "version": "4.0.0.27", "result": "Malicious (score: 99)", "update": "20211103"}, "CMC": {"detected": false, "version": "2.10.2019.1", "result": null, "update": "20211026"}, "CAT-QuickHeal": {"detected": true, "version": "14.00", "result": "Android.Ubel.A3eec", "update": "20211103"}, "McAfee": {"detected": true, "version": "6.0.6.653", "result": "Artemis!CEE4B1FAE8A4", "update": "20211103"}, "ALYac": {"detected": false, "version": "1.1.3.1", "result": null, "update": "20211103"}, "Malwarebytes": {"detected": false, "version": "4.2.2.27", "result": null, "update": "20211103"}, "VIPRE": {"detected": false, "version": "96678", "result": null, "update": "20211103"}, "Sangfor": {"detected": false, "version": "2.9.0.0", "result": null, "update": "20210930"}, "K7AntiVirus": {"detected": false, "version": "11.225.39131", "result": null, "update": "20211103"}, "BitDefender": {"detected": true, "version": "7.2", "result": "Trojan.GenericKD.37843110", "update": "20211103"}, "K7GW": {"detected": true, "version": "11.225.39131", "result": "Trojan ( 00571f371 )", "update": "20211103"}, "Trustlook": {"detected": true, "version": "1.0", "result": "Android.Malware.Trojan", "update": "20211103"}, "Arcabit": {"detected": true, "version": "1.0.0.886", "result": "Trojan.Generic.D24170A6", "update": "20211103"}, "Baidu": {"detected": false, "version": "1.0.0.2", "result": null, "update": "20190318"}, "Cyren": {"detected": false, "version": "6.3.0.2", "result": null, "update": "20211103"}, "SymantecMobileInsight": {"detected": true, "version": "2.0", "result": "AppRisk:Generisk", "update": "20210126"}, "Symantec": {"detected": true, "version": "1.16.0.0", "result": "Trojan.Gen.MBT", "update": "20211103"}, "ESET-NOD32": {"detected": true, "version": "24229", "result": "a variant of Android/Spy.Agent.BOM", "update": "20211103"}, "TrendMicro-HouseCall": {"detected": false, "version": "10.0.0.1040", "result": null, "update": "20211101"}, "Avast": {"detected": true, "version": "21.1.5827.0", "result": "Android:Ubel-A [Bank]", "update": "20211103"}, "ClamAV": {"detected": false, "version": "0.104.0.0", "result": null, "update": "20211102"}, "Kaspersky": {"detected": true, "version": "21.0.1.45", "result": "HEUR:Trojan-Banker.AndroidOS.Ubel.b", "update": "20211103"}, "Alibaba": {"detected": true, "version": "0.3.0.5", "result": "TrojanSpy:Android/SmsThief.82449dd6", "update": "20190527"}, "NANO-Antivirus": {"detected": true, "version": "1.0.146.25370", "result": "Trojan.Android.BankBot.jgossi", "update": "20211103"}, "SUPERAntiSpyware": {"detected": false, "version": "5.6.0.1032", "result": null, "update": "20211030"}, "MicroWorld-eScan": {"detected": true, "version": "14.0.409.0", "result": "Trojan.GenericKD.37843110", "update": "20211103"}, "Rising": {"detected": false, "version": "25.0.0.26", "result": null, "update": "20211103"}, "Ad-Aware": {"detected": true, "version": "3.0.21.193", "result": "Trojan.GenericKD.37843110", "update": "20211103"}, "Emsisoft": {"detected": true, "version": "2021.5.0.7597", "result": "Trojan.GenericKD.37843110 (B)", "update": "20211103"}, "Comodo": {"detected": true, "version": "34044", "result": "Malware@#3lwcfhpby7tcz", "update": "20211102"}, "F-Secure": {"detected": true, "version": "12.0.86.52", "result": "Malware.ANDROID/Dropper.FKBP.Gen", "update": "20211103"}, "DrWeb": {"detected": true, "version": "7.0.52.8270", "result": "Android.BankBot.797.origin", "update": "20211103"}, "Zillya": {"detected": false, "version": "2.0.0.4487", "result": null, "update": "20211102"}, "TrendMicro": {"detected": false, "version": "11.0.0.1006", "result": null, "update": "20211103"}, "McAfee-GW-Edition": {"detected": true, "version": "v2019.1.2+3728", "result": "Artemis!Trojan", "update": "20211102"}, "FireEye": {"detected": true, "version": "32.44.1.0", "result": "Trojan.GenericKD.37843110", "update": "20211103"}, "Sophos": {"detected": true, "version": "1.4.1.0", "result": "Andr/Banker-HAF", "update": "20211103"}, "Ikarus": {"detected": true, "version": "0.1.5.2", "result": "Trojan-Banker.AndroidOS.Agent", "update": "20211102"}, "Avast-Mobile": {"detected": true, "version": "211102-00", "result": "Android:Evo-gen [Trj]", "update": "20211102"}, "Jiangmin": {"detected": false, "version": "16.0.100", "result": null, "update": "20211102"}, "Avira": {"detected": true, "version": "8.3.3.12", "result": "ANDROID/Dropper.FKBP.Gen", "update": "20211103"}, "Antiy-AVL": {"detected": true, "version": "3.0.0.1", "result": "Trojan[Spy]/Android.Agent", "update": "20211103"}, "Kingsoft": {"detected": false, "version": "2017.9.26.565", "result": null, "update": "20211103"}, "Gridinsoft": {"detected": false, "version": "1.0.60.158", "result": null, "update": "20211103"}, "Microsoft": {"detected": true, "version": "1.1.18700.4", "result": "TrojanSpy:AndroidOS/SmsThief.L!MTB", "update": "20211103"}, "ViRobot": {"detected": false, "version": "2014.3.20.0", "result": null, "update": "20211103"}, "ZoneAlarm": {"detected": true, "version": "1.0", "result": "HEUR:Trojan-Banker.AndroidOS.Ubel.b", "update": "20211102"}, "GData": {"detected": true, "version": "A:25.31229B:27.25015", "result": "Trojan.GenericKD.37843110", "update": "20211103"}, "BitDefenderFalx": {"detected": true, "version": "2.0.936", "result": "Android.Trojan.Banker.WO", "update": "20210610"}, "AhnLab-V3": {"detected": true, "version": "3.21.1.10219", "result": "Spyware/Android.Agent.1020241", "update": "20211103"}, "BitDefenderTheta": {"detected": false, "version": "7.2.37796.0", "result": null, "update": "20211021"}, "TACHYON": {"detected": false, "version": "2021-11-03.02", "result": null, "update": "20211103"}, "VBA32": {"detected": false, "version": "5.0.0", "result": null, "update": "20211102"}, "Zoner": {"detected": false, "version": "0.0.0.0", "result": null, "update": "20211102"}, "Tencent": {"detected": true, "version": "1.0.0.1", "result": "Android.Trojan-spy.Agent.Tdzg", "update": "20211103"}, "Yandex": {"detected": false, "version": "5.5.2.24", "result": null, "update": "20211103"}, "MAX": {"detected": true, "version": "2019.9.16.1", "result": "malware (ai score=100)", "update": "20211103"}, "MaxSecure": {"detected": false, "version": "1.0.0.1", "result": null, "update": "20211102"}, "Fortinet": {"detected": true, "version": "6.2.142.0", "result": "Android/Agent.BOM!tr.spy", "update": "20211103"}, "AVG": {"detected": true, "version": "21.1.5827.0", "result": "Android:Ubel-A [Bank]", "update": "20211103"}, "Panda": {"detected": false, "version": "4.6.4.2", "result": null, "update": "20211102"}}, "tags": ["obfuscated", "reflection", "crypto", "contains-elf", "apk", "android"], "scan_id": "486d6a713d8c907df70a919729ac685328ab91a8977c2e352165640c4bd4d507-1635927537", "unique_sources": 2, "positives": 37, "ssdeep": "98304:S6YFtCZdYrO7+d00Vs18LnORE/TRZWT1wS/j3uoz:S6QCzYrOw00ayTPLTWT/5", "md5": "cee4b1fae8a45502d106a200593a9125", "permalink": "https://www.virustotal.com/gui/file/486d6a713d8c907df70a919729ac685328ab91a8977c2e352165640c4bd4d507/detection/f-486d6a713d8c907df70a919729ac685328ab91a8977c2e352165640c4bd4d507-1635927537", "sha1": "627ef79b459b7e4c001ec298e7fae9f82f16fc97", "submission": {"submitter_region": "62", "date": "2021-11-03 08:18:57", "submitter_country": "IT", "filename": "486d6a713d8c907df70a919729ac685328ab91a8977c2e352165640c4bd4d507.bin"}, "response_code": 1, "community_reputation": -58, "verbose_msg": "Scan finished, information embedded", "ITW_urls": ["https://ttneiv.com/927515/nuevo_files/FlashPlayer.apk"], "last_seen": "2021-11-03 08:18:57"}