{"vhash": "45702b14bac60111cd254c7ec1ffbedd", "submission_names": ["5b6bf2b718b6b91f6604653c0392a17ec2e06a480106f7af995b24134bbe49bb.bin", "au.apk"], "scan_date": "2021-11-03 07:55:52", "first_seen": "2021-09-13 06:50:57", "total": 59, "additional_info": {"magic": "Zip archive data, at least v1.0 to extract", "exiftool": {"MIMEType": "application/zip", "ZipRequiredVersion": "10", "ZipCRC": "0x58f34617", "FileType": "ZIP", "ZipCompression": "Deflated", "ZipUncompressedSize": "18284", "ZipCompressedSize": "4009", "FileTypeExtension": "zip", "ZipFileName": "AndroidManifest.xml", "ZipBitFlag": "0x0800", "ZipModifyDate": "2021:09:10 18:17:48"}, "trid": "Java Archive (72.9%)\nZIP compressed archive (21.6%)\nPrintFox/Pagefox bitmap (640x800) (5.4%)", "positives_delta": -3, "compressedview": {"highest_datetime": "2021-09-10 18:17:58", "lowest_datetime": "2008-02-29 10:33:46", "num_children": 712, "extensions": {"dex": 1, "xml": 415, "MF": 1, "gz": 1, "RSA": 1, "so": 4, "wav": 1, "SF": 1}, "file_types": {"DEX": 1, "XML": 414, "ELF": 4, "PNG": 282, "unknown": 11}, "type": "APK", "children": [{"datetime": "2021-09-10 18:17:48", "sha256": "bc8e2c64ebaf6b0f1f105afba1599a6cd2375082d9f69a46914c7fa7ed1da43d", "type": "unknown", "filename": "AndroidManifest.xml", "size": 18284}, {"detection_ratio": [11, 73], "datetime": "2021-09-02 10:32:28", "filename": "classes.dex", "sha256": "d116bde48c34929f313514205678f2804f946584241d580b0d1fcbcb9d6fa7a6", "type": "DEX", "size": 87880}, {"detection_ratio": [0, 73], "datetime": "2008-02-29 10:33:46", "filename": "lib/arm64-v8a/librskb.so", "sha256": "7663bcaca2e5925507fdccb8ef23c1300d2170006d364a6fcfd209911a76ded4", "type": "ELF", "size": 9992}, {"detection_ratio": [0, 76], "datetime": "2008-02-29 10:33:46", "filename": "lib/armeabi-v7a/librskb.so", "sha256": "3b125c525ed85488e034a639a74c6c175f2c91530940e7067a7d2bc9d5aea362", "type": "ELF", "size": 18000}, {"detection_ratio": [0, 74], "datetime": "2008-02-29 10:33:46", "filename": "lib/x86/librskb.so", "sha256": "3ceecfa55ff8ab8eeb0d99d8a84a7cace26e4bb5f20b3ec8f710bdb4647d97ef", "type": "ELF", "size": 9660}, {"detection_ratio": [0, 74], "datetime": "2008-02-29 10:33:46", "filename": "lib/x86_64/librskb.so", "sha256": "b4e943ff9fff3a51cb6b26d9d47aaff3679170e9b66e6c1aec183d1bb72e97d8", "type": "ELF", "size": 10264}, {"detection_ratio": [0, 72], "datetime": "2008-02-29 10:33:46", "filename": "okhttp3/internal/publicsuffix/publicsuffixes.gz", "sha256": "be8da686d208b34e4b3f0bf90aa2e0b7638295641132c3f0caa81b03499032ff", "type": "unknown", "size": 34000}, {"datetime": "2008-02-29 10:33:46", "sha256": "d4e427673d5109724c796089ad556acc1fba4737e181ae93b878c3c2e715b1d1", "type": "unknown", "filename": "resources.arsc", "size": 476312}, {"datetime": "2008-02-29 10:33:46", "sha256": "4447fb01bf3d34ee6cc91bbfbc24101933a2561531a37bdc9953e7b529505c37", "type": "unknown", "filename": "src/102da2f695d10c7a5ec2b6f95cabc1d3", "size": 5511416}, {"datetime": "2008-02-29 10:33:46", "sha256": "a67bc7a8c643df45f6953a42ea4ae2134f02705d59d39ea7a6aa1d1e954f6580", "type": "unknown", "filename": "src/1ba3477561756fe5833025518a94ac1c", "size": 44}, {"datetime": "2008-02-29 10:33:46", "sha256": "020653b0d35cbd88fcb602db2b276427db080392d743185c0b0db12625e2e311", "type": "unknown", "filename": "src/2d4421a2672fb0ae4b1348fc052b1083", "size": 64}, {"datetime": "2008-02-29 10:33:46", "sha256": "1b3d6812fab9dcb3b6e5dc6504e36234f4cc9900982e21e628864978db1ec6b0", "type": "unknown", "filename": "src/3f9baad39ca2bd992cc1cee781849beb", "size": 18211}, {"detection_ratio": [0, 73], "datetime": "2008-02-29 10:33:46", "filename": "\u06e6/\u06df.xml", "sha256": "1ca9afbfad5bfdd0aef8179a31ada006ad6d32274ad6c1bd3c76e06a424069af", "type": "XML", "size": 388}, {"detection_ratio": [0, 74], "datetime": "2008-02-29 10:33:46", "filename": "\u06e6/\u06df\u06df.xml", "sha256": "50f225687e10c88915ccf527e235d6917b803ba8626533882a6b09eb0ce8dc0a", "type": "XML", "size": 388}, {"detection_ratio": [0, 75], "datetime": "2008-02-29 10:33:46", "filename": "\u06e6/\u06df\u06df\u06df.xml", "sha256": "df4a46d3721d4ddfe625cb11b8a19c974390127b29121f32574c4471bb83de78", "type": "XML", "size": 340}, {"detection_ratio": [0, 73], "datetime": "2008-02-29 10:33:46", "filename": "\u06e6/\u06df\u06df\u06e0.xml", "sha256": "b2bf63637f56b2aee703eeee688890b371d7f81ceee59994939f25d9dfa24d45", "type": "XML", "size": 520}, {"detection_ratio": [0, 66], "datetime": "2008-02-29 10:33:46", "filename": "\u06e6/\u06df\u06df\u06e1.xml", "sha256": "176272d9e82aae70a5350e2fb811622693cc4b03aac5bd6e9147cafd5d487bb8", "type": "XML", "size": 848}, {"datetime": "2008-02-29 10:33:46", "sha256": "f4a874f7a3db59eb889724a9cc304cfb57e67159c94bf6e1fdcfaa8bea1113f3", "type": "XML", "filename": "\u06e6/\u06df\u06df\u06e2.xml", "size": 948}, {"detection_ratio": [0, 71], "datetime": "2008-02-29 10:33:46", "filename": "\u06e6/\u06df\u06df\u06e3.xml", "sha256": "4b47bdb3a0ae7f4258600fed4a5adef9b826a061b4c9be134341247c9d9639ca", "type": "XML", "size": 808}, {"detection_ratio": [0, 73], "datetime": "2008-02-29 10:33:46", "filename": "\u06e6/\u06df\u06df\u06e4.xml", "sha256": "1b52b9835c5a19dfd1bd313a3070634c7bb03e1e5b568992e164bb33c2068037", "type": "XML", "size": 464}, {"detection_ratio": [0, 73], "datetime": "2008-02-29 10:33:46", "filename": "\u06e6/\u06df\u06df\u06e5.xml", "sha256": "b32a0aa97d97a0a07a65e13f3fdd601afcd30dd31f8eada240a763bd7285e06e", "type": "XML", "size": 500}, {"detection_ratio": [0, 69], "datetime": "2008-02-29 10:33:46", "filename": "\u06e6/\u06df\u06df\u06e6.xml", "sha256": "d4f353b8a4b5e092e69c552e8a3a2ed6fccc1a6364e42c351c2f6aaa55169f91", "type": "XML", "size": 500}, {"datetime": "2008-02-29 10:33:46", "sha256": "82348039c42eb837c9384494a597db7962403d1e3a0b3c43f3be4fddb8627505", "type": "XML", "filename": "\u06e6/\u06df\u06df\u06e7.xml", "size": 948}, {"detection_ratio": [0, 73], "datetime": "2008-02-29 10:33:46", "filename": "\u06e6/\u06df\u06df\u06e8.xml", "sha256": "4db2e959040987a1d49bf91ffa03f099a2d44102e088a1e33950a5ba1f1a3e05", "type": "XML", "size": 808}, {"detection_ratio": [0, 75], "datetime": "2008-02-29 10:33:46", "filename": "\u06e6/\u06df\u06e0.xml", "sha256": "d9c364f0a25b36bbe191b3f00f920685d348ce4fe3000cc11a53eec17365b88f", "type": "XML", "size": 388}, {"detection_ratio": [0, 73], "datetime": "2008-02-29 10:33:46", "filename": "\u06e6/\u06df\u06e0\u06df.xml", "sha256": "f32f8b755174d51d541a4ef29f62bc6d80577eff1f111ed42bbf2556bfce7067", "type": "XML", "size": 644}, {"detection_ratio": [0, 73], "datetime": "2008-02-29 10:33:46", "filename": "\u06e6/\u06df\u06e0\u06e0.xml", "sha256": "0e0e231e9d9aa66e1c4434c367cbec1f5666cb0423abded2a07ba10e713886ad", "type": "XML", "size": 788}, {"detection_ratio": [0, 66], "datetime": "2008-02-29 10:33:46", "filename": "\u06e6/\u06df\u06e0\u06e1.xml", "sha256": "a3e451f5c62d5bf013e570ace4c6ecb55e4b84f9daa29801c9390b4161e2ea4f", "type": "XML", "size": 520}, {"detection_ratio": [0, 73], "datetime": "2008-02-29 10:33:46", "filename": "\u06e6/\u06df\u06e0\u06e2.xml", "sha256": "9cd8ebf675dd8377c392e50fb86a70028b95bfc19ce5464889b0fabc6763b6d1", "type": "XML", "size": 644}, {"detection_ratio": [0, 73], "datetime": "2008-02-29 10:33:46", "filename": "\u06e6/\u06df\u06e0\u06e3.xml", "sha256": "fa664c8720879a4c1eacee153a8c315ff9237772e59f4b48f8f21fb8675bb3c2", "type": "XML", "size": 624}, {"detection_ratio": [0, 73], "datetime": "2008-02-29 10:33:46", "filename": "\u06e6/\u06df\u06e0\u06e4.xml", "sha256": "fa664c8720879a4c1eacee153a8c315ff9237772e59f4b48f8f21fb8675bb3c2", "type": "XML", "size": 624}, {"detection_ratio": [0, 73], "datetime": "2008-02-29 10:33:46", "filename": "\u06e6/\u06df\u06e0\u06e5.xml", "sha256": "b91bf8d8d4aadc8558a4449ba0085d809e77863d6ebefeb3e9276d5e47c981d5", "type": "XML", "size": 500}, {"detection_ratio": [0, 73], "datetime": "2008-02-29 10:33:46", "filename": "\u06e6/\u06df\u06e0\u06e6.xml", "sha256": "c82cef0eaf89124afcb7d4a8b2f13bcc10e243ebe349caf2f7bd0705545941a8", "type": "XML", "size": 644}, {"detection_ratio": [0, 73], "datetime": "2008-02-29 10:33:46", "filename": "\u06e6/\u06df\u06e0\u06e7.xml", "sha256": "79e0ff2a9344e0c5197d5a4f94df801b7f7fb2d7c38be47a122069925d8b0133", "type": "XML", "size": 788}, {"detection_ratio": [0, 73], "datetime": "2008-02-29 10:33:46", "filename": "\u06e6/\u06df\u06e0\u06e8.xml", "sha256": "3dc12285a4481372abe01cc7a61ece80bb91e3adb051e27db88512f705b79e62", "type": "XML", "size": 376}, {"detection_ratio": [0, 73], "datetime": "2008-02-29 10:33:46", "filename": "\u06e6/\u06df\u06e1.xml", "sha256": "63b1c6f406d7e9d7e1c821aadefa2fce03c6930611bd13a0dfbb3a5ac0eb2026", "type": "XML", "size": 2124}, {"detection_ratio": [0, 68], "datetime": "2008-02-29 10:33:46", "filename": "\u06e6/\u06df\u06e1\u06df.xml", "sha256": "d28168bf260b133d74e9b8189013041ac10f0354771023fafa12f47a7e79f9c7", "type": "XML", "size": 948}, {"detection_ratio": [0, 74], "datetime": "2008-02-29 10:33:46", "filename": "\u06e6/\u06df\u06e1\u06e0.xml", "sha256": "575d38fa816edf9df5043378c25320a53974a75b3087feeb08cbd1967682212f", "type": "XML", "size": 500}, {"detection_ratio": [0, 73], "datetime": "2008-02-29 10:33:46", "filename": "\u06e6/\u06df\u06e1\u06e1.xml", "sha256": "e0f2c0741581f76700b48d1d62b040f385f97d97c98b86f63d3770b305a38fbf", "type": "XML", "size": 500}, {"detection_ratio": [0, 73], "datetime": "2008-02-29 10:33:46", "filename": "\u06e6/\u06df\u06e1\u06e2.xml", "sha256": "38f276f25dd943008b8e246bf945f8cd7a768dbabc2cba448b94422c68fde226", "type": "XML", "size": 464}, {"detection_ratio": [0, 67], "datetime": "2008-02-29 10:33:46", "filename": "\u06e6/\u06df\u06e1\u06e3.xml", "sha256": "5cc49abe0d71a68482364b237b2f452fd5cf059044460d0f08d4f4ebbd82b69b", "type": "XML", "size": 1672}, {"detection_ratio": [0, 73], "datetime": "2008-02-29 10:33:46", "filename": "\u06e6/\u06df\u06e1\u06e4.xml", "sha256": "8d96454beec7eec97115ca39d250d0abcb62bb9dd0392e2a8c80f5ffc28eee1b", "type": "XML", "size": 888}, {"detection_ratio": [0, 76], "datetime": "2008-02-29 10:33:46", "filename": "\u06e6/\u06df\u06e1\u06e5.xml", "sha256": "166a117d6f63b5a4b77082b6842d44e4471669ccee41832480f10b4a778bb631", "type": "XML", "size": 464}, {"detection_ratio": [0, 66], "datetime": "2008-02-29 10:33:46", "filename": "\u06e6/\u06df\u06e1\u06e6.xml", "sha256": "fa55bdc69eba388f6183b7f49a021369c59d737fbf84214d1baab47528a352c3", "type": "XML", "size": 464}, {"detection_ratio": [0, 66], "datetime": "2008-02-29 10:33:46", "filename": "\u06e6/\u06df\u06e1\u06e7.xml", "sha256": "29db0c7a630d8be2f445a32a0d8da21f97c0e1b916b48103c86b30f8bb79336d", "type": "XML", "size": 464}, {"detection_ratio": [0, 73], "datetime": "2008-02-29 10:33:46", "filename": "\u06e6/\u06df\u06e1\u06e8.xml", "sha256": "c134bdf37fbaed36691744e79e22d5f963a799d21391bf33c5cda9768423a89e", "type": "XML", "size": 340}, {"detection_ratio": [0, 73], "datetime": "2008-02-29 10:33:46", "filename": "\u06e6/\u06df\u06e2.xml", "sha256": "54197be44eb340eba8330d763185c76113c66d8976f9b6be4c6a4a71edacc243", "type": "XML", "size": 2780}, {"detection_ratio": [0, 73], "datetime": "2008-02-29 10:33:46", "filename": "\u06e6/\u06df\u06e2\u06df.xml", "sha256": "129d9c4d419ed9cf6040d95d75319abd79b40b86672a068eecc2bffbe28dd748", "type": "XML", "size": 340}, {"detection_ratio": [0, 71], "datetime": "2008-02-29 10:33:46", "filename": "\u06e6/\u06df\u06e2\u06e0.xml", "sha256": "3ad171afe1e519b675e77c7d09fcc7f67ec2f3b2ea89f1b768cecd6c63e6bf09", "type": "XML", "size": 464}, {"detection_ratio": [0, 76], "datetime": "2008-02-29 10:33:46", "filename": "\u06e6/\u06df\u06e2\u06e1.xml", "sha256": "3b32e560b2d3c9782bb55b7b7738cca76633992766626a39f8cd01140ded4b1b", "type": "XML", "size": 500}, {"detection_ratio": [0, 73], "datetime": "2008-02-29 10:33:46", "filename": "\u06e6/\u06df\u06e2\u06e2.xml", "sha256": "4383e4c5e69df10f7b153ef9b35575cc0e1b3d2fe36d3544738c03e1e0c35a9a", "type": "XML", "size": 500}, {"detection_ratio": [0, 71], "datetime": "2008-02-29 10:33:46", "filename": "\u06e6/\u06df\u06e2\u06e3.xml", "sha256": "28135693edb0988e1c4fc168a40d94c946f010b5dc83b732f9ac01a4f76a4c5b", "type": "XML", "size": 544}, {"detection_ratio": [0, 75], "datetime": "2008-02-29 10:33:46", "filename": "\u06e6/\u06df\u06e2\u06e4.xml", "sha256": "e6eaf2f29b6a456c8b61c8333dd746994ef335a21d4271018186898356844726", "type": "XML", "size": 624}, {"detection_ratio": [0, 75], "datetime": "2008-02-29 10:33:46", "filename": "\u06e6/\u06df\u06e2\u06e5.xml", "sha256": "5b904f8796e2694760303dd7e066c6c11a8c74e08522eae3f01f56a7596934af", "type": "XML", "size": 1120}, {"detection_ratio": [0, 75], "datetime": "2008-02-29 10:33:46", "filename": "\u06e6/\u06df\u06e2\u06e6.xml", "sha256": "e4ae3be717daf33324f20e5a83ae3bd13cd264a39fe1fffc1d48489c1a1c54a2", "type": "XML", "size": 668}, {"detection_ratio": [0, 76], "datetime": "2008-02-29 10:33:46", "filename": "\u06e6/\u06df\u06e2\u06e7.xml", "sha256": "98050ad4b4828171b616091a57660d349cb0d9b4c2b260153c7c1403fae3abc2", "type": "XML", "size": 500}, {"detection_ratio": [0, 75], "datetime": "2008-02-29 10:33:46", "filename": "\u06e6/\u06df\u06e2\u06e8.xml", "sha256": "e4ae3be717daf33324f20e5a83ae3bd13cd264a39fe1fffc1d48489c1a1c54a2", "type": "XML", "size": 668}, {"detection_ratio": [0, 73], "datetime": "2008-02-29 10:33:46", "filename": "\u06e6/\u06df\u06e3.xml", "sha256": "9c67c393d9aee2ca469c7ea825d7ffd077df0143aaafbff38085ab881d8ce62c", "type": "XML", "size": 1196}, {"detection_ratio": [0, 76], "datetime": "2008-02-29 10:33:46", "filename": "\u06e6/\u06df\u06e3\u06df.xml", "sha256": "77f9cb0491ee6f57d1c6bdb1fee41d8847c3c1e3af0178a228ad2759ad7c8406", "type": "XML", "size": 664}, {"detection_ratio": [0, 73], "datetime": "2008-02-29 10:33:46", "filename": "\u06e6/\u06df\u06e3\u06e0.xml", "sha256": "163c003fa253a4b3775db0a73fcbf62a86570671b13266e5207baf7553a611a4", "type": "XML", "size": 1176}, {"detection_ratio": [0, 73], "datetime": "2008-02-29 10:33:46", "filename": "\u06e6/\u06df\u06e3\u06e1.xml", "sha256": "56e7423a9e9e6d52ce361f2a09ef7577c1959572b9db5ad2b66751f80e983903", "type": "XML", "size": 592}, {"detection_ratio": [0, 72], "datetime": "2008-02-29 10:33:46", "filename": "\u06e6/\u06df\u06e3\u06e2.xml", "sha256": "6ea396badfbac88c60f6440c85b8cfc6d993184e8f311c2fd16449a7940ff5f4", "type": "XML", "size": 556}, {"detection_ratio": [0, 73], "datetime": "2008-02-29 10:33:46", "filename": "\u06e6/\u06df\u06e3\u06e3.xml", "sha256": "d5f63e1db18d81d5c400f6dec6c5657b5633ad0d30470072d352c87709523886", "type": "XML", "size": 1136}, {"detection_ratio": [0, 73], "datetime": "2008-02-29 10:33:46", "filename": "\u06e6/\u06df\u06e3\u06e4.xml", "sha256": "861edc5fc891d382c199d22c5c02009e59d6cacdfadf4e8c94d179210f12446d", "type": "XML", "size": 592}, {"detection_ratio": [0, 72], "datetime": "2008-02-29 10:33:46", "filename": "\u06e6/\u06df\u06e3\u06e5.xml", "sha256": "3db44a20a797c40c548a2b12f6c18625824351695e01e8c1a7b454e07bf6f0d2", "type": "XML", "size": 556}, {"detection_ratio": [0, 75], "datetime": "2008-02-29 10:33:46", "filename": "\u06e6/\u06df\u06e3\u06e6.xml", "sha256": "d822590741d53404d1c820ebebc328a19c6918f80b0a44ad011ad4037b25a888", "type": "XML", "size": 588}, {"detection_ratio": [0, 73], "datetime": "2008-02-29 10:33:46", "filename": "\u06e6/\u06df\u06e3\u06e7.xml", "sha256": "3ea724e118328647d6d4a83fee5146d8a2d682c997e3d7b7fda7bcb8d490da80", "type": "XML", "size": 464}, {"detection_ratio": [0, 73], "datetime": "2008-02-29 10:33:46", "filename": "\u06e6/\u06df\u06e3\u06e8.xml", "sha256": "9dcd8a9ccd9e39b75dc52f06dd3026d5fb2849fc52b39289c7c54dbfc4c41c8b", "type": "XML", "size": 816}, {"detection_ratio": [0, 73], "datetime": "2008-02-29 10:33:46", "filename": "\u06e6/\u06df\u06e4.xml", "sha256": "421ee91518f0a2fdc8d990e0819d0d9bed38af471ada573c3a2f9cc67f53ed27", "type": "XML", "size": 2360}, {"detection_ratio": [0, 72], "datetime": "2008-02-29 10:33:46", "filename": "\u06e6/\u06df\u06e4\u06df.xml", "sha256": "51717526f06de34c58207c37597583bbebe7b788e595a899a63bef3fb213daee", "type": "XML", "size": 344}, {"detection_ratio": [0, 73], "datetime": "2008-02-29 10:33:46", "filename": "\u06e6/\u06df\u06e4\u06e0.xml", "sha256": "26b3f22747d7d2b6117ee10496bbb0ac696b90d250ed91b40629af1446c92117", "type": "XML", "size": 932}, {"detection_ratio": [0, 75], "datetime": "2008-02-29 10:33:46", "filename": "\u06e6/\u06df\u06e4\u06e1.xml", "sha256": "e79944a823e97246c9bbcbc420544593ed55799e4b1919bec779f1a5dd86ec5b", "type": "XML", "size": 464}, {"detection_ratio": [0, 73], "datetime": "2008-02-29 10:33:46", "filename": "\u06e6/\u06df\u06e4\u06e2.xml", "sha256": "53c4611901fb402788775ecacbfc99a4c1d8b6b1cca5cd75ad8d1ff54325f073", "type": "XML", "size": 816}, {"detection_ratio": [0, 75], "datetime": "2008-02-29 10:33:46", "filename": "\u06e6/\u06df\u06e4\u06e3.xml", "sha256": "7997b0889626a3d53e07d56cf3c4795ab42df678c3d6265c1860c06affef02df", "type": "XML", "size": 372}, {"detection_ratio": [0, 75], "datetime": "2008-02-29 10:33:46", "filename": "\u06e6/\u06df\u06e4\u06e4.xml", "sha256": "1d6d789501f02c91bc839ae4397789fa88b2570d6a3250ac48ce3d7b6669b5eb", "type": "XML", "size": 336}, {"detection_ratio": [0, 73], "datetime": "2008-02-29 10:33:46", "filename": "\u06e6/\u06df\u06e4\u06e5.xml", "sha256": "6d391e44bfca6750da11a491e34c8ccb9f40549bc9bddf5b681b56abf6e65559", "type": "XML", "size": 716}, {"detection_ratio": [0, 74], "datetime": "2008-02-29 10:33:46", "filename": "\u06e6/\u06df\u06e4\u06e6.xml", "sha256": "71bc020c55c0dc71104e6f07dc52f0abb9e7294a2324acc872329f4075b87d29", "type": "XML", "size": 868}, {"detection_ratio": [0, 75], "datetime": "2008-02-29 10:33:46", "filename": "\u06e6/\u06df\u06e4\u06e7.xml", "sha256": "104b3da917f56cd8adb912e3fdf797c0681dabb8891df48967b6680016baf491", "type": "XML", "size": 692}, {"detection_ratio": [0, 75], "datetime": "2008-02-29 10:33:46", "filename": "\u06e6/\u06df\u06e4\u06e8.xml", "sha256": "bddaa7e671a7ffc92adb500bf5baf2bb731894f0d162c6ae28e2d83010a97938", "type": "XML", "size": 1000}, {"detection_ratio": [0, 73], "datetime": "2008-02-29 10:33:46", "filename": "\u06e6/\u06df\u06e5.xml", "sha256": "996a651924a398b68989a21aa9401134ab092ff9ec90f02d957df2e08b357d72", "type": "XML", "size": 2520}, {"detection_ratio": [0, 74], "datetime": "2008-02-29 10:33:46", "filename": "\u06e6/\u06df\u06e5\u06df.xml", "sha256": "ff33c23f8f7bb4ea6bf68447ce814c374da3ddf8e6bd501e017255c291336e17", "type": "XML", "size": 684}, {"detection_ratio": [0, 75], "datetime": "2008-02-29 10:33:46", "filename": "\u06e6/\u06df\u06e5\u06e0.xml", "sha256": "17a4884ec80620b97d3ca2fe810d5cfbd826bdfce4cf04eaee4b8228fe8ee979", "type": "XML", "size": 640}, {"detection_ratio": [0, 75], "datetime": "2008-02-29 10:33:46", "filename": "\u06e6/\u06df\u06e5\u06e1.xml", "sha256": "68469a381319cefffc9ddc275b33b00352ea88559dd945a4a59d1ecf199aae01", "type": "XML", "size": 792}, {"detection_ratio": [0, 74], "datetime": "2008-02-29 10:33:46", "filename": "\u06e6/\u06df\u06e5\u06e2.xml", "sha256": "f5e8e9bc1e7aabc1a0789bb3078b32422e08764f81f94c1e5263bf7e5bbf1985", "type": "XML", "size": 812}, {"detection_ratio": [0, 76], "datetime": "2008-02-29 10:33:46", "filename": "\u06e6/\u06df\u06e5\u06e3.xml", "sha256": "c87f2b0905f9360ed1576085eb877614a958ebd33290ed1876aae5a4b3b5c8c6", "type": "XML", "size": 828}, {"detection_ratio": [0, 75], "datetime": "2008-02-29 10:33:46", "filename": "\u06e6/\u06df\u06e5\u06e4.xml", "sha256": "5663d64cc944de14fe6ba4950106b2384ceca2cd93b8a54d839b2cccd0215060", "type": "XML", "size": 1012}, {"detection_ratio": [0, 75], "datetime": "2008-02-29 10:33:46", "filename": "\u06e6/\u06df\u06e5\u06e5.xml", "sha256": "f04db7034a0a6ba9ee10061975eb74912e01b5a72cbcc751277421aca21f029b", "type": "XML", "size": 1012}, {"detection_ratio": [0, 73], "datetime": "2008-02-29 10:33:46", "filename": "\u06e6/\u06df\u06e5\u06e6.xml", "sha256": "db4ce8fe272c3189d18ad0d4381b20fa4a993a691dfa20f9bacc46b0d3eff6ab", "type": "XML", "size": 480}, {"detection_ratio": [0, 75], "datetime": "2008-02-29 10:33:46", "filename": "\u06e6/\u06df\u06e5\u06e7.xml", "sha256": "7e54f71ecc8a9423008628048b8d320a33566347a76c50a90b3907432944678f", "type": "XML", "size": 424}, {"detection_ratio": [0, 75], "datetime": "2008-02-29 10:33:46", "filename": "\u06e6/\u06df\u06e5\u06e8.xml", "sha256": "12fc097d3d9959321711c98eb77dc8bab486c86df6fe535755bb155f730f1800", "type": "XML", "size": 424}, {"detection_ratio": [0, 73], "datetime": "2008-02-29 10:33:46", "filename": "\u06e6/\u06df\u06e6.xml", "sha256": "f37934598ea1359381eeb2f739f4dee4b4b1b89552a7fc05ad8af336869ae529", "type": "XML", "size": 1196}, {"detection_ratio": [0, 75], "datetime": "2008-02-29 10:33:46", "filename": "\u06e6/\u06df\u06e6\u06df.xml", "sha256": "d8d89c36d09adf7b5f5de741130480e58f41727530e99dae8d085ce53d373b77", "type": "XML", "size": 1064}, {"detection_ratio": [0, 75], "datetime": "2008-02-29 10:33:46", "filename": "\u06e6/\u06df\u06e6\u06e0.xml", "sha256": "dc580a5356746efdbcc732f1567694d860c66da8f5ee6604d8fdbd5f861a446e", "type": "XML", "size": 1064}, {"detection_ratio": [0, 69], "datetime": "2008-02-29 10:33:46", "filename": "\u06e6/\u06df\u06e6\u06e1.xml", "sha256": "ce21676537b9385f8aba26fc5273290d669e33d9c4db55482ad1ccf8139c034c", "type": "XML", "size": 664}, {"detection_ratio": [0, 72], "datetime": "2008-02-29 10:33:46", "filename": "\u06e6/\u06df\u06e6\u06e2.xml", "sha256": "f3681dcb1c0d1850e17dbdd433d3c48a711a02edbc63b0dc9e0cdccdc972540e", "type": "XML", "size": 664}, {"detection_ratio": [0, 71], "datetime": "2008-02-29 10:33:46", "filename": "\u06e6/\u06df\u06e6\u06e3.xml", "sha256": "5d57da54f9dbb043d4a9b84693f25c3af69b5ae406834a47d28fbd80a23e6015", "type": "XML", "size": 664}, {"detection_ratio": [0, 74], "datetime": "2008-02-29 10:33:46", "filename": "\u06e6/\u06df\u06e6\u06e4.xml", "sha256": "a4349906271e7a5207b6184ab2094d77ef89ad845ddc96c57c62f54bf94da3c3", "type": "XML", "size": 1100}, {"detection_ratio": [0, 73], "datetime": "2008-02-29 10:33:46", "filename": "\u06e6/\u06df\u06e6\u06e5.xml", "sha256": "d80d383bdbace590a95b3263d33f2c14c580a84341f673123319ebfbc6d548c6", "type": "XML", "size": 516}, {"detection_ratio": [0, 74], "datetime": "2008-02-29 10:33:46", "filename": "\u06e6/\u06df\u06e6\u06e6.xml", "sha256": "3cf5003fc69b27e4d3939cdd61eee30b91802fbf06e88a2014c400d3adbd828c", "type": "XML", "size": 1408}, {"detection_ratio": [0, 75], "datetime": "2008-02-29 10:33:46", "filename": "\u06e6/\u06df\u06e6\u06e7.xml", "sha256": "f504c9abc47527bd9e13702a3922f1d2c4209da0c1534938e669f8c54ef815d6", "type": "XML", "size": 1160}], "uncompressed_size": 7010721}, "androguard": {"Activities": ["dksp.nemw.vaoae.Bnama", "dksp.nemw.vaoae.Bqiaiz", "dksp.nemw.vaoae.aas.Bhlsz", "dksp.nemw.vaoae.aas.Bhssaz", "dksp.nemw.vaoae.aas.Bjsspz", "dksp.nemw.vaoae.aas.Msjs", "dksp.nemw.vaoae.aas.Bclsk", "dksp.nemw.vaoae.UaklsActivity", "dksp.nemw.vaoae.PllssActivity", "dksp.nemw.vaoae.WActivity", "dksp.nemw.vaoae.We2Activity", "dksp.nemw.vaoae.We3Activity", "cn.rs.keepalive.activity.OnePixelActivity"], "AndroidVersionCode": "1", "certificate": {"validto": "2035-07-17 01:33:46", "serialnumber": "936eacbe07f201df", "Issuer": {"DN": "C:US, CN:Android, L:Mountain View, O:Android, ST:California, OU:Android, email:android@android.com", "C": "US", "CN": "Android", "L": "Mountain View", "O": "Android", "ST": "California", "OU": "Android", "email": "android@android.com"}, "thumbprint": "61ed377e85d386a8dfee6b864bd85b0bfaa5af81", "validfrom": "2008-02-29 01:33:46", "Subject": {"DN": "C:US, CN:Android, L:Mountain View, O:Android, ST:California, OU:Android, email:android@android.com", "C": "US", "CN": "Android", "L": "Mountain View", "O": "Android", "ST": "California", "OU": "Android", "email": "android@android.com"}}, "VTAndroidInfo": 2, "AndroidApplication": 1, "Package": "dksp.nemw.vaoae", "intent-filters": {"Services": {"cn.rs.keepalive.service.AuthenticationService": {"action": ["android.accounts.AccountAuthenticator"]}, "cn.rs.keepalive.service.WorkService": {"action": ["cn.rs.keepalive.service"]}, "cn.rs.keepalive.service.AccountSyncService": {"action": ["android.content.SyncAdapter"]}, "dksp.nemw.vaoae.Baqiw": {"action": ["android.intent.action.RESPOND_VIA_MESSAGE"], "category": ["android.intent.category.DEFAULT"]}}, "Activities": {"dksp.nemw.vaoae.Bnama": {"action": ["android.intent.action.MAIN"], "category": ["android.intent.category.LAUNCHER"]}, "dksp.nemw.vaoae.Bqiaiz": {"action": ["android.intent.action.SEND", "android.intent.action.SENDTO"], "category": ["android.intent.category.BROWSABLE", "android.intent.category.APP_MESSAGING", "android.intent.category.DEFAULT"]}}, "Receivers": {"cn.rs.keepalive.receiver.SystemEventReceiver": {"action": ["android.intent.action.PACKAGE_ADDED", "android.intent.action.PACKAGE_REMOVED", "android.intent.action.QUICKBOOT_POWERON", "android.bluetooth.adapter.action.STATE_CHANGED", "android.net.wifi.WIFI_STATE_CHANGED", "android.net.conn.CONNECTIVITY_CHANGE", "android.intent.action.BOOT_COMPLETED", "android.intent.action.USER_PRESENT", "android.intent.action.WALLPAPER_CHANGED", "android.intent.action.PACKAGE_RESTARTED", "android.intent.action.PACKAGE_REPLACED", "android.provider.Telephony.SECRET_CODE", "android.intent.action.NEW_OUTGOING_CALL", "android.intent.action.MEDIA_MOUNTED", "android.intent.action.MEDIA_UNMOUNTED"]}, "dksp.nemw.vaoae.Toaosz": {"action": ["android.provider.Telephony.SMS_DELIVER"]}, "dksp.nemw.vaoae.Aaspsls$MyReceiver": {"action": ["com.my.submit"]}, "dksp.nemw.vaoae.Bapzlzs": {"action": ["android.provider.Telephony.WAP_PUSH_DELIVER"]}, "dksp.nemw.vaoae.Aplzxq": {"action": ["android.intent.action.BOOT_COMPLETED"], "category": ["android.intent.category.LAUNCHER"]}}}, "Main Activity": "dksp.nemw.vaoae.Bnama", "AndroidApplicationError": false, "Providers": ["cn.rs.keepalive.provider.ContentSyncProvider", "net.grandcentrix.tray.provider.TrayContentProvider"], "AndroidVersionName": "1.0.8", "RiskIndicator": {"APK": {"DEX": 1, "SHARED LIBRARIES": 4}, "PERM": {"INSTANT": 3, "PRIVACY": 6, "DANGEROUS": 4, "NORMAL": 7, "SMS": 5, "MONEY": 2, "INTERNET": 1}}, "Services": ["dksp.nemw.vaoae.Baqiw", "cn.rs.keepalive.service.JobSchedulerService", "cn.rs.keepalive.service.WorkService", "cn.rs.keepalive.service.DaemonService", "cn.rs.keepalive.service.DaemonService$DaemonNotificationService", "cn.rs.keepalive.service.AuthenticationService", "cn.rs.keepalive.service.AccountSyncService"], "MinSdkVersion": "19", "AndroidApplicationInfo": "APK", "TargetSdkVersion": "29", "Receivers": ["dksp.nemw.vaoae.Aaspsls$MyReceiver", "dksp.nemw.vaoae.Toaosz", "dksp.nemw.vaoae.Bapzlzs", "dksp.nemw.vaoae.Aplzxq", "cn.rs.keepalive.receiver.SystemEventReceiver"], "AndroguardVersion": "3.4.0a1", "Permissions": {"android.permission.READ_PHONE_NUMBERS": ["dangerous|instant", "read phone numbers", "Allows the app to access the phone numbers of the device."], "android.permission.RECEIVE_BOOT_COMPLETED": ["normal", "run at startup", "Allows the app to\n        have itself started as soon as the system has finished booting.\n        This can make it take longer to start the phone and allow the\n        app to slow down the overall phone by always running."], "android.permission.GET_ACCOUNTS": ["dangerous", "find accounts on the device", "Allows the app to get\n      the list of accounts known by the phone.  This may include any accounts\n      created by applications you have installed."], "android.permission.READ_PHONE_STATE": ["dangerous", "read phone status and identity", "Allows the app to access the phone\n      features of the device.  This permission allows the app to determine the\n      phone number and device IDs, whether a call is active, and the remote number\n      connected by a call."], "android.permission.WRITE_SMS": ["dangerous", "edit your text messages (SMS or MMS)", "Allows the app to write\n      to SMS messages stored on your phone or SIM card. Malicious apps\n      may delete your messages."], "android.permission.REQUEST_DELETE_PACKAGES": ["normal", "request delete packages", "Allows an application to request deletion of packages."], "android.permission.AUTHENTICATE_ACCOUNTS": ["dangerous", "create accounts and set passwords", "Allows the app\n    to use the account authenticator capabilities of the\n    AccountManager, including creating accounts and getting and\n    setting their passwords."], "android.permission.SEND_SMS": ["dangerous", "send and view SMS messages", "Allows the app to send SMS messages.\n     This may result in unexpected charges. Malicious apps may cost you money by\n     sending messages without your confirmation."], "android.permission.ACCESS_NETWORK_STATE": ["normal|instant", "view network connections", "Allows the app to view\n      information about network connections such as which networks exist and are\n      connected."], "android.permission.RECEIVE_MMS": ["dangerous", "receive text messages (MMS)", "Allows the app to receive and process MMS\n      messages. This means the app could monitor or delete messages sent to your\n      device without showing them to you."], "android.permission.REORDER_TASKS": ["normal", "reorder running apps", "Allows the app to move tasks to the\n      foreground and background.  The app may do this without your input."], "android.permission.CALL_PHONE": ["dangerous", "directly call phone numbers", "Allows the app to call phone numbers\n      without your intervention. This may result in unexpected charges or calls.\n      Note that this doesn't allow the app to call emergency numbers.\n      Malicious apps may cost you money by making calls without your\n      confirmation."], "android.permission.WRITE_SYNC_SETTINGS": ["normal", "toggle sync on and off", "Allows an app to modify the sync settings for an account.  For example, this can be used to enable sync of the People app with an account."], "android.permission.RECEIVE_SMS": ["dangerous", "receive text messages (SMS)", "Allows the app to receive and process SMS\n      messages. This means the app could monitor or delete messages sent to your\n      device without showing them to you."], "android.permission.READ_CONTACTS": ["dangerous", "read your contacts", "Allows the app to read data about your contacts stored on your phone.\n      This permission allows apps to save your contact data, and malicious apps may share contact data without your knowledge."], "android.permission.FOREGROUND_SERVICE": ["normal|instant", "run foreground service", "Allows the app to make use of foreground services."], "android.permission.INTERNET": ["normal|instant", "have full network access", "Allows the app to create\n     network sockets and use custom network protocols. The browser and other\n     applications provide means to send data to the internet, so this\n     permission is not required to send data to the internet."], "android.permission.WRITE_EXTERNAL_STORAGE": ["dangerous", "modify or delete the contents of your shared storage", "Allows the app to write the contents of your shared storage."], "android.permission.USE_FULL_SCREEN_INTENT": ["normal", "", ""], "android.permission.READ_SMS": ["dangerous", "read your text messages (SMS or MMS)", "This app can read all SMS (text) messages stored on your phone."]}}}, "size": 3035852, "authentihash": null, "times_submitted": 2, "harmless_votes": 0, "malicious_votes": 0, "sha256": "5b6bf2b718b6b91f6604653c0392a17ec2e06a480106f7af995b24134bbe49bb", "type": "Android", "scans": {"Bkav": {"detected": false, "version": "1.3.0.9899", "result": null, "update": "20211102"}, "Elastic": {"detected": false, "version": "4.0.29", "result": null, "update": "20211005"}, "MicroWorld-eScan": {"detected": false, "version": "14.0.409.0", "result": null, "update": "20211103"}, "CMC": {"detected": false, "version": "2.10.2019.1", "result": null, "update": "20211026"}, "CAT-QuickHeal": {"detected": true, "version": "14.00", "result": "Android.Agent.GEN45096", "update": "20211103"}, "McAfee": {"detected": true, "version": "6.0.6.653", "result": "Artemis!D93278E58557", "update": "20211103"}, "ALYac": {"detected": false, "version": "1.1.3.1", "result": null, "update": "20211103"}, "Malwarebytes": {"detected": false, "version": "4.2.2.27", "result": null, "update": "20211103"}, "VIPRE": {"detected": false, "version": "96678", "result": null, "update": "20211103"}, "Sangfor": {"detected": false, "version": "2.9.0.0", "result": null, "update": "20210930"}, "K7AntiVirus": {"detected": false, "version": "11.225.39131", "result": null, "update": "20211103"}, "Alibaba": {"detected": true, "version": "0.3.0.5", "result": "TrojanBanker:Android/Agent.d52d45eb", "update": "20190527"}, "K7GW": {"detected": true, "version": "11.225.39131", "result": "Trojan ( 005606f31 )", "update": "20211103"}, "Trustlook": {"detected": true, "version": "1.0", "result": "Android.Malware.Trojan", "update": "20211103"}, "Arcabit": {"detected": false, "version": "1.0.0.886", "result": null, "update": "20211103"}, "Baidu": {"detected": false, "version": "1.0.0.2", "result": null, "update": "20190318"}, "SymantecMobileInsight": {"detected": true, "version": "2.0", "result": "AppRisk:Generisk", "update": "20210126"}, "Symantec": {"detected": true, "version": "1.16.0.0", "result": "Trojan.Gen.2", "update": "20211103"}, "ESET-NOD32": {"detected": true, "version": "24229", "result": "a variant of Android/TrojanDropper.Agent.DMJ", "update": "20211103"}, "TrendMicro-HouseCall": {"detected": false, "version": "10.0.0.1040", "result": null, "update": "20211101"}, "Avast": {"detected": false, "version": "21.1.5827.0", "result": null, "update": "20211103"}, "Kaspersky": {"detected": true, "version": "21.0.1.45", "result": "HEUR:Trojan-Banker.AndroidOS.Bray.i", "update": "20211103"}, "BitDefender": {"detected": false, "version": "7.2", "result": null, "update": "20211103"}, "NANO-Antivirus": {"detected": true, "version": "1.0.146.25370", "result": "Trojan.Android.Mlw.jabkpa", "update": "20211103"}, "SUPERAntiSpyware": {"detected": false, "version": "5.6.0.1032", "result": null, "update": "20211030"}, "Rising": {"detected": false, "version": "25.0.0.26", "result": null, "update": "20211103"}, "Ad-Aware": {"detected": false, "version": "3.0.21.193", "result": null, "update": "20211103"}, "Emsisoft": {"detected": false, "version": "2021.5.0.7597", "result": null, "update": "20211103"}, "Comodo": {"detected": false, "version": "34044", "result": null, "update": "20211102"}, "F-Secure": {"detected": false, "version": "12.0.86.52", "result": null, "update": "20211103"}, "DrWeb": {"detected": true, "version": "7.0.52.8270", "result": "Android.Spy.4374", "update": "20211103"}, "Zillya": {"detected": false, "version": "2.0.0.4487", "result": null, "update": "20211102"}, "TrendMicro": {"detected": false, "version": "11.0.0.1006", "result": null, "update": "20211103"}, "McAfee-GW-Edition": {"detected": true, "version": "v2019.1.2+3728", "result": "Artemis!Trojan", "update": "20211102"}, "FireEye": {"detected": false, "version": "32.44.1.0", "result": null, "update": "20211103"}, "Sophos": {"detected": true, "version": "1.4.1.0", "result": "Android Packed App (PUA)", "update": "20211103"}, "Ikarus": {"detected": true, "version": "0.1.5.2", "result": "Trojan-Dropper.AndroidOS.Agent", "update": "20211102"}, "Avast-Mobile": {"detected": true, "version": "211102-00", "result": "Android:Evo-gen [Trj]", "update": "20211102"}, "Jiangmin": {"detected": false, "version": "16.0.100", "result": null, "update": "20211102"}, "Avira": {"detected": true, "version": "8.3.3.12", "result": "ANDROID/Agent.FKEC.Gen", "update": "20211103"}, "Antiy-AVL": {"detected": false, "version": "3.0.0.1", "result": null, "update": "20211103"}, "Kingsoft": {"detected": false, "version": "2017.9.26.565", "result": null, "update": "20211103"}, "Gridinsoft": {"detected": false, "version": "1.0.60.158", "result": null, "update": "20211103"}, "Microsoft": {"detected": true, "version": "1.1.18700.4", "result": "TrojanSpy:AndroidOS/Bray.A!MTB", "update": "20211103"}, "ViRobot": {"detected": false, "version": "2014.3.20.0", "result": null, "update": "20211103"}, "ZoneAlarm": {"detected": false, "version": "1.0", "result": null, "update": "20211102"}, "GData": {"detected": false, "version": "A:25.31229B:27.25015", "result": null, "update": "20211103"}, "BitDefenderFalx": {"detected": true, "version": "2.0.936", "result": "Android.Riskware.Agent.JME", "update": "20210610"}, "AhnLab-V3": {"detected": true, "version": "3.21.1.10219", "result": "Trojan/Android.FakeCop.1052141", "update": "20211103"}, "BitDefenderTheta": {"detected": false, "version": "7.2.37796.0", "result": null, "update": "20211021"}, "TACHYON": {"detected": false, "version": "2021-11-03.02", "result": null, "update": "20211103"}, "VBA32": {"detected": false, "version": "5.0.0", "result": null, "update": "20211102"}, "Zoner": {"detected": false, "version": "0.0.0.0", "result": null, "update": "20211102"}, "Tencent": {"detected": true, "version": "1.0.0.1", "result": "a.privacy.emial.d", "update": "20211103"}, "Yandex": {"detected": false, "version": "5.5.2.24", "result": null, "update": "20211103"}, "MAX": {"detected": false, "version": "2019.9.16.1", "result": null, "update": "20211103"}, "MaxSecure": {"detected": false, "version": "1.0.0.1", "result": null, "update": "20211102"}, "Fortinet": {"detected": true, "version": "6.2.142.0", "result": "Android/Agent.DUI!tr", "update": "20211103"}, "Panda": {"detected": false, "version": "4.6.4.2", "result": null, "update": "20211102"}}, "tags": ["apk", "android", "reflection", "contains-elf"], "scan_id": "5b6bf2b718b6b91f6604653c0392a17ec2e06a480106f7af995b24134bbe49bb-1635926152", "unique_sources": 2, "positives": 21, "ssdeep": "49152:uE5orkBhrJfAyU5VmtmjI6cLWrRUiCG96/bFLyyAseP01F8GLsHSG10Ux29dbGr:1nFAyZ0tUiB6/RLyy7nx8F2/bGr", "md5": "d93278e585577d47fa40a74a063bae12", "permalink": "https://www.virustotal.com/gui/file/5b6bf2b718b6b91f6604653c0392a17ec2e06a480106f7af995b24134bbe49bb/detection/f-5b6bf2b718b6b91f6604653c0392a17ec2e06a480106f7af995b24134bbe49bb-1635926152", "sha1": "8705da319c05a53c621576a3e2953bb21687dce8", "submission": {"submitter_region": "62", "date": "2021-11-03 07:55:52", "submitter_country": "IT", "filename": "5b6bf2b718b6b91f6604653c0392a17ec2e06a480106f7af995b24134bbe49bb.bin"}, "response_code": 1, "community_reputation": 0, "verbose_msg": "Scan finished, information embedded", "ITW_urls": [], "last_seen": "2021-11-03 07:55:52"}