{"vhash": "001a45a4510ae8ec72e738ed0750fb0f", "submission_names": ["Settings.apk"], "scan_date": "2021-11-03 08:45:37", "first_seen": "2021-11-03 08:45:37", "total": 62, "additional_info": {"exiftool": {"MIMEType": "application/zip", "ZipRequiredVersion": "20", "ZipCRC": "0xfe8efcb8", "FileType": "ZIP", "ZipCompression": "Deflated", "ZipUncompressedSize": "6992", "ZipCompressedSize": "1686", "FileTypeExtension": "zip", "ZipFileName": "AndroidManifest.xml", "ZipBitFlag": "0", "ZipModifyDate": "2021:11:03 14:11:00"}, "trid": "Java Archive (72.9%)\nZIP compressed archive (21.6%)\nPrintFox/Pagefox bitmap (640x800) (5.4%)", "androguard": {"Activities": ["com.metasploit.stage.MainActivity"], "AndroidVersionCode": "1", "certificate": {"validto": "2036-02-02 20:45:44", "serialnumber": "1", "Issuer": {"DN": "C:US/O=Android/CN=Android Debug", "C": "US/O=Android/CN=Android Debug"}, "thumbprint": "4ce5ae0d359bf0e280acc66857b84e03c503e03e", "validfrom": "2019-08-05 18:31:20", "Subject": {"DN": "C:US/O=Android/CN=Android Debug", "C": "US/O=Android/CN=Android Debug"}}, "VTAndroidInfo": 2, "AndroidApplication": 1, "Package": "com.metasploit.stage", "intent-filters": {"Activities": {"com.metasploit.stage.MainActivity": {"action": ["android.intent.action.MAIN", "android.intent.action.VIEW"], "category": ["android.intent.category.LAUNCHER", "android.intent.category.DEFAULT", "android.intent.category.BROWSABLE"]}}, "Receivers": {"com.metasploit.stage.MainBroadcastReceiver": {"action": ["android.intent.action.BOOT_COMPLETED"]}}}, "Main Activity": "com.metasploit.stage.MainActivity", "AndroidApplicationError": false, "AndroidVersionName": "1.0", "RiskIndicator": {"APK": {"DEX": 1}, "PERM": {"PRIVACY": 9, "DANGEROUS": 5, "INTERNET": 1, "SMS": 3, "MONEY": 1, "NORMAL": 6, "GPS": 2}}, "Services": ["com.metasploit.stage.MainService"], "MinSdkVersion": "10", "AndroidApplicationInfo": "APK", "TargetSdkVersion": "17", "Receivers": ["com.metasploit.stage.MainBroadcastReceiver"], "AndroguardVersion": "3.4.0a1", "Permissions": {"android.permission.ACCESS_COARSE_LOCATION": ["dangerous", "approximate location\n      (network-based)", "Allows the app to get your\n      approximate location. This location is derived by location services using\n      network location sources such as cell towers and Wi-Fi. These location\n      services must be turned on and available to your device for the app to\n      use them. Apps may use this to determine approximately where you\n      are."], "android.permission.ACCESS_WIFI_STATE": ["normal", "view Wi-Fi connections", "Allows the app to view information\n      about Wi-Fi networking, such as whether Wi-Fi is enabled and name of\n      connected Wi-Fi devices."], "android.permission.INTERNET": ["dangerous", "full network access", "Allows the app to create\n     network sockets and use custom network protocols. The browser and other\n     applications provide means to send data to the internet, so this\n     permission is not required to send data to the internet."], "android.permission.ACCESS_FINE_LOCATION": ["dangerous", "precise location (GPS and\n      network-based)", "Allows the app to get your\n      precise location using the Global Positioning System (GPS) or network\n      location sources such as cell towers and Wi-Fi. These location services\n      must be turned on and available to your device for the app to use them.\n      Apps may use this to determine where you are, and may consume additional\n      battery power."], "android.permission.SEND_SMS": ["dangerous", "send SMS messages", "Allows the app to send SMS messages.\n     This may result in unexpected charges. Malicious apps may cost you money by\n     sending messages without your confirmation."], "android.permission.ACCESS_NETWORK_STATE": ["normal", "view network connections", "Allows the app to view\n      information about network connections such as which networks exist and are\n      connected."], "android.permission.WRITE_CALL_LOG": ["dangerous", "write call log", "Allows the app to modify your phone's call log, including data about incoming and outgoing calls.\n        Malicious apps may use this to erase or modify your call log."], "android.permission.SET_WALLPAPER": ["normal", "set wallpaper", "Allows the app to set the system wallpaper."], "android.permission.READ_CALL_LOG": ["dangerous", "read call log", "Allows the app to read\n      your phone's call log, including data about incoming and outgoing calls.\n      This permission allows apps to save your call log data, and malicious apps\n      may share call log data without your knowledge."], "android.permission.WRITE_EXTERNAL_STORAGE": ["dangerous", "modify or delete the contents of your SD card", "Allows the app to write to the SD card."], "android.permission.RECORD_AUDIO": ["dangerous", "record audio", "Allows application to access\n        the audio record path."], "android.permission.WRITE_CONTACTS": ["dangerous", "modify your contacts", "Allows the app to\n    modify the data about your contacts stored on your phone, including the\n    frequency with which you've called, emailed, or communicated in other ways\n    with specific contacts. This permission allows apps to delete contact\n    data."], "android.permission.RECEIVE_BOOT_COMPLETED": ["normal", "run at startup", "Allows the app to\n        have itself started as soon as the system has finished booting.\n        This can make it take longer to start the phone and allow the\n        app to slow down the overall phone by always running."], "android.permission.CALL_PHONE": ["dangerous", "directly call phone numbers", "Allows the app to call phone numbers\n      without your intervention. This may result in unexpected charges or calls.\n      Note that this doesn't allow the app to call emergency numbers.\n      Malicious apps may cost you money by making calls without your\n      confirmation."], "android.permission.WRITE_SETTINGS": ["normal", "modify system settings", "Allows the app to modify the\n        system's settings data. Malicious apps may corrupt your system's\n        configuration."], "android.permission.READ_PHONE_STATE": ["dangerous", "read phone status and identity", "Allows the app to access the phone\n      features of the device.  This permission allows the app to determine the\n      phone number and device IDs, whether a call is active, and the remote number\n      connected by a call."], "android.permission.READ_SMS": ["dangerous", "read your text messages (SMS or MMS)", "Allows the app to read SMS\n      messages stored on your phone or SIM card. This allows the app to read all\n      SMS messages, regardless of content or confidentiality."], "android.permission.CAMERA": ["dangerous", "take pictures and videos", "Allows the app to take pictures and videos\n      with the camera.  This permission allows the app to use the camera at any\n      time without your confirmation."], "android.permission.WAKE_LOCK": ["normal", "prevent phone from sleeping", "Allows the app to prevent the phone from going to sleep."], "android.permission.CHANGE_WIFI_STATE": ["dangerous", "connect and disconnect from Wi-Fi", "Allows the app to connect to and\n      disconnect from Wi-Fi access points and to make changes to device\n      configuration for Wi-Fi networks."], "android.permission.RECEIVE_SMS": ["dangerous", "receive text messages (SMS)", "Allows the app to receive and process SMS\n      messages. This means the app could monitor or delete messages sent to your\n      device without showing them to you."], "android.permission.READ_CONTACTS": ["dangerous", "read your contacts", "Allows the app to\n      read data about your contacts stored on your phone, including the\n      frequency with which you've called, emailed, or communicated in other ways\n      with specific individuals. This permission allows apps to save your\n      contact data, and malicious apps may share contact data without your\n      knowledge."]}}, "magic": "Zip archive data, at least v2.0 to extract", "compressedview": {"highest_datetime": "2021-11-03 14:11:00", "lowest_datetime": "2021-11-03 14:11:00", "num_children": 7, "extensions": {"dex": 1, "xml": 1, "MF": 1, "RSA": 1, "SF": 1}, "file_types": {"DEX": 1, "XML": 1, "directory": 1, "unknown": 4}, "type": "APK", "children": [{"detection_ratio": [10, 73], "datetime": "2021-11-03 14:11:00", "filename": "AndroidManifest.xml", "sha256": "14e52da702f77a55640f72e805f4cbcdd44a6b22bf9520dad0edb7e003200c19", "type": "XML", "size": 6992}, {"detection_ratio": [0, 74], "datetime": "2021-11-03 14:11:00", "filename": "resources.arsc", "sha256": "5d36dc2c2f9a30563fcea2ccd7d595b365a6300b76d3e2c0b9103eda31094f5d", "type": "unknown", "size": 572}, {"datetime": "2021-11-03 14:11:00", "sha256": "491a0b9902907a4b356f432bfc66bcaaf95c306c1bcfcd0238d355500e877c9d", "type": "DEX", "filename": "classes.dex", "size": 20316}, {"datetime": "2021-11-03 14:11:00", "sha256": "d27f83817bb4917181a5c3e0c49a6a926b22993e250532f2df038d4a8d223bdc", "type": "unknown", "filename": "META-INF/MANIFEST.MF", "size": 258}, {"datetime": "2021-11-03 14:11:00", "sha256": "03395229d4804a2bc1c304eb75e8d42e06519701f39193c7b7525de67a21ed66", "type": "unknown", "filename": "META-INF/SIGNFILE.SF", "size": 272}, {"datetime": "2021-11-03 14:11:00", "sha256": "fddb85d18fddd97fdd22d4442f6835926a16f193a951d8596deb364b7c8232d2", "type": "unknown", "filename": "META-INF/SIGNFILE.RSA", "size": 1842}], "uncompressed_size": 30252}}, "size": 10186, "authentihash": null, "times_submitted": 1, "harmless_votes": 0, "malicious_votes": 0, "sha256": "5e9eb7d833be52f8fd77dc14c86dd08c28f448119ea435cde0094940cb6aa7b1", "type": "Android", "scans": {"Bkav": {"detected": false, "version": "1.3.0.9899", "result": null, "update": "20211102"}, "Lionic": {"detected": false, "version": "4.2", "result": null, "update": "20211103"}, "ClamAV": {"detected": false, "version": "0.104.0.0", "result": null, "update": "20211102"}, "CMC": {"detected": false, "version": "2.10.2019.1", "result": null, "update": "20211026"}, "CAT-QuickHeal": {"detected": true, "version": "14.00", "result": "Android.Agent.ACZ", "update": "20211103"}, "McAfee": {"detected": false, "version": "6.0.6.653", "result": null, "update": "20211103"}, "ALYac": {"detected": false, "version": "1.1.3.1", "result": null, "update": "20211103"}, "Malwarebytes": {"detected": false, "version": "4.2.2.27", "result": null, "update": "20211103"}, "VIPRE": {"detected": false, "version": "96678", "result": null, "update": "20211103"}, "Sangfor": {"detected": true, "version": "2.9.0.0", "result": "Malware.Android-Script.Save.b0a31b55", "update": "20210930"}, "K7AntiVirus": {"detected": false, "version": "11.225.39131", "result": null, "update": "20211103"}, "BitDefender": {"detected": true, "version": "7.2", "result": "Application.HackTool.MeterPreter.AQR", "update": "20211103"}, "K7GW": {"detected": true, "version": "11.225.39131", "result": "Trojan-Downloader ( 004ff8551 )", "update": "20211103"}, "Trustlook": {"detected": true, "version": "1.0", "result": "Android.Malware.General (score:7)", "update": "20211103"}, "Baidu": {"detected": false, "version": "1.0.0.2", "result": null, "update": "20190318"}, "Cyren": {"detected": true, "version": "6.3.0.2", "result": "AndroidOS/Downloader.M.gen!Eldorado", "update": "20211103"}, "SymantecMobileInsight": {"detected": true, "version": "2.0", "result": "Hacktool:Mesploit", "update": "20210126"}, "Symantec": {"detected": false, "version": "1.16.0.0", "result": null, "update": "20211103"}, "ESET-NOD32": {"detected": true, "version": "24229", "result": "a variant of Android/TrojanDownloader.Agent.JN", "update": "20211103"}, "TrendMicro-HouseCall": {"detected": false, "version": "10.0.0.1040", "result": null, "update": "20211101"}, "Avast": {"detected": true, "version": "21.1.5827.0", "result": "Android:Metasploit-G [PUP]", "update": "20211103"}, "Cynet": {"detected": true, "version": "4.0.0.27", "result": "Malicious (score: 99)", "update": "20211103"}, "Kaspersky": {"detected": true, "version": "21.0.1.45", "result": "HEUR:Trojan-Downloader.AndroidOS.Agent.jy", "update": "20211103"}, "Alibaba": {"detected": false, "version": "0.3.0.5", "result": null, "update": "20190527"}, "NANO-Antivirus": {"detected": false, "version": "1.0.146.25370", "result": null, "update": "20211103"}, "SUPERAntiSpyware": {"detected": false, "version": "5.6.0.1032", "result": null, "update": "20211030"}, "MicroWorld-eScan": {"detected": true, "version": "14.0.409.0", "result": "Application.HackTool.MeterPreter.AQR", "update": "20211103"}, "Rising": {"detected": false, "version": "25.0.0.26", "result": null, "update": "20211103"}, "Ad-Aware": {"detected": false, "version": "3.0.21.193", "result": null, "update": "20211103"}, "Emsisoft": {"detected": true, "version": "2021.5.0.7597", "result": "Application.HackTool.MeterPreter.AQR (B)", "update": "20211103"}, "Comodo": {"detected": false, "version": "34044", "result": null, "update": "20211102"}, "F-Secure": {"detected": true, "version": "12.0.86.52", "result": "Malware.ANDROID/Agent.FJNR.Gen", "update": "20211103"}, "DrWeb": {"detected": true, "version": "7.0.52.8270", "result": "Android.RemoteCode.6833", "update": "20211103"}, "Zillya": {"detected": false, "version": "2.0.0.4487", "result": null, "update": "20211102"}, "TrendMicro": {"detected": false, "version": "11.0.0.1006", "result": null, "update": "20211103"}, "McAfee-GW-Edition": {"detected": false, "version": "v2019.1.2+3728", "result": null, "update": "20211102"}, "FireEye": {"detected": true, "version": "32.44.1.0", "result": "Application.HackTool.MeterPreter.AQR", "update": "20211103"}, "Sophos": {"detected": true, "version": "1.4.1.0", "result": "Andr/Bckdr-RXM", "update": "20211103"}, "Ikarus": {"detected": true, "version": "0.1.5.2", "result": "Trojan-Downloader.AndroidOS.Agent", "update": "20211102"}, "Avast-Mobile": {"detected": true, "version": "211102-00", "result": "Android:Evo-gen [Trj]", "update": "20211102"}, "Jiangmin": {"detected": false, "version": "16.0.100", "result": null, "update": "20211102"}, "Avira": {"detected": true, "version": "8.3.3.12", "result": "ANDROID/TrojanDldr.FNAA.Gen", "update": "20211103"}, "Antiy-AVL": {"detected": false, "version": "3.0.0.1", "result": null, "update": "20211103"}, "Kingsoft": {"detected": false, "version": "2017.9.26.565", "result": null, "update": "20211103"}, "Gridinsoft": {"detected": false, "version": "1.0.60.158", "result": null, "update": "20211103"}, "Arcabit": {"detected": true, "version": "1.0.0.886", "result": "Application.HackTool.MeterPreter.AQR", "update": "20211103"}, "ViRobot": {"detected": false, "version": "2014.3.20.0", "result": null, "update": "20211103"}, "ZoneAlarm": {"detected": true, "version": "1.0", "result": "HEUR:Trojan-Downloader.AndroidOS.Agent.jy", "update": "20211102"}, "GData": {"detected": true, "version": "A:25.31229B:27.25015", "result": "Application.HackTool.MeterPreter.AQR", "update": "20211103"}, "BitDefenderFalx": {"detected": true, "version": "2.0.936", "result": "Android.Riskware.SMSSend.RR", "update": "20210610"}, "AhnLab-V3": {"detected": true, "version": "3.21.1.10219", "result": "PUP/Android.Metasploit.54109", "update": "20211103"}, "BitDefenderTheta": {"detected": false, "version": "7.2.37796.0", "result": null, "update": "20211021"}, "TACHYON": {"detected": false, "version": "2021-11-03.02", "result": null, "update": "20211103"}, "VBA32": {"detected": false, "version": "5.0.0", "result": null, "update": "20211102"}, "Zoner": {"detected": false, "version": "0.0.0.0", "result": null, "update": "20211102"}, "Tencent": {"detected": true, "version": "1.0.0.1", "result": "HackTool.Android.Metasploit.awe", "update": "20211103"}, "Yandex": {"detected": false, "version": "5.5.2.24", "result": null, "update": "20211103"}, "MAX": {"detected": true, "version": "2019.9.16.1", "result": "malware (ai score=80)", "update": "20211103"}, "MaxSecure": {"detected": true, "version": "1.0.0.1", "result": "Android.metasploit.e", "update": "20211102"}, "Fortinet": {"detected": true, "version": "6.2.142.0", "result": "Android/Agent.JN!tr", "update": "20211103"}, "AVG": {"detected": true, "version": "21.1.5827.0", "result": "Android:Metasploit-G [PUP]", "update": "20211103"}, "Panda": {"detected": false, "version": "4.6.4.2", "result": null, "update": "20211102"}}, "tags": ["apk", "android"], "scan_id": "5e9eb7d833be52f8fd77dc14c86dd08c28f448119ea435cde0094940cb6aa7b1-1635929137", "unique_sources": 1, "positives": 30, "ssdeep": "192:e31VZIsJrtc2Uv3fdRos/LcWc8KrY6fSGFFi68BYGxfQrv5pFbdpYzPUGsb:81XIsNzUvxcHL9fJrcuUfG7ZeLUf", "md5": "b4f99506b1ac01b6232c607b9b7bd7a0", "permalink": "https://www.virustotal.com/gui/file/5e9eb7d833be52f8fd77dc14c86dd08c28f448119ea435cde0094940cb6aa7b1/detection/f-5e9eb7d833be52f8fd77dc14c86dd08c28f448119ea435cde0094940cb6aa7b1-1635929137", "sha1": "4d057f4e8ee4b4a7a0a249bd60cf4d0dff6368ec", "submission": {"submitter_region": "mh", "date": "2021-11-03 08:45:37", "submitter_country": "IN", "filename": "Settings.apk"}, "response_code": 1, "community_reputation": 0, "verbose_msg": "Scan finished, information embedded", "ITW_urls": [], "last_seen": "2021-11-03 08:45:37"}