{"vhash": "824e77035a3baf0a0ce3eb983e7e3f83", "submission_names": ["/var/www/clean-mx/virusesevidence/output.109230463.txt", "/home/kinetic/Desktop/malwareDataset/APK2017/2017-10-8-7-6-5/VirusShare_e691edcca810dc48f544fdd9bfbcc0b4", "/home/kinetic/Desktop/malwareDataset/APK2017/2017-10/VirusShare_e691edcca810dc48f544fdd9bfbcc0b4", "myfile.exe", "VirusShare_e691edcca810dc48f544fdd9bfbcc0b4", "pocketleaguestoryv103.apk", "c:/aa/aa", "C:\\LrbhY\\h2omlfg0\\7N_Ecv_R\\IF4U25.caj", "C:\\Xpu8RI\\pKKARoON\\Alljq\\k51SmYW.reg", "/mnt/hdd2/VS_Scripts/VS_Sorted_files/jar/all/VirusShare_e691edcca810dc48f544fdd9bfbcc0b4"], "scan_date": "2021-11-03 08:02:16", "first_seen": "2015-02-06 17:44:14", "total": 61, "additional_info": {"email_parents": [], "magic": "Zip archive data, at least v2.0 to extract", "sigcheck": {}, "exiftool": {"MIMEType": "application/zip", "ZipRequiredVersion": "20", "ZipCRC": "0xcefa9383", "FileType": "ZIP", "ZipCompression": "Deflated", "ZipUncompressedSize": "873", "ZipCompressedSize": "390", "FileTypeExtension": "zip", "ZipFileName": "META-INF/MANIFEST.MF", "ZipBitFlag": "0x0808", "ZipModifyDate": "2013:02:28 00:55:30"}, "trid": "Android Package (67.5%)\nJava Archive (23.6%)\nZIP compressed archive (7.0%)\nPrintFox/Pagefox bitmap (640x800) (1.7%)", "positives_delta": -1, "compressedview": {"highest_datetime": "2013-02-28 00:55:30", "lowest_datetime": "2013-02-28 00:55:30", "num_children": 14, "extensions": {"dex": 1, "xml": 3, "MF": 1, "RSA": 1, "SF": 1, "png": 4}, "file_types": {"DEX": 1, "XML": 2, "JPG": 2, "PNG": 4, "unknown": 5}, "type": "APK", "children": [{"datetime": "2013-02-28 00:55:30", "sha256": "a2a0e7e8176de073f41b16982187d72c5bb5131d1b7f69d11c958a52fd93cc2c", "type": "unknown", "filename": "META-INF/MANIFEST.MF", "size": 873}, {"datetime": "2013-02-28 00:55:30", "sha256": "95f85401fe5bc5c118878d0a24c7e3de2de1903409091d41500531216ac5a2bd", "type": "unknown", "filename": "META-INF/CERT.SF", "size": 926}, {"datetime": "2013-02-28 00:55:30", "sha256": "4671aa342aea4498b1f3fca1403543e92c7707a528f50aab2c32a7fbb70399b4", "type": "unknown", "filename": "META-INF/CERT.RSA", "size": 1048}, {"detection_ratio": [0, 46], "datetime": "2013-02-28 00:55:30", "filename": "res/layout/main.xml", "sha256": "afe8916365dbbd528c5ef85d4908d7d7d5a72b95bd66f06b4e2f48a5493a801c", "type": "XML", "size": 3896}, {"detection_ratio": [0, 46], "datetime": "2013-02-28 00:55:30", "filename": "res/drawable/app_icon.jpeg", "sha256": "fb38482daae03c783786a55bd2f037fd77e8134524797bc07b8c1b6a64dda86e", "type": "JPG", "size": 2333}, {"detection_ratio": [0, 52], "datetime": "2013-02-28 00:55:30", "filename": "AndroidManifest.xml", "sha256": "7b60a35b07beb31c6e4f7e9eb9f6e877d0e87efb1ebf29f0166405aa78d36457", "type": "XML", "size": 3276}, {"detection_ratio": [0, 46], "datetime": "2013-02-28 00:55:30", "filename": "res/drawable-ldpi/icon.png", "sha256": "de5ed4b80e6cc07efaba0dc450ec4ba084890edf22eab832d1bce23e499f39cb", "type": "PNG", "size": 13502}, {"detection_ratio": [0, 46], "datetime": "2013-02-28 00:55:30", "filename": "res/drawable/icon.png", "sha256": "de5ed4b80e6cc07efaba0dc450ec4ba084890edf22eab832d1bce23e499f39cb", "type": "PNG", "size": 13502}, {"detection_ratio": [0, 46], "datetime": "2013-02-28 00:55:30", "filename": "res/drawable-mdpi/icon.png", "sha256": "de5ed4b80e6cc07efaba0dc450ec4ba084890edf22eab832d1bce23e499f39cb", "type": "PNG", "size": 13502}, {"datetime": "2013-02-28 00:55:30", "sha256": "b1b25184b5d93e961727e0876121319c75c596c682a21bb060d8fd1aad293709", "type": "JPG", "filename": "res/drawable/app_scr.jpeg", "size": 29838}, {"datetime": "2013-02-28 00:55:30", "sha256": "9bf321670c837a4c00d01b687337c23570c502d59e01e41c5dab68c987ecba71", "type": "unknown", "filename": "assets/config.xml", "size": 312}, {"datetime": "2013-02-28 00:55:30", "sha256": "c8b7245dea1a74ef89a283d2157e76fea3eefa793d30f11ebc75e39a24c47dbe", "type": "unknown", "filename": "resources.arsc", "size": 4060}, {"detection_ratio": [26, 74], "datetime": "2013-02-28 00:55:30", "filename": "classes.dex", "sha256": "9ea55b196562b40489d164c9f747ca9d83be2998eaaf9b3ac4ea008f9c641b68", "type": "DEX", "size": 183236}, {"detection_ratio": [0, 46], "datetime": "2013-02-28 00:55:30", "filename": "res/drawable-hdpi/icon.png", "sha256": "de5ed4b80e6cc07efaba0dc450ec4ba084890edf22eab832d1bce23e499f39cb", "type": "PNG", "size": 13502}], "uncompressed_size": 283806}, "first_seen_itw": "2013-08-27 16:08:11", "androguard": {"Activities": ["com.bluedragon.sa.Shortcut2ApkActivity"], "AndroidVersionCode": "1", "certificate": {"validto": "2039-08-27 02:04:53", "serialnumber": "d082574fa7170a2b", "Issuer": {"DN": "C:VN, CN:INet, L:HaNoi, O:Londatiganet, ST:West Java, OU:Android Mobile, email:abc@yahoo.com", "C": "VN", "CN": "INet", "L": "HaNoi", "O": "Londatiganet", "ST": "West Java", "OU": "Android Mobile", "email": "abc@yahoo.com"}, "thumbprint": "536214862536eca8193a4e734ea7565c8d2d6e08", "validfrom": "2012-04-11 02:04:53", "Subject": {"DN": "C:VN, CN:INet, L:HaNoi, O:Londatiganet, ST:West Java, OU:Android Mobile, email:abc@yahoo.com", "C": "VN", "CN": "INet", "L": "HaNoi", "O": "Londatiganet", "ST": "West Java", "OU": "Android Mobile", "email": "abc@yahoo.com"}}, "VTAndroidInfo": 2, "Package": "com.bluedragon.sa", "AndroidApplication": 1, "AndroidApplicationError": false, "intent-filters": {"Activities": {"com.bluedragon.sa.Shortcut2ApkActivity": {"action": ["android.intent.action.MAIN"], "category": ["android.intent.category.LAUNCHER"]}}, "Receivers": {"com.bluedragon.sa.PackageChangeReceiver": {"action": ["android.intent.action.PACKAGE_ADDED"]}}}, "Main Activity": "com.bluedragon.sa.Shortcut2ApkActivity", "StringsInformation": ["http://192.168.0.12:8080/BoiBaiServer/services/BoiBaiTayRemoteImpl", "http://boibaitay/requestTicket", "http://schemas.xmlsoap.org/soap/encoding/", "http://schemas.xmlsoap.org/soap/envelope/", "http://sms_service/boibaitay/", "http://www.", "http://www.w3.org/1999/XMLSchema", "http://www.w3.org/1999/XMLSchema-instance", "http://www.w3.org/2000/xmlns/", "http://www.w3.org/2001/XMLSchema", "http://www.w3.org/2001/XMLSchema-instance", "http://www.w3.org/2003/05/soap-encoding", "http://www.w3.org/2003/05/soap-envelope", "http://www.w3.org/XML/1998/namespace", "http://xml.apache.org/xml-soap", "http://xmlpull.org/v1/doc/", "http://xmlpull.org/v1/doc/features.html#indent-output", "http://xmlpull.org/v1/doc/features.html#process-docdecl", "http://xmlpull.org/v1/doc/features.html#process-namespaces", "http://xmlpull.org/v1/doc/features.html#report-namespace-prefixes", "http://xmlpull.org/v1/doc/features.html#validation", "http://xmlpull.org/v1/doc/properties.html#xmldecl-standalone", "https://www."], "AndroidVersionName": "1.0", "RiskIndicator": {"APK": {"DEX": 1}, "PERM": {"PRIVACY": 1, "DANGEROUS": 1, "NORMAL": 2, "SMS": 1, "SYSTEM": 2, "MONEY": 1, "SIGNATURE": 2, "INTERNET": 1}}, "MinSdkVersion": "8", "AndroidApplicationInfo": "APK", "Receivers": ["com.bluedragon.sa.PackageChangeReceiver"], "AndroguardVersion": "3.4.0a1", "Permissions": {"android.permission.SEND_SMS": ["dangerous", "send SMS messages", "Allows the app to send SMS messages.\n     This may result in unexpected charges. Malicious apps may cost you money by\n     sending messages without your confirmation."], "android.permission.READ_PHONE_STATE": ["dangerous", "read phone status and identity", "Allows the app to access the phone\n      features of the device.  This permission allows the app to determine the\n      phone number and device IDs, whether a call is active, and the remote number\n      connected by a call."], "android.permission.INSTALL_PACKAGES": ["signature|system", "directly install apps", "Allows the app to install new or updated\n        Android packages. Malicious apps may use this to add new apps with arbitrarily\n        powerful permissions."], "android.permission.ACCESS_NETWORK_STATE": ["normal", "view network connections", "Allows the app to view\n      information about network connections such as which networks exist and are\n      connected."], "android.permission.DELETE_PACKAGES": ["signature|system", "delete apps", "Allows the app to delete\n        Android packages. Malicious apps may use this to delete important apps."], "android.permission.INTERNET": ["dangerous", "full network access", "Allows the app to create\n     network sockets and use custom network protocols. The browser and other\n     applications provide means to send data to the internet, so this\n     permission is not required to send data to the internet."], "android.permission.RESTART_PACKAGES": ["normal", "close other apps", "Allows the app to end\n      background processes of other apps.  This may cause other apps to stop\n      running."], "android.permission.WRITE_EXTERNAL_STORAGE": ["dangerous", "modify or delete the contents of your SD card", "Allows the app to write to the SD card."]}}, "android-behaviour": {"sandbox-version": 1, "opened_files": ["APP_ASSETS/config.xml"]}}, "size": 183459, "authentihash": null, "times_submitted": 11, "harmless_votes": 0, "malicious_votes": 0, "sha256": "69d970efdf8c351cc3d516d9f9781ec7a7a1cefc1ba07b5d1e84a893720a9102", "type": "Android", "scans": {"Bkav": {"detected": false, "version": "1.3.0.9899", "result": null, "update": "20211102"}, "ClamAV": {"detected": false, "version": "0.104.0.0", "result": null, "update": "20211102"}, "CMC": {"detected": false, "version": "2.10.2019.1", "result": null, "update": "20211026"}, "CAT-QuickHeal": {"detected": true, "version": "14.00", "result": "Android.Agent.AI", "update": "20211103"}, "McAfee": {"detected": true, "version": "6.0.6.653", "result": "Artemis!E691EDCCA810", "update": "20211103"}, "ALYac": {"detected": false, "version": "1.1.3.1", "result": null, "update": "20211103"}, "Malwarebytes": {"detected": false, "version": "4.2.2.27", "result": null, "update": "20211103"}, "VIPRE": {"detected": false, "version": "96678", "result": null, "update": "20211103"}, "Sangfor": {"detected": true, "version": "2.9.0.0", "result": "Malware.Android-Script.Save.62b2ccf4", "update": "20210930"}, "K7AntiVirus": {"detected": false, "version": "11.225.39131", "result": null, "update": "20211103"}, "BitDefender": {"detected": false, "version": "7.2", "result": null, "update": "20211103"}, "K7GW": {"detected": true, "version": "11.225.39131", "result": "Trojan ( 0048d9101 )", "update": "20211103"}, "Trustlook": {"detected": true, "version": "1.0", "result": "Android.Malware.Trojan", "update": "20211103"}, "Arcabit": {"detected": false, "version": "1.0.0.886", "result": null, "update": "20211103"}, "Baidu": {"detected": false, "version": "1.0.0.2", "result": null, "update": "20190318"}, "Cyren": {"detected": true, "version": "6.3.0.2", "result": "AndroidOS/Agent.T", "update": "20211103"}, "SymantecMobileInsight": {"detected": true, "version": "2.0", "result": "Trojan:Premiumtext", "update": "20210126"}, "Symantec": {"detected": true, "version": "1.16.0.0", "result": "Trojan.Gen.MBT", "update": "20211103"}, "ESET-NOD32": {"detected": true, "version": "24229", "result": "Android/TrojanSMS.Agent.JY", "update": "20211103"}, "TrendMicro-HouseCall": {"detected": false, "version": "10.0.0.1040", "result": null, "update": "20211101"}, "Avast": {"detected": true, "version": "21.1.5827.0", "result": "Android:Agent-EIC [Trj]", "update": "20211103"}, "Cynet": {"detected": true, "version": "4.0.0.27", "result": "Malicious (score: 99)", "update": "20211103"}, "Kaspersky": {"detected": true, "version": "21.0.1.45", "result": "HEUR:Trojan-SMS.AndroidOS.Agent.w", "update": "20211103"}, "Alibaba": {"detected": true, "version": "0.3.0.5", "result": "Trojan:Android/Agent.aa1e7ba3", "update": "20190527"}, "NANO-Antivirus": {"detected": true, "version": "1.0.146.25370", "result": "Trojan.Android.Agent.cwzgqr", "update": "20211103"}, "SUPERAntiSpyware": {"detected": false, "version": "5.6.0.1032", "result": null, "update": "20211030"}, "MicroWorld-eScan": {"detected": false, "version": "14.0.409.0", "result": null, "update": "20211103"}, "Rising": {"detected": false, "version": "25.0.0.26", "result": null, "update": "20211103"}, "Ad-Aware": {"detected": false, "version": "3.0.21.193", "result": null, "update": "20211103"}, "Emsisoft": {"detected": false, "version": "2021.5.0.7597", "result": null, "update": "20211103"}, "Comodo": {"detected": true, "version": "34044", "result": "Malware@#1p2ei5ca3qo4c", "update": "20211102"}, "F-Secure": {"detected": false, "version": "12.0.86.52", "result": null, "update": "20211103"}, "DrWeb": {"detected": true, "version": "7.0.52.8270", "result": "Android.SmsSend.311.origin", "update": "20211103"}, "Zillya": {"detected": false, "version": "2.0.0.4487", "result": null, "update": "20211102"}, "TrendMicro": {"detected": false, "version": "11.0.0.1006", "result": null, "update": "20211103"}, "McAfee-GW-Edition": {"detected": true, "version": "v2019.1.2+3728", "result": "Artemis!Trojan", "update": "20211102"}, "FireEye": {"detected": false, "version": "32.44.1.0", "result": null, "update": "20211103"}, "Sophos": {"detected": true, "version": "1.4.1.0", "result": "Andr/SMSSend-J", "update": "20211103"}, "Ikarus": {"detected": true, "version": "0.1.5.2", "result": "Trojan.AndroidOS.SendSMS", "update": "20211102"}, "Avast-Mobile": {"detected": true, "version": "211102-00", "result": "Android:Agent-EIC [Trj]", "update": "20211102"}, "Jiangmin": {"detected": true, "version": "16.0.100", "result": "Trojan/AndroidOS.afty", "update": "20211102"}, "Avira": {"detected": true, "version": "8.3.3.12", "result": "ANDROID/SmsAgent.D.Gen", "update": "20211103"}, "Antiy-AVL": {"detected": true, "version": "3.0.0.1", "result": "Trojan/Generic.ASMalwAD.19", "update": "20211103"}, "Gridinsoft": {"detected": false, "version": "1.0.60.158", "result": null, "update": "20211103"}, "Microsoft": {"detected": true, "version": "1.1.18700.4", "result": "Trojan:AndroidOS/SendSMS.A!MTB", "update": "20211103"}, "ViRobot": {"detected": false, "version": "2014.3.20.0", "result": null, "update": "20211103"}, "ZoneAlarm": {"detected": true, "version": "1.0", "result": "HEUR:Trojan-SMS.AndroidOS.Agent.w", "update": "20211102"}, "GData": {"detected": false, "version": "A:25.31229B:27.25015", "result": null, "update": "20211103"}, "BitDefenderFalx": {"detected": true, "version": "2.0.936", "result": "Android.Riskware.Agent.XAB", "update": "20210610"}, "AhnLab-V3": {"detected": true, "version": "3.21.1.10219", "result": "Trojan/Android.SMSAgent.7981", "update": "20211103"}, "BitDefenderTheta": {"detected": false, "version": "7.2.37796.0", "result": null, "update": "20211021"}, "TACHYON": {"detected": false, "version": "2021-11-03.02", "result": null, "update": "20211103"}, "VBA32": {"detected": false, "version": "5.0.0", "result": null, "update": "20211102"}, "Zoner": {"detected": false, "version": "0.0.0.0", "result": null, "update": "20211102"}, "Tencent": {"detected": true, "version": "1.0.0.1", "result": "Trojan.Android.Agent.wa", "update": "20211103"}, "Yandex": {"detected": false, "version": "5.5.2.24", "result": null, "update": "20211103"}, "MAX": {"detected": true, "version": "2019.9.16.1", "result": "malware (ai score=52)", "update": "20211103"}, "MaxSecure": {"detected": false, "version": "1.0.0.1", "result": null, "update": "20211102"}, "Fortinet": {"detected": true, "version": "6.2.142.0", "result": "Android/FakeInst.FZ!tr", "update": "20211103"}, "AVG": {"detected": true, "version": "21.1.5827.0", "result": "Android:Agent-EIC [Trj]", "update": "20211103"}, "Panda": {"detected": false, "version": "4.6.4.2", "result": null, "update": "20211102"}}, "tags": ["apk", "android", "telephony"], "scan_id": "69d970efdf8c351cc3d516d9f9781ec7a7a1cefc1ba07b5d1e84a893720a9102-1635926536", "unique_sources": 5, "positives": 31, "ssdeep": "3072:/mgvpmnJm/yvpmnJm/+vpmnJm/ab5TIvP5NpdK1/Pa59hepmgRSTmWcSXFjL7Fhj:/m6Mo/YMo/EMo/i5TuhNp0AJepmgRSTZ", "md5": "e691edcca810dc48f544fdd9bfbcc0b4", "permalink": "https://www.virustotal.com/gui/file/69d970efdf8c351cc3d516d9f9781ec7a7a1cefc1ba07b5d1e84a893720a9102/detection/f-69d970efdf8c351cc3d516d9f9781ec7a7a1cefc1ba07b5d1e84a893720a9102-1635926536", "sha1": "8885b321922cb9917be38a375bd1d2eda9de97b4", "submission": {"submitter_region": "he", "date": "2021-11-03 08:02:16", "submitter_country": "DE", "filename": "/var/www/clean-mx/virusesevidence/output.109230463.txt"}, "response_code": 1, "community_reputation": 0, "verbose_msg": "Scan finished, information embedded", "ITW_urls": ["http://nhapdulieuso.weebly.com/uploads/4/0/4/1/4041275/pocketleaguestoryv103.apk"], "last_seen": "2021-11-03 08:02:16"}