{"vhash": "9d4fdb2bcbbd9c1916e50f5331de6fce", "submission_names": ["34f4de7847edefb2aa6b581239e8a6d0.virus"], "scan_date": "2021-11-03 08:21:56", "first_seen": "2021-11-03 08:21:56", "total": 63, "additional_info": {"exiftool": {"MIMEType": "application/zip", "ZipRequiredVersion": "788", "ZipCRC": "0xc6b2db56", "FileType": "ZIP", "ZipCompression": "Deflated", "ZipUncompressedSize": "7620", "ZipCompressedSize": "2005", "FileTypeExtension": "zip", "ZipFileName": "AndroidManifest.xml", "ZipBitFlag": "0", "ZipModifyDate": "2021:06:20 22:17:54"}, "trid": "Android Package (67.5%)\nJava Archive (23.6%)\nZIP compressed archive (7.0%)\nPrintFox/Pagefox bitmap (640x800) (1.7%)", "androguard": {"Activities": ["com.e4a.runtime.android.StartActivity", "com.e4a.runtime.android.mainActivity"], "AndroidVersionCode": "1", "certificate": {"validto": "2102-12-17 13:42:16", "serialnumber": "461dc7ea", "Issuer": {"DN": "C:CN, CN:Siyu, L:NanChang, O:E4A, ST:JiangXi, OU:E4A", "C": "CN", "CN": "Siyu", "L": "NanChang", "O": "E4A", "ST": "JiangXi", "OU": "E4A"}, "thumbprint": "ca26fc40e9c6471c1c2887cf93a75bca89fb193c", "validfrom": "2020-10-27 13:42:16", "Subject": {"DN": "C:CN, CN:Siyu, L:NanChang, O:E4A, ST:JiangXi, OU:E4A", "C": "CN", "CN": "Siyu", "L": "NanChang", "O": "E4A", "ST": "JiangXi", "OU": "E4A"}}, "VTAndroidInfo": 2, "AndroidApplication": 1, "Package": "com.zlj.kur", "intent-filters": {"Activities": {"com.e4a.runtime.android.StartActivity": {"action": ["android.intent.action.MAIN"], "category": ["android.intent.category.DEFAULT", "android.intent.category.LAUNCHER"]}, "com.e4a.runtime.android.mainActivity": {"action": ["android.intent.action.MAIN"], "category": ["android.intent.category.DEFAULT"]}}}, "Main Activity": "com.e4a.runtime.android.StartActivity", "Libraries": ["org.apache.http.legacy"], "AndroidApplicationError": false, "Providers": ["android.support.v4.content.FileProvider"], "AndroidVersionName": "1.0", "RiskIndicator": {"APK": {"DEX": 1, "SHARED LIBRARIES": 4}, "PERM": {"DEVELOPMENT": 1, "INSTANT": 3, "PRE23": 1, "APPOP": 2, "NORMAL": 6, "SYSTEM": 2, "DANGEROUS": 2, "PREINSTALLED": 1, "SIGNATURE": 4, "INTERNET": 1, "PRIVACY": 3, "GPS": 2}}, "MinSdkVersion": "17", "AndroidApplicationInfo": "APK", "TargetSdkVersion": "29", "AndroguardVersion": "3.4.0a1", "Permissions": {"android.permission.ACCESS_FINE_LOCATION": ["dangerous|instant", "access precise location only in the foreground", "This app can get your exact location only when it is in the foreground. These location services must be turned on and available on your phone for the app to be able to use them. This may increase battery consumption."], "android.permission.REQUEST_INSTALL_PACKAGES": ["signature|appop", "request install packages", "Allows an application to request installation of packages."], "android.permission.READ_EXTERNAL_STORAGE": ["dangerous", "read the contents of your shared storage", "Allows the app to read the contents of your shared storage."], "android.permission.SYSTEM_OVERLAY_WINDOW": ["normal", "Unknown permission from android reference", "Unknown permission from android reference"], "android.permission.INTERNET": ["normal|instant", "have full network access", "Allows the app to create\n     network sockets and use custom network protocols. The browser and other\n     applications provide means to send data to the internet, so this\n     permission is not required to send data to the internet."], "android.permission.SYSTEM_ALERT_WINDOW": ["signature|preinstalled|appop|pre23|development", "This app can appear on top of other apps", "This app can appear on top of other apps or other parts of the screen. This may interfere with normal app usage and change the way that other apps appear."], "com.android.launcher.permission.READ_SETTINGS": ["normal", "Unknown permission from android reference", "Unknown permission from android reference"], "com.android.launcher.permission.INSTALL_SHORTCUT": ["normal", "install shortcuts", "Allows an application to add\n        Homescreen shortcuts without user intervention."], "android.permission.ACCESS_WIFI_STATE": ["normal", "view Wi-Fi connections", "Allows the app to view information\n      about Wi-Fi networking, such as whether Wi-Fi is enabled and name of\n      connected Wi-Fi devices."], "android.permission.ACCESS_COARSE_LOCATION": ["dangerous|instant", "access approximate location (network-based) only in the foreground", "This app can get your location based on network sources such as cell towers and Wi-Fi networks, but only when the app is in the foreground. These location services must be turned on and available on your phone for the app to be able to use them."], "android.permission.WAKE_LOCK": ["normal|instant", "prevent phone from sleeping", "Allows the app to prevent the phone from going to sleep."], "android.permission.GET_TASKS": ["normal", "retrieve running apps", "Allows the app to retrieve information\n       about currently and recently running tasks.  This may allow the app to\n       discover information about which applications are used on the device."], "android.permission.ACCESS_NETWORK_STATE": ["normal|instant", "view network connections", "Allows the app to view\n      information about network connections such as which networks exist and are\n      connected."], "android.permission.READ_PHONE_STATE": ["dangerous", "read phone status and identity", "Allows the app to access the phone\n      features of the device.  This permission allows the app to determine the\n      phone number and device IDs, whether a call is active, and the remote number\n      connected by a call."], "android.permission.FOREGROUND_SERVICE": ["normal|instant", "run foreground service", "Allows the app to make use of foreground services."], "android.permission.MOUNT_UNMOUNT_FILESYSTEMS": ["system|signature", "access SD Card filesystem", "Allows the app to mount and\n        unmount filesystems for removable storage."], "android.permission.CHANGE_CONFIGURATION": ["system|signature", "change system display settings", "Allows the app to\n        change the current configuration, such as the locale or overall font\n        size."], "android.permission.WRITE_EXTERNAL_STORAGE": ["dangerous", "modify or delete the contents of your shared storage", "Allows the app to write the contents of your shared storage."]}}, "magic": "Zip archive data, at least v2.0 to extract", "compressedview": {"highest_datetime": "2021-06-22 17:58:36", "lowest_datetime": "2019-10-05 13:42:04", "num_children": 90, "extensions": {"dex": 1, "xml": 19, "MF": 1, "RES": 1, "RSA": 1, "jpg": 1, "so": 4, "SF": 1, "png": 59}, "file_types": {"DEX": 1, "XML": 19, "unknown": 6, "ELF": 4, "JPG": 1, "PNG": 59}, "type": "APK", "children": [{"datetime": "2021-06-20 22:17:54", "sha256": "a271c06c82a7105fa8a895b24bc48b4c85827739ae7add8c0d3718564c0c8bc2", "type": "XML", "filename": "AndroidManifest.xml", "size": 7620}, {"datetime": "2021-06-20 22:18:02", "sha256": "e9f995391a1fdfa024803dbbf4bb12bb1cfbffc997b56050ea4dca29d8ed660b", "type": "unknown", "filename": "assets/.appkey", "size": 16}, {"datetime": "2021-05-12 01:51:42", "sha256": "d4576b3bad88cbfae6eb21afa7f04ea351cb350cba17193993d85b652afaacbe", "type": "PNG", "filename": "assets/images/bottom1.png", "size": 4765}, {"datetime": "2021-05-12 01:51:50", "sha256": "a9b1c7e3b793eb95ee381fbad579e7b83090102d0cc8836d8e5869c7f04ec2c7", "type": "PNG", "filename": "assets/images/bottom2.png", "size": 4933}, {"datetime": "2021-05-12 01:58:24", "sha256": "80e8979dc63b788c06b94c3684deb96e0820f98f30e2926a230213b252f14174", "type": "PNG", "filename": "assets/images/bottom3.png", "size": 3370}, {"datetime": "2021-05-12 01:58:44", "sha256": "0cd0d85ba4282464971b4d1080af6140a1c214c4e15146c112a1df4bae5e72d3", "type": "PNG", "filename": "assets/images/bottom4.png", "size": 3445}, {"datetime": "2021-05-12 01:59:04", "sha256": "aa9abe22ec369ccc87b3ab7cf1f8475411af8e1d06809105662910ea0e03b022", "type": "PNG", "filename": "assets/images/bottom5.png", "size": 4141}, {"datetime": "2021-05-12 01:59:16", "sha256": "9481505be66ee55c109833aeb849b914c02872f28127e1c852686476869664ee", "type": "PNG", "filename": "assets/images/bottom6.png", "size": 4310}, {"datetime": "2021-05-12 02:01:34", "sha256": "8ee35b84c911388959155a5db4b2e48ae98c91d978ac84fff69f6f7a7676d629", "type": "PNG", "filename": "assets/images/bottom7.png", "size": 4554}, {"datetime": "2021-05-12 02:01:44", "sha256": "95153835d32c7a281d050d029efaeb841259400589bb2f056d68e924fe78c10e", "type": "PNG", "filename": "assets/images/bottom8.png", "size": 4784}, {"datetime": "2021-05-10 22:13:48", "sha256": "4b67fe32e1519205e6a32aa99221718cc884d34b2c1f15f9791cb793b7713e4f", "type": "JPG", "filename": "assets/images/drop.jpg", "size": 52763}, {"datetime": "2020-04-01 15:08:30", "sha256": "da17c4c9f9c873ea19110d263334bdac7f94f75803b66b750804b636324157a1", "type": "PNG", "filename": "assets/images/img_app_check.png", "size": 4226}, {"datetime": "2020-04-01 16:04:18", "sha256": "e3a7c53587cefadad9704ba9b4f44d4a533fc7663940d3fbabbde0b049814c74", "type": "PNG", "filename": "assets/images/img_app_download.png", "size": 326}, {"datetime": "2021-05-12 17:29:42", "sha256": "0849b2c1d87775332a004fcff6cfc84dc0d57d5bc4ca8d385fa3731d6ea05f31", "type": "PNG", "filename": "assets/images/img_buy.png", "size": 3283}, {"datetime": "2021-05-12 17:32:16", "sha256": "f70f72964eb00cfcd172ce121db43f7ad5e5b82d13137cb47ad2e1629d476c2e", "type": "PNG", "filename": "assets/images/img_group.png", "size": 6581}, {"datetime": "2021-05-12 17:42:54", "sha256": "edd6ad3f0a71b3766b8330e8f575c93e444ef8f40149035353326ec26bd9499d", "type": "PNG", "filename": "assets/images/img_more.png", "size": 4458}, {"datetime": "2021-05-12 17:36:02", "sha256": "cb94aa9b6c6be966f89ad3af9016b5e8685517d3687dde7bc186a580bea080ed", "type": "PNG", "filename": "assets/images/img_qq.png", "size": 4679}, {"datetime": "2021-05-12 17:10:50", "sha256": "cfd7b4914f4ea4491e78f9d3cf9ad35b52e9ce26ec405b33e84b1fba3e5496eb", "type": "PNG", "filename": "assets/images/img_share.png", "size": 3863}, {"datetime": "2020-10-27 22:09:22", "sha256": "7b9095a545ef2e3e1edabd1527bf60dc2f148e02873e0114ba5e26552350c61c", "type": "PNG", "filename": "assets/images/share_notice.png", "size": 4926}, {"detection_ratio": [0, 73], "datetime": "2021-06-20 22:18:02", "filename": "assets/libjiagu.so", "sha256": "1b1d80c128d49882e217fd8ccd38269d3411c00b4a5f17e839b5559111c5acde", "type": "ELF", "size": 754516}, {"detection_ratio": [0, 74], "datetime": "2021-06-20 22:18:02", "filename": "assets/libjiagu_a64.so", "sha256": "e27040de7fd546c7aa75e9b4eaac0b4eed010ba692bf91ec6b7d601e3488443c", "type": "ELF", "size": 776448}, {"detection_ratio": [0, 74], "datetime": "2021-06-20 22:18:02", "filename": "assets/libjiagu_x64.so", "sha256": "3418e3c5c2db9f22993bbca8b69c107d9b7dd997fe0a57e3569a0ef430f7cc07", "type": "ELF", "size": 743224}, {"detection_ratio": [4, 73], "datetime": "2021-06-20 22:18:02", "filename": "assets/libjiagu_x86.so", "sha256": "a696013ad07282d7e84771233c91130d6b6904d7136a7d9f2c6db8c36203e977", "type": "ELF", "size": 628024}, {"datetime": "2019-10-05 13:42:04", "sha256": "4eb181340eb955144e480e0f409b4be0b5ebff0898d2784f816fd7e3ee73771a", "type": "PNG", "filename": "assets/loading/0.png", "size": 781}, {"datetime": "2019-10-05 13:42:08", "sha256": "a9cee404f371276a5bd11c891dcb3734850bc3c935584f581bc19724a1fb71f2", "type": "PNG", "filename": "assets/loading/1.png", "size": 787}, {"datetime": "2019-10-05 13:42:04", "sha256": "01a38fb0b098a350d7dcf30b542360df3acf71068a237fb868c107632c7a777e", "type": "PNG", "filename": "assets/loading/10.png", "size": 1191}, {"datetime": "2019-10-05 13:42:04", "sha256": "713ca1731d1f0c66ab3a5f45983af1d957a9eb8379e010d1830d396e805b5583", "type": "PNG", "filename": "assets/loading/11.png", "size": 1015}, {"datetime": "2019-10-05 13:42:04", "sha256": "9db94c0503351f99c3b71b080b4ea4412c136195c0bba91906c3a0e4718b783a", "type": "PNG", "filename": "assets/loading/12.png", "size": 794}, {"datetime": "2019-10-05 13:42:06", "sha256": "c934180de854d0ca078e9911ee72ffd9c5851e0e8f23298a392f96d2666af6a5", "type": "PNG", "filename": "assets/loading/13.png", "size": 1021}, {"datetime": "2019-10-05 13:42:06", "sha256": "145598e2a30a5975941bf35067d0d7265e6310f3f2cdd8c7c34f6071bb61fc0f", "type": "PNG", "filename": "assets/loading/14.png", "size": 1250}, {"datetime": "2019-10-05 13:42:06", "sha256": "29ad1b6ecfad40ba482a6140439ef862c13a9618138db89d4590bac9ca63762d", "type": "PNG", "filename": "assets/loading/15.png", "size": 1241}, {"datetime": "2019-10-05 13:42:06", "sha256": "fd8d09a0d8f72d075d2b1bbc8502d66100ca4791d83fc5d40af78e57932d02eb", "type": "PNG", "filename": "assets/loading/16.png", "size": 1201}, {"datetime": "2019-10-05 13:42:06", "sha256": "9048e83c1ac702143c0eca7074ce07afef0886ba128c3760f21d4ddc71f25312", "type": "PNG", "filename": "assets/loading/17.png", "size": 1237}, {"datetime": "2019-10-05 13:42:08", "sha256": "057f733cec7968d2c976bedf6b5c7a0909965cf73071bdd98aea990c31ebf660", "type": "PNG", "filename": "assets/loading/18.png", "size": 1152}, {"datetime": "2019-10-05 13:42:08", "sha256": "4463899528204e89dc22fcd0cb49b5a09c2d1fff2c2459ba68189de6867075b9", "type": "PNG", "filename": "assets/loading/19.png", "size": 1273}, {"datetime": "2019-10-05 13:42:10", "sha256": "6385bfc36d43fc50beac97ac46272fd53d0d6bdf4df6c3ece64cf7e980331733", "type": "PNG", "filename": "assets/loading/2.png", "size": 794}, {"datetime": "2019-10-05 13:42:08", "sha256": "57eb641c434ec23af27677eb81af88cb3f35ec364c6201c5ae465c59e5bf49e1", "type": "PNG", "filename": "assets/loading/20.png", "size": 1201}, {"datetime": "2019-10-05 13:42:10", "sha256": "20fcf8161f942f70ad68feda6d50d07dd90d147a51a833aa7e9f6be72bc5d730", "type": "PNG", "filename": "assets/loading/21.png", "size": 1236}, {"datetime": "2019-10-05 13:42:10", "sha256": "1587ff85889c37835e342ff80bd4b6b51fec4310d05e5c775a26d7fb467efc36", "type": "PNG", "filename": "assets/loading/22.png", "size": 1239}, {"datetime": "2019-10-05 13:42:10", "sha256": "6f0063591da7f28d8b6f4d7e7ed8c20350466f6b681ee8185850fd95c6416c37", "type": "PNG", "filename": "assets/loading/23.png", "size": 1041}, {"datetime": "2019-10-05 13:42:10", "sha256": "bee8c65961ea642bbd4e743b8d4efa5b21addd97f600ac51dbdbacb3c5bbb381", "type": "PNG", "filename": "assets/loading/3.png", "size": 1253}, {"datetime": "2019-10-05 13:42:10", "sha256": "9b38e2d08b26d2ef50e885c5c94c9c626495e181fafdc93ba8f45137346ba7e5", "type": "PNG", "filename": "assets/loading/4.png", "size": 1141}, {"datetime": "2019-10-05 13:42:12", "sha256": "8a4a2d05351d88d46eaf3163f9ac9579e2127a2ddd8011529b5478ffb9c5afcb", "type": "PNG", "filename": "assets/loading/5.png", "size": 1234}, {"datetime": "2019-10-05 13:42:12", "sha256": "c1dcedc0b6d2a4fe71e443906cf67d373e51eadb1921e5e52feeb901c5db191a", "type": "PNG", "filename": "assets/loading/6.png", "size": 1176}, {"datetime": "2019-10-05 13:42:12", "sha256": "e9c58ecab225006f22d55f79a11421c1db0f7268aa3420876a03962483aee02e", "type": "PNG", "filename": "assets/loading/7.png", "size": 1249}, {"datetime": "2019-10-05 13:42:12", "sha256": "6c8c9176006be6be4618dba20ca12eea19a6f7e044581c5e372acc4818a82cee", "type": "PNG", "filename": "assets/loading/8.png", "size": 1162}, {"datetime": "2019-10-05 13:42:04", "sha256": "b224240dc384333238acfac76cd85bf1ee02c973cebb9135d11da1aa56a9875a", "type": "PNG", "filename": "assets/loading/9.png", "size": 1274}, {"detection_ratio": [8, 73], "datetime": "2021-06-20 22:18:02", "filename": "classes.dex", "sha256": "7fda980685a4ed2f65464f7cc22dc91742df0877898badc677370cea54ba7a11", "type": "DEX", "size": 706004}, {"datetime": "2021-06-20 21:57:04", "sha256": "631e16fc4678be3237a31fcc191483f45b1c087a14298d7d03bf6168f6041e0b", "type": "PNG", "filename": "res/drawable-hdpi/icon.png", "size": 8063}, {"datetime": "2021-06-20 21:57:04", "sha256": "631e16fc4678be3237a31fcc191483f45b1c087a14298d7d03bf6168f6041e0b", "type": "PNG", "filename": "res/drawable-xhdpi/icon.png", "size": 8063}, {"datetime": "2021-06-20 21:57:04", "sha256": "631e16fc4678be3237a31fcc191483f45b1c087a14298d7d03bf6168f6041e0b", "type": "PNG", "filename": "res/drawable-xxhdpi/icon.png", "size": 8063}, {"datetime": "2021-06-20 21:57:04", "sha256": "2eb353008c46fa5070ace44f508c6946a3ca908d47d20e1b9a6f6a484903f2e5", "type": "PNG", "filename": "res/drawable/banner.png", "size": 2554}, {"datetime": "2021-06-20 21:57:04", "sha256": "e5ceb7af5ca32a802707081e3fe5bd049eb0d864718a9689ada4237e51a1af1d", "type": "PNG", "filename": "res/drawable/dialog_1.png", "size": 79716}, {"datetime": "2021-06-20 21:57:04", "sha256": "8a09c8c857084801103572207fba7b2f328285034871c063ef35760aba5fde8c", "type": "PNG", "filename": "res/drawable/dialog_2.png", "size": 9242}, {"datetime": "2021-06-20 21:57:04", "sha256": "1625f63c64680ef478c81c90b1b30e8248bb94b45c5304f1b688d65489d7a042", "type": "XML", "filename": "res/drawable/dialog_btn.xml", "size": 840}, {"datetime": "2021-06-20 21:57:04", "sha256": "ae7d8a3a89780295c6bc1e47341fd99310a1041b14173b5097a4cee53bc2b17d", "type": "PNG", "filename": "res/drawable/dialog_cloes.png", "size": 2449}, {"datetime": "2021-06-20 21:57:04", "sha256": "d341ca8c3c53d21cddf3e1e2f0e16f9adb44c85b4a1955113236cbbdfc6738a7", "type": "XML", "filename": "res/drawable/dialog_drop.xml", "size": 840}, {"datetime": "2021-06-20 21:57:04", "sha256": "3596369e218a6e91169fe10d80a4719685a6c5c819460aa3667b2fff7feec897", "type": "PNG", "filename": "res/drawable/dialog_left.png", "size": 26756}, {"datetime": "2021-06-20 21:57:04", "sha256": "c047ca0058fe6888f3f2e5331ee1caec90f8e91638c5b6e2ee862985a08e3805", "type": "PNG", "filename": "res/drawable/dialog_right.png", "size": 26635}, {"datetime": "2021-06-20 21:57:04", "sha256": "2fe1f5205e09c4f29a9481eead3e904e03802a261782f8b16d6b161b38ca830d", "type": "XML", "filename": "res/drawable/drop_button.xml", "size": 840}, {"detection_ratio": [0, 74], "datetime": "2021-06-20 21:57:04", "filename": "res/drawable/e4alistview_new_message.png", "sha256": "50ff9b2b42ae01f73b2f4e2c5cb3d33bd84bc8cfc7e824ecf8545787beb4d16c", "type": "PNG", "size": 366}, {"datetime": "2021-06-20 21:57:04", "sha256": "631e16fc4678be3237a31fcc191483f45b1c087a14298d7d03bf6168f6041e0b", "type": "PNG", "filename": "res/drawable/icon.png", "size": 8063}, {"datetime": "2021-06-20 21:57:04", "sha256": "80e538c4358f7720aafcb5670faf415483babf53e9b0fe8ccbca888628cb3390", "type": "XML", "filename": "res/drawable/img_apk_search.xml", "size": 840}, {"datetime": "2021-06-20 21:57:04", "sha256": "174556caf32d387b78526c23c633a13dbdb5d03278209ff0f3071cb53b0be4e9", "type": "XML", "filename": "res/drawable/img_btn_1.xml", "size": 840}, {"datetime": "2021-06-20 21:57:04", "sha256": "4c49eae901b33fb18009b23ff4a73cd260eaed749a14bffafdef1bf5b05013fd", "type": "XML", "filename": "res/drawable/img_drop.xml", "size": 668}, {"detection_ratio": [0, 60], "datetime": "2021-06-20 21:57:04", "filename": "res/drawable/img_drop_white.xml", "sha256": "d627a2526981e4850caeabb7ec25f1cf4729ccf9f520580dcb137ee73a6de781", "type": "XML", "size": 840}, {"datetime": "2021-06-20 21:57:04", "sha256": "bbd9189a6dc4164149fa46605155c12172fae3e5f132193dbe423ef05946a92a", "type": "XML", "filename": "res/drawable/img_user_black.xml", "size": 840}, {"datetime": "2021-06-20 21:57:04", "sha256": "ecac6ab1ff9d235533c37239e7eb6356cb3448cb7cc018e3abe39d49a406f3d2", "type": "PNG", "filename": "res/drawable/img_web_login.png", "size": 2155}, {"datetime": "2021-06-20 21:57:04", "sha256": "80e538c4358f7720aafcb5670faf415483babf53e9b0fe8ccbca888628cb3390", "type": "XML", "filename": "res/drawable/img_white.xml", "size": 840}, {"datetime": "2021-06-20 21:57:04", "sha256": "87c22dfbc2076883b0e36ddebf4e98059f8b954bf3f4248da492525c36192d67", "type": "XML", "filename": "res/drawable/img_yiyan.xml", "size": 668}, {"datetime": "2021-06-20 21:57:04", "sha256": "b7a508e551a54ece62a8d6230fa39c3f9367f2b79b4a6d58eeae87a153265b73", "type": "PNG", "filename": "res/drawable/img_zuixin.png", "size": 1572}, {"detection_ratio": [0, 60], "datetime": "2021-06-20 21:57:04", "filename": "res/drawable/mb_bj.xml", "sha256": "d627a2526981e4850caeabb7ec25f1cf4729ccf9f520580dcb137ee73a6de781", "type": "XML", "size": 840}, {"detection_ratio": [0, 75], "datetime": "2021-06-20 21:57:04", "filename": "res/drawable/share_author.png", "sha256": "d2fff60e3f1577d0845906407103e0f8bb329a2fe1d07907c6fcb70a574b4e1b", "type": "PNG", "size": 26616}, {"datetime": "2021-06-20 21:57:04", "sha256": "44f38943a4ce1ba91a1157d27cd76099b1e978b8f5a77a850540fb6cf54449cf", "type": "PNG", "filename": "res/drawable/share_dot.png", "size": 447}, {"detection_ratio": [0, 74], "datetime": "2021-06-20 21:57:04", "filename": "res/drawable/share_enter.png", "sha256": "73208e1e886556702d3d561c7f3acb1a1b7f4c16e0eaafd60b2b6ae84320bb19", "type": "PNG", "size": 24330}, {"detection_ratio": [0, 74], "datetime": "2021-06-20 21:57:04", "filename": "res/drawable/share_group.png", "sha256": "b965fde1cf0468fc0206f2480ab58767c2e919a7ecef29cbc9103966936c932c", "type": "PNG", "size": 28292}, {"datetime": "2021-06-20 21:57:04", "sha256": "b17a6fb3ff7a48145c0ebb2b43b74ae23b29c999010bde39f93bbcbcabbb5208", "type": "PNG", "filename": "res/drawable/share_notice.png", "size": 3360}, {"datetime": "2021-06-20 21:57:04", "sha256": "1415982a772ffa78ebf85410de8e3e6dfeda3c4d1455d0030cd3bc0e66c5f5c5", "type": "PNG", "filename": "res/drawable/share_splash.png", "size": 5192}, {"datetime": "2021-06-20 21:57:04", "sha256": "7d54edb926cf3c19be63bb6df032317af6e9cf809d0464ece2dca8415a305c11", "type": "XML", "filename": "res/layout-land/ssofia_host_layout.xml", "size": 1288}, {"datetime": "2021-06-20 21:57:04", "sha256": "c4286f9f5faee3e97dd85408882a693c44e6ed237f866973b2c5c7992aade36e", "type": "XML", "filename": "res/layout/qingjuduihua.xml", "size": 1128}, {"datetime": "2021-06-20 21:57:04", "sha256": "af081bff03c9f484c352dbf47ad06c35c8486e54ad121e64b52e037117967d40", "type": "XML", "filename": "res/layout/qingjuduihua_list.xml", "size": 1256}, {"datetime": "2021-06-20 21:57:04", "sha256": "cc45d0b78f2b71950d9a0339118af3b318362f1bddcc002a5d2b2ee0154692f3", "type": "XML", "filename": "res/layout/qq_bottom_controls.xml", "size": 412}, {"datetime": "2021-06-20 21:57:04", "sha256": "501ae61adaa957248b64eebb4ad46d418cfbda58bf14fc7f2caf46156300f991", "type": "XML", "filename": "res/layout/qq_bottom_item.xml", "size": 1032}, {"datetime": "2021-06-20 21:57:04", "sha256": "4cdd9fb344b934fbfb15c22065a3a43aba941442b3e6d4a610e12c8c9741c8ba", "type": "XML", "filename": "res/layout/ssofia_host_layout.xml", "size": 1148}, {"datetime": "2021-06-20 21:57:04", "sha256": "5a7724f1305c9084a77f4cff68262a8caa25646900f0116df22135c7ce6e5f2d", "type": "XML", "filename": "res/xml/file_paths_android.xml", "size": 724}, {"datetime": "2021-06-20 21:57:04", "sha256": "97473ba8be4e141acd46635b8737e6d0b6d048609f453c7ef79b8cbfbf333e1b", "type": "unknown", "filename": "resources.arsc", "size": 5684}, {"datetime": "2021-06-20 22:18:02", "sha256": "6a896180837e59b9a58da531277500ec5ead60dda0927fcf6f775031a583e8cf", "type": "unknown", "filename": "META-INF/KUR.SF", "size": 6795}, {"datetime": "2021-06-20 22:18:02", "sha256": "a82f58108c7c6530ad1435e03f554a7ca0bd05d0764600a3c586dacc34b303f8", "type": "unknown", "filename": "META-INF/KUR.RSA", "size": 1319}, {"datetime": "2021-06-20 22:18:02", "sha256": "93dd4f0c8fb5b2a3bb8f1161b6d9526e139b4fcab9de525f74ab32b10e81b71c", "type": "unknown", "filename": "META-INF/MANIFEST.MF", "size": 6715}, {"datetime": "2021-06-22 17:58:36", "sha256": "7cb65ca1319e180446491176f4f5f54bd56e03564b9cb0454e7df1015092dbfa", "type": "unknown", "filename": "META-INF/RAS.RES", "size": 168}], "uncompressed_size": 4070701}}, "size": 3758923, "authentihash": null, "times_submitted": 1, "harmless_votes": 0, "malicious_votes": 0, "sha256": "6c0334818fb12ff2a33d67234a174cdcb71449594a52783e2dfea47f7fdb078c", "type": "Android", "scans": {"Bkav": {"detected": false, "version": "1.3.0.9899", "result": null, "update": "20211102"}, "Lionic": {"detected": false, "version": "4.2", "result": null, "update": "20211103"}, "Elastic": {"detected": false, "version": "4.0.29", "result": null, "update": "20211005"}, "Cynet": {"detected": true, "version": "4.0.0.27", "result": "Malicious (score: 99)", "update": "20211103"}, "CMC": {"detected": false, "version": "2.10.2019.1", "result": null, "update": "20211026"}, "CAT-QuickHeal": {"detected": true, "version": "14.00", "result": "Elf.Trojan.A1679081", "update": "20211103"}, "McAfee": {"detected": true, "version": "6.0.6.653", "result": "Artemis!34F4DE7847ED", "update": "20211103"}, "ALYac": {"detected": false, "version": "1.1.3.1", "result": null, "update": "20211103"}, "Malwarebytes": {"detected": false, "version": "4.2.2.27", "result": null, "update": "20211103"}, "VIPRE": {"detected": false, "version": "96678", "result": null, "update": "20211103"}, "Sangfor": {"detected": false, "version": "2.9.0.0", "result": null, "update": "20210930"}, "K7AntiVirus": {"detected": false, "version": "11.225.39131", "result": null, "update": "20211103"}, "Alibaba": {"detected": false, "version": "0.3.0.5", "result": null, "update": "20190527"}, "K7GW": {"detected": true, "version": "11.225.39131", "result": "Trojan ( 005516e01 )", "update": "20211103"}, "Trustlook": {"detected": false, "version": "1.0", "result": null, "update": "20211103"}, "Arcabit": {"detected": false, "version": "1.0.0.886", "result": null, "update": "20211103"}, "Baidu": {"detected": false, "version": "1.0.0.2", "result": null, "update": "20190318"}, "Cyren": {"detected": true, "version": "6.3.0.2", "result": "AndroidOS/Trojan.YTKP-0", "update": "20211103"}, "SymantecMobileInsight": {"detected": true, "version": "2.0", "result": "AppRisk:Generisk", "update": "20210126"}, "Symantec": {"detected": false, "version": "1.16.0.0", "result": null, "update": "20211103"}, "ESET-NOD32": {"detected": true, "version": "24229", "result": "a variant of Android/Packed.Jiagu.D potentially unsafe", "update": "20211103"}, "TrendMicro-HouseCall": {"detected": false, "version": "10.0.0.1040", "result": null, "update": "20211101"}, "Avast": {"detected": false, "version": "21.1.5827.0", "result": null, "update": "20211103"}, "ClamAV": {"detected": false, "version": "0.104.0.0", "result": null, "update": "20211102"}, "Kaspersky": {"detected": true, "version": "21.0.1.45", "result": "not-a-virus:HEUR:RiskTool.AndroidOS.Wapron.dkj", "update": "20211103"}, "BitDefender": {"detected": false, "version": "7.2", "result": null, "update": "20211103"}, "NANO-Antivirus": {"detected": true, "version": "1.0.146.25370", "result": "Riskware.Android.Wapron.ixqzef", "update": "20211103"}, "SUPERAntiSpyware": {"detected": false, "version": "5.6.0.1032", "result": null, "update": "20211030"}, "MicroWorld-eScan": {"detected": false, "version": "14.0.409.0", "result": null, "update": "20211103"}, "Rising": {"detected": false, "version": "25.0.0.26", "result": null, "update": "20211103"}, "Ad-Aware": {"detected": false, "version": "3.0.21.193", "result": null, "update": "20211103"}, "Emsisoft": {"detected": false, "version": "2021.5.0.7597", "result": null, "update": "20211103"}, "Comodo": {"detected": false, "version": "34044", "result": null, "update": "20211102"}, "F-Secure": {"detected": false, "version": "12.0.86.52", "result": null, "update": "20211103"}, "DrWeb": {"detected": false, "version": "7.0.52.8270", "result": null, "update": "20211103"}, "Zillya": {"detected": false, "version": "2.0.0.4487", "result": null, "update": "20211102"}, "TrendMicro": {"detected": false, "version": "11.0.0.1006", "result": null, "update": "20211103"}, "McAfee-GW-Edition": {"detected": true, "version": "v2019.1.2+3728", "result": "Artemis", "update": "20211102"}, "FireEye": {"detected": false, "version": "32.44.1.0", "result": null, "update": "20211103"}, "Sophos": {"detected": false, "version": "1.4.1.0", "result": null, "update": "20211103"}, "Ikarus": {"detected": true, "version": "0.1.5.2", "result": "PUA.AndroidOS.Jiagu", "update": "20211102"}, "Avast-Mobile": {"detected": true, "version": "211102-00", "result": "Android:Evo-gen [Trj]", "update": "20211102"}, "Jiangmin": {"detected": false, "version": "16.0.100", "result": null, "update": "20211102"}, "Avira": {"detected": true, "version": "8.3.3.12", "result": "ANDROID/Wapron.HEUR.Gen", "update": "20211103"}, "Antiy-AVL": {"detected": false, "version": "3.0.0.1", "result": null, "update": "20211103"}, "Kingsoft": {"detected": false, "version": "2017.9.26.565", "result": null, "update": "20211103"}, "Gridinsoft": {"detected": false, "version": "1.0.60.158", "result": null, "update": "20211103"}, "Microsoft": {"detected": true, "version": "1.1.18700.4", "result": "Program:AndroidOS/Multiverze", "update": "20211103"}, "ViRobot": {"detected": false, "version": "2014.3.20.0", "result": null, "update": "20211103"}, "ZoneAlarm": {"detected": true, "version": "1.0", "result": "not-a-virus:HEUR:RiskTool.AndroidOS.Wapron.dkj", "update": "20211102"}, "GData": {"detected": false, "version": "A:25.31229B:27.25015", "result": null, "update": "20211103"}, "BitDefenderFalx": {"detected": true, "version": "2.0.936", "result": "Android.Adware.Epatroa.CB", "update": "20210610"}, "AhnLab-V3": {"detected": true, "version": "3.21.1.10219", "result": "PUP/Android.FLPrev.998878", "update": "20211103"}, "BitDefenderTheta": {"detected": false, "version": "7.2.37796.0", "result": null, "update": "20211021"}, "TACHYON": {"detected": false, "version": "2021-11-03.02", "result": null, "update": "20211103"}, "VBA32": {"detected": false, "version": "5.0.0", "result": null, "update": "20211102"}, "Zoner": {"detected": false, "version": "0.0.0.0", "result": null, "update": "20211102"}, "Tencent": {"detected": true, "version": "1.0.0.1", "result": "a.gray.sexpay.m", "update": "20211103"}, "Yandex": {"detected": true, "version": "5.5.2.24", "result": "Trojan.Etecer.bV4DkR.37", "update": "20211103"}, "MAX": {"detected": false, "version": "2019.9.16.1", "result": null, "update": "20211103"}, "MaxSecure": {"detected": false, "version": "1.0.0.1", "result": null, "update": "20211102"}, "Fortinet": {"detected": true, "version": "6.2.142.0", "result": "Riskware/PackagingUntrustworthyJiagu!Android", "update": "20211103"}, "Panda": {"detected": false, "version": "4.6.4.2", "result": null, "update": "20211102"}}, "tags": ["apk", "android", "runtime-modules", "reflection", "contains-elf"], "scan_id": "6c0334818fb12ff2a33d67234a174cdcb71449594a52783e2dfea47f7fdb078c-1635927716", "unique_sources": 1, "positives": 20, "ssdeep": "98304:rpUlIfKX0hjmdQKzAQKyk3swh/5xGnx++:rpUafKvQKEQKNl5xGnc+", "md5": "34f4de7847edefb2aa6b581239e8a6d0", "permalink": "https://www.virustotal.com/gui/file/6c0334818fb12ff2a33d67234a174cdcb71449594a52783e2dfea47f7fdb078c/detection/f-6c0334818fb12ff2a33d67234a174cdcb71449594a52783e2dfea47f7fdb078c-1635927716", "sha1": "0ec1a13d1913ad926cfb27e6b74b25f250e63c53", "submission": {"submitter_region": "on", "date": "2021-11-03 08:21:56", "submitter_country": "CA", "filename": "34f4de7847edefb2aa6b581239e8a6d0.virus"}, "response_code": 1, "community_reputation": 0, "verbose_msg": "Scan finished, information embedded", "ITW_urls": [], "last_seen": "2021-11-03 08:21:56"}