{"vhash": "d677beee79341e3bebd8736390166844", "submission_names": ["/var/www/clean-mx/virusesevidence/output.109131451.txt", "com.mykj.game.ddz_2.0.3_53.apk", "com.mykj.game.ddz_2.0.3_53.apk\";  filename*=utf-8''com.mykj.game.ddz_2.0.3_53.apk"], "scan_date": "2021-11-03 09:21:06", "first_seen": "2015-05-26 01:53:26", "total": 63, "additional_info": {"magic": "Zip archive data, at least v2.0 to extract", "sigcheck": {}, "exiftool": {"MIMEType": "application/zip", "ZipRequiredVersion": "20", "ZipCRC": "0x114b20d9", "FileType": "ZIP", "ZipCompression": "Deflated", "ZipUncompressedSize": "141462", "ZipCompressedSize": "49894", "FileTypeExtension": "zip", "ZipFileName": "META-INF/MANIFEST.MF", "ZipBitFlag": "0x0808", "ZipModifyDate": "2015:05:12 09:53:24"}, "trid": "Android Package (59.2%)\nJava Archive (20.7%)\nKonfabulator widget (12.3%)\nZIP compressed archive (6.1%)\nPrintFox/Pagefox bitmap (640x800) (1.5%)", "positives_delta": 1, "compressedview": {"highest_datetime": "2015-05-12 09:53:24", "lowest_datetime": "2015-03-24 19:47:16", "num_children": 1602, "extensions": {"xml": 226, "MF": 1, "jar": 1, "RSA": 1, "jpg": 6, "dat": 7, "apk": 1, "so": 1, "mp3": 158, "ogg": 4, "txt": 1, "SF": 1, "png": 580}, "file_types": {"XML": 232, "ZIP": 1, "unknown": 144, "ELF": 1, "JPG": 6, "MP3": 32, "OGG": 4, "PNG": 580}, "type": "APK", "children": [{"datetime": "2015-05-12 09:53:24", "sha256": "edad0caeedcf33b78459b606ed5915a4053f61dcb7e384fafc99f7c47f57967b", "type": "unknown", "filename": "META-INF/MANIFEST.MF", "size": 141462}, {"datetime": "2015-05-12 09:53:24", "sha256": "259974f22ab2058acb50408eab84736c60f257d15f999bbd7ad59dc231721ab6", "type": "unknown", "filename": "META-INF/MYKJ_KEY.SF", "size": 141583}, {"datetime": "2015-05-12 09:53:24", "sha256": "0e45135e0e563e28559bc4b566a6b91842200b302d4e56775247fa539f525bd8", "type": "unknown", "filename": "META-INF/MYKJ_KEY.RSA", "size": 912}, {"datetime": "2015-05-12 09:53:16", "sha256": "4af3e330850b4e01b0ef4bcda4dfbd6e31cab3ffb2c11126a0f60a11e90717a5", "type": "unknown", "filename": "assets/channel.properties", "size": 75}, {"datetime": "2015-05-11 17:09:36", "sha256": "e9c1eea29bea5e1acc934c9a6ad087d55ea50cb73b271f0ae9d7fe4ca5f1ff94", "type": "XML", "filename": "assets/cm/ddz_card.plist", "size": 26594}, {"datetime": "2015-04-30 14:45:08", "sha256": "7f5355973d40d0cfe4df6465a7b99a7ac8a8971772693e85cbad82e79e503889", "type": "PNG", "filename": "assets/cm/ddz_card.png", "size": 158297}, {"datetime": "2015-04-30 14:45:06", "sha256": "f947b5e491127170e9ac4c9cecb00a6b1acb43b0569d083b8039d1bab0fa9f18", "type": "PNG", "filename": "assets/common/double/0.png", "size": 539}, {"datetime": "2015-04-30 14:45:06", "sha256": "a1b3f3cab8df16a3e290682ec7dce6f6b51e7033050e491dee302e29a57b2f5c", "type": "PNG", "filename": "assets/common/double/1.png", "size": 423}, {"datetime": "2015-04-30 14:45:06", "sha256": "99e516e03eaf34294fda79d4af7dbcde3f7e778e55ef34753630ef91fb1d29f4", "type": "PNG", "filename": "assets/common/double/2.png", "size": 560}, {"datetime": "2015-04-30 14:45:06", "sha256": "4970ff89bda85f8e90a7afef41eaf9f3918ea84a7d74ddc3a3b3e912620ed844", "type": "PNG", "filename": "assets/common/double/3.png", "size": 587}, {"datetime": "2015-04-30 14:45:06", "sha256": "9097b7a93a43c79f8aa1849c335884cb5a2afdbb74f1d65c933692731447e02f", "type": "PNG", "filename": "assets/common/double/4.png", "size": 540}, {"datetime": "2015-04-30 14:45:06", "sha256": "0d5cbe74b15baba99c43f7f7dfa7047b6d70c1b4523a040326017259d1b63a23", "type": "PNG", "filename": "assets/common/double/5.png", "size": 572}, {"datetime": "2015-04-30 14:45:06", "sha256": "f0ccb34e5ec4d8aa2089543c4964c954e866635858038d2201687ae0fb074fc8", "type": "PNG", "filename": "assets/common/double/6.png", "size": 563}, {"datetime": "2015-04-30 14:45:06", "sha256": "3d3d0285000f12bb87afdc1abaa9eb048defb1a7a997cb77a91d2a8f1f20c2dc", "type": "PNG", "filename": "assets/common/double/7.png", "size": 503}, {"datetime": "2015-04-30 14:45:06", "sha256": "9373fcaee213adedbfc6b5296472d18711f53a932b75f3d60965a18224709bcd", "type": "PNG", "filename": "assets/common/double/8.png", "size": 603}, {"datetime": "2015-04-30 14:45:06", "sha256": "54b0fbf55867bddab19603b1af7ddce7b32e7f7307448df160c9365e431601e1", "type": "PNG", "filename": "assets/common/double/9.png", "size": 575}, {"datetime": "2015-04-30 14:45:06", "sha256": "5fae03c729af0d0b1fe885864ae40532bcd676bb3302c7154fb18d18d2efee5d", "type": "PNG", "filename": "assets/common/double/d.png", "size": 856}, {"datetime": "2015-04-30 14:45:06", "sha256": "c81d8f139ec3bb4beefa91d839a93a4be275e4a6ac3dac45de7accc3f6653c1d", "type": "PNG", "filename": "assets/common/double/x.png", "size": 406}, {"detection_ratio": [0, 54], "datetime": "2015-04-30 14:45:06", "filename": "assets/common/expression/expression_anim/00_1.png", "sha256": "21a2086d75549b3b1c61dd94d82d2a6af584885678c01c93aad67fe685ee1739", "type": "PNG", "size": 7547}, {"detection_ratio": [0, 54], "datetime": "2015-04-30 14:45:06", "filename": "assets/common/expression/expression_anim/00_2.png", "sha256": "ac941e4cf8151989292bf9fc6c24c882ecf4e0d414370dceb762cad10aa6514a", "type": "PNG", "size": 9129}, {"detection_ratio": [0, 54], "datetime": "2015-04-30 14:45:06", "filename": "assets/common/expression/expression_anim/00_3.png", "sha256": "94a5be4be0e8316a110d03170c56906d35e86c1c353ad85859f83e17d3a094dd", "type": "PNG", "size": 10375}, {"detection_ratio": [0, 53], "datetime": "2015-04-30 14:45:06", "filename": "assets/common/expression/expression_anim/01_1.png", "sha256": "a4cd2797407e3ebe7d288e42041bacc6661a3037255a14c8f8a08b6240d986f8", "type": "PNG", "size": 9170}, {"detection_ratio": [0, 54], "datetime": "2015-04-30 14:45:06", "filename": "assets/common/expression/expression_anim/01_2.png", "sha256": "d1091a7fe8e1595b0327edfd022f26ca91deac7fcb2a3a36ebcdac4a22098fbf", "type": "PNG", "size": 9531}, {"detection_ratio": [0, 54], "datetime": "2015-04-30 14:45:06", "filename": "assets/common/expression/expression_anim/01_3.png", "sha256": "48598ac42bed78e8cd3ec1e43b0fa2882a6a054cda19dd0270bfc7f427991fef", "type": "PNG", "size": 9517}, {"detection_ratio": [0, 54], "datetime": "2015-04-30 14:45:06", "filename": "assets/common/expression/expression_anim/02_1.png", "sha256": "f354e7e0d471bd3cdf700bb7f4d68d979da429dadd4f9c1a67f12ae5aa0434d7", "type": "PNG", "size": 9134}, {"detection_ratio": [0, 54], "datetime": "2015-04-30 14:45:06", "filename": "assets/common/expression/expression_anim/02_2.png", "sha256": "b6ba2fe39af6a210c0b55601d0c50f9647844232ba0c3b52a8d76b6e85b6f47a", "type": "PNG", "size": 10288}, {"detection_ratio": [0, 54], "datetime": "2015-04-30 14:45:06", "filename": "assets/common/expression/expression_anim/02_3.png", "sha256": "b6ba2fe39af6a210c0b55601d0c50f9647844232ba0c3b52a8d76b6e85b6f47a", "type": "PNG", "size": 10288}, {"detection_ratio": [0, 54], "datetime": "2015-04-30 14:45:06", "filename": "assets/common/expression/expression_anim/03_1.png", "sha256": "2aee959a05d606bddd98507c3dd34214a9012e492d3ffc78cefe0f642236ce33", "type": "PNG", "size": 9923}, {"detection_ratio": [0, 54], "datetime": "2015-04-30 14:45:06", "filename": "assets/common/expression/expression_anim/03_2.png", "sha256": "cdb83e8b48c53b9187165035ff6a138d47a77158bc92f191cdf557bea01c324c", "type": "PNG", "size": 10256}, {"detection_ratio": [0, 54], "datetime": "2015-04-30 14:45:06", "filename": "assets/common/expression/expression_anim/03_3.png", "sha256": "10b4d65bb80b2433aa97a1fc30bb8a8dd5559a19b01b0e3416469087c5a72628", "type": "PNG", "size": 11594}, {"detection_ratio": [0, 53], "datetime": "2015-04-30 14:45:06", "filename": "assets/common/expression/expression_anim/04_1.png", "sha256": "8b79df3512840cfe9a5d7ce72abb7f16ca5c28ee0ab011cbbc70e347c4a6bfaf", "type": "PNG", "size": 8763}, {"detection_ratio": [0, 54], "datetime": "2015-04-30 14:45:06", "filename": "assets/common/expression/expression_anim/04_2.png", "sha256": "67f21813c35d10f29e349e1581fb547ccd6e1b16bbd655094054590f1d740596", "type": "PNG", "size": 8792}, {"detection_ratio": [0, 54], "datetime": "2015-04-30 14:45:06", "filename": "assets/common/expression/expression_anim/04_3.png", "sha256": "585b780a833d8af5becf613c2a0a83f55699654beab58504af43a7e02a121e75", "type": "PNG", "size": 8413}, {"detection_ratio": [0, 53], "datetime": "2015-04-30 14:45:06", "filename": "assets/common/expression/expression_anim/05_1.png", "sha256": "4b151237ca228b9e4b63ea701dcb7a25eeb21546c990796e682318544dc5a434", "type": "PNG", "size": 7887}, {"detection_ratio": [0, 54], "datetime": "2015-04-30 14:45:06", "filename": "assets/common/expression/expression_anim/05_2.png", "sha256": "34fbd48fa7599e4367ee0293056fa5fb381963ff3430029444dfd521f5a6932e", "type": "PNG", "size": 8486}, {"detection_ratio": [0, 54], "datetime": "2015-04-30 14:45:06", "filename": "assets/common/expression/expression_anim/05_3.png", "sha256": "8e7241512745c8bfbacb6c79481cbf3f43738ae06b89a549efc871acad8c5c87", "type": "PNG", "size": 8492}, {"detection_ratio": [0, 54], "datetime": "2015-04-30 14:45:06", "filename": "assets/common/expression/expression_anim/06_1.png", "sha256": "1cd7be8c6a6d35614bb9efff2644ee8074183ca6c74e4c87b73e3e24ef5e6fc7", "type": "PNG", "size": 10439}, {"detection_ratio": [0, 54], "datetime": "2015-04-30 14:45:06", "filename": "assets/common/expression/expression_anim/06_2.png", "sha256": "eb1945e98e32c354549701c66c3c10133f7734fb513e5d6b80575f7f7f1ff1f4", "type": "PNG", "size": 11960}, {"detection_ratio": [0, 54], "datetime": "2015-04-30 14:45:06", "filename": "assets/common/expression/expression_anim/06_3.png", "sha256": "fb509ac516f5f07b35a2917beba11efc1b1040df3dfc11fc73f87ac2b6945911", "type": "PNG", "size": 11627}, {"detection_ratio": [0, 54], "datetime": "2015-04-30 14:45:06", "filename": "assets/common/expression/expression_anim/07_1.png", "sha256": "7182966b91a14e38a631d2d7ebd208b13d3c80e2b034cd10982f09469eb7d837", "type": "PNG", "size": 8582}, {"detection_ratio": [0, 54], "datetime": "2015-04-30 14:45:06", "filename": "assets/common/expression/expression_anim/07_2.png", "sha256": "c3f8ab9f4144b6b821ae90f7fb4147438a9cc13fbaf5318d7b12dac8575b2a1c", "type": "PNG", "size": 8518}, {"detection_ratio": [0, 54], "datetime": "2015-04-30 14:45:06", "filename": "assets/common/expression/expression_anim/07_3.png", "sha256": "7df0cec8a93802d034578bcae5aa885bf0715b297f5dc054e0850c1aaf9e931f", "type": "PNG", "size": 8395}, {"datetime": "2015-04-30 14:45:06", "sha256": "441fde89e153981877026b74e10e4ce2bf6c829ff0a40de6e85ad1225e8569e4", "type": "PNG", "filename": "assets/common/expression/comm_chat__expression00.png", "size": 2507}, {"datetime": "2015-04-30 14:45:06", "sha256": "c64cd494e94d189c230314a241f354e3561c125af0afa1ed1a6208d116925643", "type": "PNG", "filename": "assets/common/expression/comm_chat__expression01.png", "size": 2700}, {"datetime": "2015-04-30 14:45:06", "sha256": "a935a2ac06b5a8cfae81f6e7a562a1918543c19226ab6f4da1562ff9b99c5a11", "type": "PNG", "filename": "assets/common/expression/comm_chat__expression02.png", "size": 2744}, {"datetime": "2015-04-30 14:45:06", "sha256": "b9d51533449dcc475f94f9f63278651bc02bc05aea2c4b5b8353602d97b6f837", "type": "PNG", "filename": "assets/common/expression/comm_chat__expression03.png", "size": 2944}, {"datetime": "2015-04-30 14:45:06", "sha256": "ef2a96e10a420ebbec16c10eca3fda935076840a5bea001f39b4ff0a0a288098", "type": "PNG", "filename": "assets/common/expression/comm_chat__expression04.png", "size": 2967}, {"datetime": "2015-04-30 14:45:06", "sha256": "950923e56820c164c97a3e5e6b7b552f2eb6fb74f3569786aeda47ea8a6b7fe5", "type": "PNG", "filename": "assets/common/expression/comm_chat__expression05.png", "size": 2616}, {"datetime": "2015-04-30 14:45:06", "sha256": "ea37a52d67be3326241ac231f4a7e9f6a213263762d0ce9c1b8bd875b4f59225", "type": "PNG", "filename": "assets/common/expression/comm_chat__expression06.png", "size": 2953}, {"datetime": "2015-04-30 14:45:06", "sha256": "89fbd6d4858d4fe8f72adcdf95f9bf2364b34b536789b810d969fbae148c807d", "type": "PNG", "filename": "assets/common/expression/comm_chat__expression07.png", "size": 2628}, {"datetime": "2015-04-30 14:45:06", "sha256": "1e27ce48a61a07b4b9336c9212fc9acfd90a5d4c858927067939aada9ed644a2", "type": "PNG", "filename": "assets/common/userrank/0.png", "size": 713}, {"datetime": "2015-04-30 14:45:06", "sha256": "1b58fbbaf938163c960cb4e807cc374d76d322137a6d596c0894ec57058a0486", "type": "PNG", "filename": "assets/common/userrank/1.png", "size": 565}, {"datetime": "2015-04-30 14:45:06", "sha256": "e7c5196ad13bcb4c09f714178a9db330c6644df4c56b8c13cc2ffdc1ca799ef3", "type": "PNG", "filename": "assets/common/userrank/2.png", "size": 707}, {"datetime": "2015-04-30 14:45:06", "sha256": "aa36926e46b8cb0dc86ad7126e884cc26b287e84d578b2ab9ba0262d2578ac89", "type": "PNG", "filename": "assets/common/userrank/3.png", "size": 733}, {"datetime": "2015-04-30 14:45:06", "sha256": "09303eac1df71dfe943678a96ecf57f54af37bdaaab381ea4c79666a77c732e9", "type": "PNG", "filename": "assets/common/userrank/4.png", "size": 684}, {"datetime": "2015-04-30 14:45:06", "sha256": "39af98497b728fc0623891d666b18aeb13f20c2eab67ddb5eb68b58372bf964b", "type": "PNG", "filename": "assets/common/userrank/5.png", "size": 714}, {"datetime": "2015-04-30 14:45:06", "sha256": "43919a2a286421c6814762108f81eff6cc605d4d1b132a2d3be07911f5950321", "type": "PNG", "filename": "assets/common/userrank/6.png", "size": 695}, {"datetime": "2015-04-30 14:45:06", "sha256": "aab6121cc29291b024a94e0d0fac7311c3dc9105f7307ca2800cec00e245d80d", "type": "PNG", "filename": "assets/common/userrank/7.png", "size": 549}, {"datetime": "2015-04-30 14:45:06", "sha256": "ca710626bd36c68bfb8d08583b34848bb46888756a17c011bd63aba0ecf5569d", "type": "PNG", "filename": "assets/common/userrank/8.png", "size": 782}, {"datetime": "2015-04-30 14:45:06", "sha256": "944eb0eddfee77b642ab7d8738b340e5bfd045d7ba47e5e8778f5695726ccf4b", "type": "PNG", "filename": "assets/common/userrank/9.png", "size": 707}, {"datetime": "2015-04-30 14:45:06", "sha256": "a62aee1c1b124c265c804b5541b2a3be177f328c3305d044f4e8350bcce86a35", "type": "PNG", "filename": "assets/common/userrank/c.png", "size": 1858}, {"datetime": "2015-04-30 14:45:06", "sha256": "72f1037c4d0fb94d1e84706df1872bb6bd7efb3f5f15bfe5d956f4e1d1476381", "type": "PNG", "filename": "assets/common/userrank/g.png", "size": 1869}, {"datetime": "2015-04-30 14:45:06", "sha256": "89dcaded252cb7b487c7499b1778a7e2215ca2fcb56e82f05736b550215a84a4", "type": "PNG", "filename": "assets/common/userrank/s.png", "size": 1849}, {"datetime": "2015-04-30 14:45:06", "sha256": "eb20f25c021ae42642bc9f176bafa8abc9618d12b3ae1aee40402b7ff03b0371", "type": "JPG", "filename": "assets/common/background.jpg", "size": 135825}, {"datetime": "2015-04-30 14:45:06", "sha256": "608a4b8cdb034efb85166da0f426f40b2549fbe6d4b212ed4b1f7e65e0c1638c", "type": "PNG", "filename": "assets/common/comm_card_num_bg_dark.png", "size": 2781}, {"datetime": "2015-04-30 14:45:06", "sha256": "675125d0bddbc1483841e75eff0ebe71154dcacba0f7ece6c1985bda22816ba7", "type": "PNG", "filename": "assets/common/comm_card_num_bg_light.png", "size": 2847}, {"datetime": "2015-04-30 14:45:06", "sha256": "f49d6e399c27077c84264e2204a4fc52ef9458a85f311660d30092e32b670fe2", "type": "PNG", "filename": "assets/common/comm_chat_bg.png", "size": 164}, {"datetime": "2015-04-30 14:45:06", "sha256": "353cff9acdf9394559095de558eea3367a89ff21cf5ab419d49a240e844efbbd", "type": "PNG", "filename": "assets/common/comm_chat_btn_send.png", "size": 2798}, {"datetime": "2015-04-30 14:45:06", "sha256": "0963cc30fe10b779abdf75134c2afffff268bfc05faf0df1572974e16dadaa6c", "type": "PNG", "filename": "assets/common/comm_chat_expression_bg.png", "size": 99}, {"datetime": "2015-04-30 14:45:06", "sha256": "d237c6e5886a0184a149fe914883ea94c47ec321ee9b614ca789a9a4070ff462", "type": "PNG", "filename": "assets/common/comm_chat_input.png", "size": 251}, {"datetime": "2015-04-30 14:45:06", "sha256": "a84b66355561f8d015966a3765e0a81f5b716de84d83b80b983f8072c41bcff0", "type": "PNG", "filename": "assets/common/comm_chat_line.png", "size": 247}, {"datetime": "2015-04-30 14:45:06", "sha256": "5f83b04feb14788ce8af810ddbb1557d8c575c7f9ebc111edb5cadea94016909", "type": "PNG", "filename": "assets/common/comm_commendation_badge.png", "size": 2925}, {"datetime": "2015-04-30 14:45:06", "sha256": "317dd7b3df4a686dc452877e266449a3689a8863705d5dc785c455159d032ff4", "type": "PNG", "filename": "assets/common/comm_commendation_bg.png", "size": 35355}, {"datetime": "2015-04-30 14:45:06", "sha256": "9e423bf5645c633b010dc9d08c29674d0ac06cb15547d75b67b407792dac25b7", "type": "PNG", "filename": "assets/common/comm_dialog_check.png", "size": 589}, {"datetime": "2015-04-30 14:45:06", "sha256": "4d584cf9af939f92d076ecd7da920a4ded3f616534f77b8662a54ec0079c2588", "type": "PNG", "filename": "assets/common/comm_dialog_checked.png", "size": 1414}, {"datetime": "2015-04-30 14:45:06", "sha256": "b191a88b4f2195fbb3bf1dd4e42bdf23834d8f0198e8e6157969c48d14c736a6", "type": "PNG", "filename": "assets/common/comm_eliminate_bg.png", "size": 1184}, {"datetime": "2015-04-30 14:45:06", "sha256": "3c6e946143449ce7b782f41308a63a4db5d2a894e4415e1aa15a46f79e73c008", "type": "PNG", "filename": "assets/common/comm_eliminate_title.png", "size": 10016}, {"datetime": "2015-04-30 14:45:06", "sha256": "73d9a340cd06df66745d543fea358a92082fabff90f76e8fb92f008fc813f6d6", "type": "PNG", "filename": "assets/common/comm_net_tips_bg.png", "size": 357}, {"datetime": "2015-04-30 14:45:06", "sha256": "4872c7081385d45e862a1389474f57950902f1985fbc6e3e586295578fa5b1c6", "type": "JPG", "filename": "assets/common/comm_userrank_bg.jpg", "size": 141003}, {"datetime": "2015-04-30 14:45:06", "sha256": "85f3e6c457aa0939a6435d920ee466a3d02123ef83d8a8cfff8c9c03542eabb0", "type": "PNG", "filename": "assets/common/comm_userrank_boom.png", "size": 8306}, {"datetime": "2015-04-30 14:45:06", "sha256": "93ebc4a652fd67642f91fff7a1cfc436cb388957c2e7c8cfe6ece2f0ce064bd7", "type": "PNG", "filename": "assets/common/comm_userrank_info.png", "size": 3572}, {"datetime": "2015-04-30 14:45:06", "sha256": "b09039b9d56d7d907b076ce731ac831477d799ede6e23e9288e47dfd8b6796b7", "type": "PNG", "filename": "assets/common/comm_userrank_m1.png", "size": 5244}, {"datetime": "2015-04-30 14:45:06", "sha256": "581f2f2550fba9fc79bdb66536bdf6367cb1479fe558423f43630c2dd64d1015", "type": "PNG", "filename": "assets/common/comm_userrank_m2.png", "size": 4897}, {"datetime": "2015-04-30 14:45:06", "sha256": "e69a616ab7a6116ef377939fc049e2991bd01d6865b422e32f7ea538e7eab2d7", "type": "PNG", "filename": "assets/common/comm_userrank_m3.png", "size": 5333}, {"datetime": "2015-04-30 14:45:06", "sha256": "0bc82edc93ebb5ee60f1b5ff8e51076ac5185defe48040ebf61973882abac21c", "type": "PNG", "filename": "assets/common/comm_userrank_mybox.png", "size": 83}, {"datetime": "2015-04-30 14:45:06", "sha256": "5a76750c5450939c90725b4953383bf8f55988d8491c2739b56e152ec658950c", "type": "PNG", "filename": "assets/common/comm_userrank_shoot.png", "size": 2911}, {"datetime": "2015-04-30 14:45:06", "sha256": "d9b943d219b95f03a4b516499d889e09c77e00d1531e4d06ae6427599bb00d62", "type": "PNG", "filename": "assets/common/comm_userrank_title.png", "size": 4818}, {"datetime": "2015-04-30 14:45:06", "sha256": "294820dcf8b153d2b22a61d77d29160b2742b1f2c015ea87b5a14c0954ff5a20", "type": "PNG", "filename": "assets/common/comm_userrank_titlebox.png", "size": 83}, {"datetime": "2015-04-30 14:45:06", "sha256": "136f22c95187f7e071e7790ec60b6c1f1723eab0525301e111f9e7279205668c", "type": "PNG", "filename": "assets/common/common_close.png", "size": 360}, {"datetime": "2015-04-30 14:45:06", "sha256": "092681dfda469e0bbfeb126ea1712bc934b03debdc6a562e275c62843cb6e49d", "type": "PNG", "filename": "assets/common/common_dialog_back9.png", "size": 1317}, {"datetime": "2015-04-30 14:45:06", "sha256": "e37848fcc737d30476a806da6de46e58f9333f45ad6958120c097f32c83e6c66", "type": "PNG", "filename": "assets/common/common_dialog_bg.png", "size": 1618}, {"datetime": "2015-04-30 14:45:06", "sha256": "b3be51d5ef4232281c0169c42d465eafeb87ad31393e83760cae63ea97774c24", "type": "PNG", "filename": "assets/common/common_dialog_btn_green.png", "size": 3091}, {"datetime": "2015-04-30 14:45:06", "sha256": "c61c9e5bb47ee9d783998e88fbdf72ea7465e96046025517d2485ed3036ccf8a", "type": "PNG", "filename": "assets/common/common_dialog_btn_yellow.png", "size": 3035}, {"datetime": "2015-04-30 14:45:06", "sha256": "7aa7fc569a6494f917e8086c882e61c7df139f71c9dc29403338564d4ba01f1d", "type": "PNG", "filename": "assets/common/common_dialog_girl1.png", "size": 15254}, {"datetime": "2015-04-30 14:45:06", "sha256": "0e5c3b2aed9f4b9ea14991f4fb29b7f522b5c82ae55d8d9479aa37436d54c9b3", "type": "PNG", "filename": "assets/common/common_dialog_girl2.png", "size": 14773}, {"datetime": "2015-04-30 14:45:06", "sha256": "79ff8876990799f5cfbfb619c878c6dd56adbb8016a2e05411970ac6dc0dcd53", "type": "PNG", "filename": "assets/common/common_dialog_girl3.png", "size": 15405}, {"datetime": "2015-04-30 14:45:06", "sha256": "f811ed98aa94d0c4c3775cda889d8a200a7b6154ec4430a04b6287e04f78f570", "type": "PNG", "filename": "assets/common/common_info_num.png", "size": 3389}, {"datetime": "2015-04-30 14:45:06", "sha256": "da18508e1c25a3a746c4fa70059264442f4334217d3802cd7bbee5f0974b9f91", "type": "PNG", "filename": "assets/common/common_mission_bg.png", "size": 932}, {"datetime": "2015-04-30 14:45:06", "sha256": "a3877031a9e6a42078f78cbfd4956241ba2bebf30592d86d9239c0ca3b8f087f", "type": "PNG", "filename": "assets/common/common_mission_box.png", "size": 416}, {"datetime": "2015-04-30 14:45:06", "sha256": "cf6d64afd63f3893c4ca2fc700bdea9bc6045aaeeecc4e35d3508de8312db3b7", "type": "PNG", "filename": "assets/common/common_mission_btn1.png", "size": 1435}], "uncompressed_size": 8568202}, "androguard": {"Activities": ["com.mykj.game.ddz.DDZ", "com.mykj.andr.ui.tabactivity.UserCenterActivity", "com.mykj.andr.ui.tabactivity.ServerCenterTabActivity", "com.mykj.andr.ui.tabactivity.MarketActivity", "com.mykj.andr.ui.tabactivity.ExchangeTabActivity", "com.mykj.andr.ui.tabactivity.RankListActivity", "com.mykj.andr.ui.GetTicketActivity", "com.mykj.andr.ui.ActionActivity", "com.mykj.andr.lottoround.LottoRoundActivity", "com.mykj.andr.ui.EverydayTaskActivity", "com.mykj.game.ddz.wxapi.WXPayEntryActivity", "com.alipay.android.app.sdk.WapPayActivity", "cn.egame.terminal.paysdk.EgamePayActivity", "cn.play.dserv.EmpActivity", "mm.purchasesdk.iapservice.BillingLayoutActivity", "safiap.framework.ui.UpdateHintActivity"], "AndroidVersionCode": "53", "certificate": {"validto": "2066-02-27 11:51:23", "serialnumber": "4ddf903b", "Issuer": {"DN": "C:cn, CN:mykj, L:shenzhen, O:mykj, ST:guangdong, OU:mykj", "C": "cn", "CN": "mykj", "L": "shenzhen", "O": "mykj", "ST": "guangdong", "OU": "mykj"}, "thumbprint": "4bcf320590cfbfca4495cc0d790d0dfe89956e47", "validfrom": "2011-05-27 11:51:23", "Subject": {"DN": "C:cn, CN:mykj, L:shenzhen, O:mykj, ST:guangdong, OU:mykj", "C": "cn", "CN": "mykj", "L": "shenzhen", "O": "mykj", "ST": "guangdong", "OU": "mykj"}}, "VTAndroidInfo": 2, "AndroidApplication": 1, "Package": "com.mykj.game.ddz", "AndroidApplicationError": false, "intent-filters": {"Services": {"org.android.agoo.service.ElectionService": {"action": ["org.agoo.android.intent.action.ELECTION_V2"]}, "mm.purchasesdk.iapservice.PurchaseService": {"action": ["com.mykj.game.ddz.purchaseservice.BIND"], "category": ["android.intent.category.DEFAULT"]}, "safiap.framework.SafFrameworkManager": {"action": ["safiap.framework.sdk.ISAFFramework", "safiap.framework.ACTION_START_DOWNLOAD", "safiap.framework.ACTION_CHECK_UPDATE"]}, "com.unicom.wostore.unipay.paysecurity.SecurityServiceFramework": {"action": ["com.mykj.game.ddz.unicom.wostore.unipay.securityserviceframework"]}, "com.umeng.message.UmengService": {"action": ["com.mykj.game.ddz.intent.action.START", "com.mykj.game.ddz.intent.action.COCKROACH", "org.agoo.android.intent.action.PING"]}}, "Activities": {"safiap.framework.ui.UpdateHintActivity": {"action": ["safiap.framework.ACTION_TO_INSTALL", "safiap.framework.ACTION_TO_INSTALL_IAP", "safiap.framework.ACTION_NETWORK_ERROR_IAP", "safiap.framework.ACTION_NETWORK_ERROR_FRAMEWORK"]}, "mm.purchasesdk.iapservice.BillingLayoutActivity": {"action": ["com.mykj.game.ddz.com.mmiap.activity"], "category": ["android.intent.category.DEFAULT"]}, "com.mykj.game.ddz.DDZ": {"action": ["android.intent.action.MAIN", "android.intent.action.CHINAMOBILE_OMS_GAME"], "category": ["android.intent.category.LAUNCHER", "android.intent.category.CHINAMOBILE_GAMES"]}}, "Receivers": {"com.mykj.andr.ui.fragment.LoadingFragment$loadingRecevier": {"action": ["android.anim.loadingfragment.LOADING_PROGRESS"]}, "com.umeng.message.UmengBroadcastReceiver": {"action": ["org.agoo.android.intent.action.RECEIVE", "com.mykj.game.ddz.intent.action.COMMAND", "org.agoo.android.intent.action.RE_ELECTION_V2"]}, "com.umeng.message.RegistrationReceiver": {"action": ["android.net.conn.CONNECTIVITY_CHANGE", "android.intent.action.PACKAGE_REMOVED"]}, "com.yunva.live.sdk.interfaces.android.receiver.YunvaReceiver": {"action": ["android.intent.action.PHONE_STATE", "android.intent.action.NEW_OUTGOING_CALL", "android.net.conn.CONNECTIVITY_CHANGE"]}, "safiap.framework.CheckUpdateReceiver": {"action": ["safiap.framework.ACTION_CANCEL_NOTIFICATION", "safiap.GET_SHARED_DATA", "safiap.framework.ACTION_SET_TIMER"]}, "cn.play.dserv.DsReceiver": {"action": ["cn.play.dservice", "android.net.conn.CONNECTIVITY_CHANGE", "android.intent.action.PACKAGE_ADDED", "android.intent.action.PACKAGE_REMOVED", "android.intent.action.PACKAGE_REPLACED"]}}}, "Main Activity": "com.mykj.game.ddz.DDZ", "StringsInformation": ["http://%s/activeip/", "http://%s/rest/api3.do", "http://221.179.35.113/", "http://alog.umeng.co/app_logs", "http://alog.umeng.com/app_logs", "http://api3.139game.net", "http://api3.139game.net/android/shop", "http://api3.139game.net/android/shop/avatar/ddz/", "http://api3.139game.net/api.php", "http://api3.139game.net/api.php?", "http://api3.139game.net/index.php", "http://api3.139game.net/ll/index.php", "http://api3.139game.net/ll/index.php?", "http://api3.139game.net/pay/index.php", "http://api3.139game.net/request/alone/jumpapi.php", "http://api3.139game.net/spread/index.php", "http://da.mmarket.com/mmsdk/mmsdk?func=mmsdk:feedback", "http://da.mmarket.com/mmsdk/mmsdk?func=mmsdk:postactlog", "http://da.mmarket.com/mmsdk/mmsdk?func=mmsdk:posterrlog", "http://da.mmarket.com/mmsdk/mmsdk?func=mmsdk:posteventlog", "http://da.mmarket.com/mmsdk/mmsdk?func=mmsdk:postsyslog", "http://da.mmarket.com/mmsdk/mmsdk?func=mmsdk:specposteventlog", "http://f.aiwaya.cn/", "http://g.10086.cn/gamecms/go/qpds", "http://g.10086.cn/home/interface/AutoRegLogin.php?app=qbdx", "http://game.10086.cn/home/do.php?ac=lostpasswd", "http://image3.139game.com/ddz/android/act/", "http://image3.139game.net", "http://image3.139game.net/avatar", "http://image3.139game.net/avatar/", "http://image3.139game.net/ddz/android/node_icon/", "http://image3.139game.net/ddz/android/shop/", "http://image3.139game.net/signin/ddz/music/", "http://iplist3.139game.net/", "http://loc.map.baidu.com/sdk.php", "http://loc.map.baidu.com/sdk_ep.php", "http://log.umsns.com/", "http://log.umsns.com/share/api/", "http://notice3.139game.net", "http://oc.umeng.co/check_config_update", "http://oc.umeng.com/check_config_update", "http://open.play.cn/api/v2/egame/log.json", "http://open.play.cn/api/v2/egame/log/config.json?app_key=", "http://plugin.yunva.com/", "http://plugin.yunva.com/yunva?m=UPDATE", "http://push.qwjj.cn/request/api.php", "http://push3.139game.net/request/api.php", "http://qpgame3.139game.net", "http://qpgame3.139game.net/shop/meinv/configdownload.php", "http://qpwap3.139game.net", "http://qpwap3.139game.net/get_curllist.php", "http://qpwap3.139game.net/get_third_entry.php", "http://qpwap3.139game.net/help/ServiceConfig.aspx", "http://qpwap3.139game.net/help/huahui.aspx", "http://qpwap3.139game.net/help/index.php", "http://qpwap3.139game.net/redir.aspx", "http://qpwap3.139game.net/redir.php?urlid=", "http://qpwap3.139game.net/shop/confirm_pay.php", "http://update3.139game.net", "http://update3.139game.net/android/androidconfig.php", "http://update3.139game.net/android/customer.php", "http://update3.139game.net/android/package.php", "http://update3.139game.net/android/vip.php", "http://version.yunva.com/yunva?m=UPDATE", "http://wap3.139game.net", "http://wap3.139game.net/follow.php", "http://wap3.139game.net/html/ddz/rule.html", "http://wap3.139game.net/rank.php", "http://xmlpull.org/v1/doc/features.html#indent-output", "https://mclient.alipay.com/gateway.do", "https://mobiletestabc.alipaydev.com/mobileclientgw/net/gateway.do"], "AndroidVersionName": "2.0.3", "RiskIndicator": {"PERM": {"PRIVACY": 5, "DANGEROUS": 10, "NORMAL": 3, "SMS": 1, "CALL": 1, "MONEY": 2, "INTERNET": 1, "GPS": 2}}, "Services": ["com.umeng.message.UmengService", "org.android.agoo.service.ElectionService", "com.umeng.message.UmengIntentService", "com.yunva.live.sdk.interfaces.service.VioceService", "cn.play.dserv.DService", "com.unicom.wostore.unipay.paysecurity.SecurityServiceFramework", "mm.purchasesdk.iapservice.PurchaseService", "safiap.framework.SafFrameworkManager", "safiap.framework.logreport.monitor.handler.LogreportHandler"], "MinSdkVersion": "8", "AndroidApplicationInfo": "APK", "TargetSdkVersion": "15", "Receivers": ["com.mykj.andr.ui.fragment.LoadingFragment$loadingRecevier", "com.umeng.message.NotificationProxyBroadcastReceiver", "com.umeng.message.RegistrationReceiver", "com.umeng.message.UmengBroadcastReceiver", "com.yunva.live.sdk.interfaces.android.receiver.YunvaReceiver", "cn.play.dserv.DsReceiver", "safiap.framework.CheckUpdateReceiver"], "AndroguardVersion": "3.4.0a1", "Permissions": {"android.permission.CHANGE_NETWORK_STATE": ["dangerous", "change network connectivity", "Allows an application to change\n      the state of network connectivity."], "android.permission.DISABLE_KEYGUARD": ["dangerous", "disable keylock", "Allows an application to disable\n      the keylock and any associated password security. A legitimate example of\n      this is the phone disabling the keylock when receiving an incoming phone call,\n      then re-enabling the keylock when the call is finished."], "com.android.launcher.permission.UNINSTALL_SHORTCUT": ["normal", "Unknown permission from android reference", "Unknown permission from android reference"], "android.permission.READ_LOGS": ["dangerous", "read sensitive log data", "Allows an application to read from the\n        system's various log files.  This allows it to discover general\n        information about what you are doing with the phone, potentially\n        including personal or private information."], "android.permission.PROCESS_OUTGOING_CALLS": ["dangerous", "intercept outgoing calls", "Allows application to\n        process outgoing calls and change the number to be dialed.  Malicious\n        applications may monitor, redirect, or prevent outgoing calls."], "android.permission.ACCESS_COARSE_LOCATION": ["dangerous", "coarse (network-based) location", "Access coarse location sources such as the cellular\n        network database to determine an approximate phone location, where available. Malicious\n        applications can use this to determine approximately where you are."], "android.permission.INTERNET": ["dangerous", "full Internet access", "Allows an application to\n      create network sockets."], "android.permission.ACCESS_FINE_LOCATION": ["dangerous", "fine (GPS) location", "Access fine location sources such as the\n        Global Positioning System on the phone, where available.\n        Malicious applications can use this to determine where you are, and may\n        consume additional battery power."], "android.permission.SEND_SMS": ["dangerous", "send SMS messages", "Allows application to send SMS\n      messages. Malicious applications may cost you money by sending\n      messages without your confirmation."], "com.android.launcher.permission.INSTALL_SHORTCUT": ["normal", "Unknown permission from android reference", "Unknown permission from android reference"], "android.permission.REORDER_TASKS": ["dangerous", "reorder running applications", "Allows an application to move\n        tasks to the foreground and background. Malicious applications can force\n        themselves to the front without your control."], "android.permission.ACCESS_NETWORK_STATE": ["normal", "view network state", "Allows an application to view\n      the state of all networks."], "android.permission.GET_TASKS": ["dangerous", "retrieve running applications", "Allows application to retrieve\n        information about currently and recently running tasks. May allow\n        malicious applications to discover private information about other applications."], "android.permission.WRITE_EXTERNAL_STORAGE": ["dangerous", "modify/delete SD card contents", "Allows an application to write to the SD card."], "org.agoo.android.permission.MESSAGE": ["normal", "Unknown permission from android reference", "Unknown permission from android reference"], "android.permission.READ_EXTERNAL_STORAGE": ["normal", "Unknown permission from android reference", "Unknown permission from android reference"], "android.permission.WRITE_SETTINGS": ["dangerous", "modify global system settings", "Allows an application to modify the\n        system's settings data. Malicious applications can corrupt your system's\n        configuration."], "android.permission.READ_PHONE_STATE": ["dangerous", "read phone state and identity", "Allows the application to access the phone\n        features of the device.  An application with this permission can determine the phone\n        number and serial number of this phone, whether a call is active, the number that call\n        is connected to and the like."], "android.permission.VIBRATE": ["normal", "control vibrator", "Allows the application to control\n        the vibrator."], "android.permission.SYSTEM_ALERT_WINDOW": ["dangerous", "display system-level alerts", "Allows an application to\n        show system alert windows. Malicious applications can take over the\n        entire screen."], "android.permission.ACCESS_WIFI_STATE": ["normal", "view Wi-Fi state", "Allows an application to view\n      the information about the state of Wi-Fi."], "android.permission.WAKE_LOCK": ["dangerous", "prevent phone from sleeping", "Allows an application to prevent\n        the phone from going to sleep."], "android.permission.RECORD_AUDIO": ["dangerous", "record audio", "Allows application to access\n        the audio record path."], "android.permission.READ_CONTACTS": ["dangerous", "read contact data", "Allows an application to read all\n        of the contact (address) data stored on your phone. Malicious applications\n        can use this to send your data to other people."], "android.permission.MOUNT_UNMOUNT_FILESYSTEMS": ["dangerous", "mount and unmount filesystems", "Allows the application to mount and\n        unmount filesystems for removable storage."]}}, "f-prot-unpacker": "appended, UTF-8"}, "size": 14498070, "authentihash": null, "times_submitted": 6, "harmless_votes": 0, "malicious_votes": 0, "sha256": "732103e73db6fb100e0c5ef72628efc8272162440e7930af60095acfb1ad1f85", "type": "Android", "scans": {"Bkav": {"detected": false, "version": "1.3.0.9899", "result": null, "update": "20211102"}, "Lionic": {"detected": false, "version": "4.2", "result": null, "update": "20211103"}, "Elastic": {"detected": false, "version": "4.0.29", "result": null, "update": "20211005"}, "Cynet": {"detected": true, "version": "4.0.0.27", "result": "Malicious (score: 99)", "update": "20211103"}, "CMC": {"detected": false, "version": "2.10.2019.1", "result": null, "update": "20211026"}, "CAT-QuickHeal": {"detected": true, "version": "14.00", "result": "Android.SmsregCAD.D (PUP)", "update": "20211103"}, "McAfee": {"detected": true, "version": "6.0.6.653", "result": "Artemis!86D0620E6EA2", "update": "20211103"}, "ALYac": {"detected": false, "version": "1.1.3.1", "result": null, "update": "20211103"}, "Malwarebytes": {"detected": false, "version": "4.2.2.27", "result": null, "update": "20211103"}, "VIPRE": {"detected": false, "version": "96678", "result": null, "update": "20211103"}, "Sangfor": {"detected": false, "version": "2.9.0.0", "result": null, "update": "20211103"}, "K7AntiVirus": {"detected": false, "version": "11.225.39131", "result": null, "update": "20211103"}, "Alibaba": {"detected": false, "version": "0.3.0.5", "result": null, "update": "20190527"}, "K7GW": {"detected": true, "version": "11.225.39131", "result": "Trojan ( 0055299b1 )", "update": "20211103"}, "Trustlook": {"detected": true, "version": "1.0", "result": "Android.PUA.Trojan", "update": "20211103"}, "Arcabit": {"detected": false, "version": "1.0.0.886", "result": null, "update": "20211103"}, "Baidu": {"detected": false, "version": "1.0.0.2", "result": null, "update": "20190318"}, "Cyren": {"detected": false, "version": "6.3.0.2", "result": null, "update": "20211103"}, "SymantecMobileInsight": {"detected": true, "version": "2.0", "result": "AppRisk:Generisk", "update": "20210126"}, "Symantec": {"detected": true, "version": "1.16.0.0", "result": "Trojan.Gen.2", "update": "20211103"}, "ESET-NOD32": {"detected": true, "version": "24229", "result": "a variant of Android/SMSreg.GQ potentially unsafe", "update": "20211103"}, "TrendMicro-HouseCall": {"detected": false, "version": "10.0.0.1040", "result": null, "update": "20211101"}, "Avast": {"detected": false, "version": "21.1.5827.0", "result": null, "update": "20211103"}, "ClamAV": {"detected": false, "version": "0.104.0.0", "result": null, "update": "20211102"}, "Kaspersky": {"detected": false, "version": "21.0.1.45", "result": null, "update": "20211103"}, "BitDefender": {"detected": false, "version": "7.2", "result": null, "update": "20211103"}, "NANO-Antivirus": {"detected": true, "version": "1.0.146.25370", "result": "Trojan.Android.Agent.drhaub", "update": "20211103"}, "SUPERAntiSpyware": {"detected": false, "version": "5.6.0.1032", "result": null, "update": "20211030"}, "MicroWorld-eScan": {"detected": false, "version": "14.0.409.0", "result": null, "update": "20211103"}, "Rising": {"detected": false, "version": "25.0.0.26", "result": null, "update": "20211103"}, "Ad-Aware": {"detected": false, "version": "3.0.21.193", "result": null, "update": "20211103"}, "Emsisoft": {"detected": false, "version": "2021.5.0.7597", "result": null, "update": "20211103"}, "Comodo": {"detected": false, "version": "34044", "result": null, "update": "20211102"}, "F-Secure": {"detected": false, "version": "12.0.86.52", "result": null, "update": "20211103"}, "DrWeb": {"detected": true, "version": "7.0.52.8270", "result": "Android.RemoteCode.173.origin", "update": "20211103"}, "Zillya": {"detected": false, "version": "2.0.0.4487", "result": null, "update": "20211102"}, "TrendMicro": {"detected": false, "version": "11.0.0.1006", "result": null, "update": "20211103"}, "McAfee-GW-Edition": {"detected": true, "version": "v2019.1.2+3728", "result": "Artemis", "update": "20211102"}, "FireEye": {"detected": false, "version": "32.44.1.0", "result": null, "update": "20211103"}, "Sophos": {"detected": true, "version": "1.4.1.0", "result": "Android Riskware SmsReg (PUA)", "update": "20211103"}, "Ikarus": {"detected": true, "version": "0.1.5.2", "result": "AdWare.AndroidOS.SMSreg", "update": "20211102"}, "Avast-Mobile": {"detected": false, "version": "211102-00", "result": null, "update": "20211102"}, "Jiangmin": {"detected": true, "version": "16.0.100", "result": "RiskTool.AndroidOS.afbm", "update": "20211102"}, "Avira": {"detected": true, "version": "8.3.3.12", "result": "SPR/ANDR.SMSreg.KU.Gen", "update": "20211103"}, "Antiy-AVL": {"detected": false, "version": "3.0.0.1", "result": null, "update": "20211103"}, "Kingsoft": {"detected": false, "version": "2017.9.26.565", "result": null, "update": "20211103"}, "Gridinsoft": {"detected": false, "version": "1.0.60.158", "result": null, "update": "20211103"}, "Microsoft": {"detected": true, "version": "1.1.18700.4", "result": "PUA:Win32/Presenoker", "update": "20211103"}, "ViRobot": {"detected": false, "version": "2014.3.20.0", "result": null, "update": "20211103"}, "ZoneAlarm": {"detected": false, "version": "1.0", "result": null, "update": "20211102"}, "GData": {"detected": false, "version": "A:25.31229B:27.25015", "result": null, "update": "20211103"}, "BitDefenderFalx": {"detected": true, "version": "2.0.936", "result": "Android.Riskware.SMSReg.NN", "update": "20210610"}, "AhnLab-V3": {"detected": true, "version": "3.21.1.10219", "result": "PUP/Android.SmsReg.1021525", "update": "20211103"}, "BitDefenderTheta": {"detected": false, "version": "7.2.37796.0", "result": null, "update": "20211021"}, "TACHYON": {"detected": false, "version": "2021-11-03.02", "result": null, "update": "20211103"}, "VBA32": {"detected": false, "version": "5.0.0", "result": null, "update": "20211102"}, "Zoner": {"detected": false, "version": "0.0.0.0", "result": null, "update": "20211102"}, "Tencent": {"detected": false, "version": "1.0.0.1", "result": null, "update": "20211103"}, "Yandex": {"detected": false, "version": "5.5.2.24", "result": null, "update": "20211103"}, "MAX": {"detected": true, "version": "2019.9.16.1", "result": "malware (ai score=63)", "update": "20211103"}, "MaxSecure": {"detected": true, "version": "1.0.0.1", "result": "Trojan.TrojanBanker.AndroidOS.Asacub.cg", "update": "20211102"}, "Fortinet": {"detected": true, "version": "6.2.142.0", "result": "Adware/SMSreg!Android", "update": "20211103"}, "Panda": {"detected": false, "version": "4.6.4.2", "result": null, "update": "20211102"}}, "tags": ["apk", "android", "contains-elf"], "scan_id": "732103e73db6fb100e0c5ef72628efc8272162440e7930af60095acfb1ad1f85-1635931266", "unique_sources": 3, "positives": 21, "ssdeep": "393216:2uJ/pZ7XIPbkQ94+VqIIi8WgWQHuKQgfsrmr:2uBIP79hqIIfWEOKQgErM", "md5": "86d0620e6ea27e0ceede45fa81629ff4", "permalink": "https://www.virustotal.com/gui/file/732103e73db6fb100e0c5ef72628efc8272162440e7930af60095acfb1ad1f85/detection/f-732103e73db6fb100e0c5ef72628efc8272162440e7930af60095acfb1ad1f85-1635931266", "sha1": "a6a40c9029103152600f9c8b9b1cfa051081f56d", "submission": {"submitter_region": "he", "date": "2021-11-03 09:21:06", "submitter_country": "DE", "filename": "/var/www/clean-mx/virusesevidence/output.109131451.txt"}, "response_code": 1, "community_reputation": 0, "verbose_msg": "Scan finished, information embedded", "ITW_urls": ["http://dd.myapp.com/16891/86D0620E6EA27E0CEEDE45FA81629FF4.apk?fsname=com.mykj.game.ddz_2.0.3_53.apk"], "last_seen": "2021-11-03 09:21:06"}