{"vhash": "cccd99e86b61018764decb7e6bb502fa", "submission_names": ["/app/downloads/ready.apk"], "scan_date": "2021-11-03 08:06:25", "first_seen": "2021-11-03 08:06:25", "total": 62, "additional_info": {"exiftool": {"MIMEType": "application/zip", "ZipRequiredVersion": "10", "ZipCRC": "0xd1816be0", "FileType": "ZIP", "ZipCompression": "Deflated", "ZipUncompressedSize": "100928", "ZipCompressedSize": "42580", "FileTypeExtension": "zip", "ZipFileName": "classes2.dex", "ZipBitFlag": "0x0800", "ZipModifyDate": "2021:10:31 08:55:12"}, "trid": "Android Package (67.5%)\nJava Archive (23.6%)\nZIP compressed archive (7.0%)\nPrintFox/Pagefox bitmap (640x800) (1.7%)", "androguard": {"Activities": ["com.app.AddSfsavacDFBstgmsrtnatrklerlgkenerg", "com.app.AbddSfsvasDFBstgwerwvwjngrhjrtghwrtgefsgfjwerervTHAERvrerg", "com.app.AbddSfcvaDFBstgrnmstnrtnerngknernadgn", "com.app.AbddSfsavcdscdfaDFBstgngdhnsrnaergRDGsrtsdfrtgsdRtgr"], "AndroidVersionCode": "999", "certificate": {"validto": "3020-08-26 09:03:56", "serialnumber": "45ff9a3", "Issuer": {"DN": "C:\u4e2d\u56fd, CN:np, L:\u5357\u4eac, O:np, ST:\u6c5f\u82cf, OU:np", "C": "\u4e2d\u56fd", "CN": "np", "L": "\u5357\u4eac", "O": "np", "ST": "\u6c5f\u82cf", "OU": "np"}, "thumbprint": "26b02d233509f4aecf56980032343456ceab722a", "validfrom": "2021-04-25 09:03:56", "Subject": {"DN": "C:\u4e2d\u56fd, CN:np, L:\u5357\u4eac, O:np, ST:\u6c5f\u82cf, OU:np", "C": "\u4e2d\u56fd", "CN": "np", "L": "\u5357\u4eac", "O": "np", "ST": "\u6c5f\u82cf", "OU": "np"}}, "VTAndroidInfo": 2, "AndroidApplication": 1, "Package": "com.appmain", "AndroidApplicationError": false, "intent-filters": {"Services": {"com.app.AbddSfsvasDFBstgrnsrtnyujngrhjrthwruytefsgfjwsdcrTHERverg2": {"action": ["android.accessibilityservice.AccessibilityService"]}}, "Receivers": {"com.app.AbddSfcvaFDBrngtmngndattgtntgadtn": {"action": ["android.intent.action.PHONE_STATE", "android.intent.action.NEW_OUTGOING_CALL"]}, "com.app.AbddSfsvasDFBstgrnsrtnyujngrhjrthwruytefsgfjwsdcrTHERverg4": {"action": ["android.intent.action.SCREEN_ON", "android.intent.action.SCREEN_OFF", "android.Intent.ACTION_USER_PRESENT"]}, "com.app.AbddSfsvasDFBstgrnsrtnyujngrhjrthwruytefsgfjwsdcrTHERverg": {"action": ["android.intent.action.BOOT_COMPLETED", "android.intent.action.QUICKBOOT_POWERON", "com.htc.intent.action.QUICKBOOT_POWERON"]}}}, "Main Activity": "com.app.MainActive", "StringsInformation": ["http://schemas.android.com/apk/res/android"], "Providers": ["android.support.v4.content.FileProvider"], "AndroidVersionName": "3.31.165", "RiskIndicator": {"APK": {"DEX": 2}, "PERM": {"PRIVACY": 10, "DANGEROUS": 8, "NORMAL": 7, "SMS": 1, "INTERNET": 1, "GPS": 2}}, "Services": ["com.app.AbddSfsvasDFBstgrnsrtnyujngrhjrthwruytefsgfjwsdcrTHERverg1", "com.app.AbddSfsvasDFBstgrneeddnyujngrhjrtghwrtgeferwgfjwerTwrfvrerg", "com.app.AbddSfsvasDFBstgrnsrtnwevcngrhjrtghwrtgefsgfscaerTHAwevrerg", "com.app.AbddSfsvasDFBstgrnsrtnyujngrhjrthwruytefsgfjwsdcrTHERverg2", "com.app.AddSfsavacDFGbgfsrthrthsgthrthtyndfgtnhydtyfgnysrhttbfdzsftg", "com.app.AbddSfsvasDFBstgrnsrtnyujngrhjrthwruytefsgfjwsdcrTHERverg3"], "MinSdkVersion": "21", "AndroidApplicationInfo": "APK", "TargetSdkVersion": "22", "Receivers": ["com.app.AbddSfsvasDFBstgrnsrtnyujngrhjrthwruytefsgfjwsdcrTHERverg", "com.app.AbddSfsvasDFBstgrnsrtnyujngrhjrthwruytefsgfjwsdcrTHERverg4", "com.app.AbddSfcvaFDBrngtmngndattgtntgadtn"], "AndroguardVersion": "3.4.0a1", "Permissions": {"com.android.launcher.permission.UNINSTALL_SHORTCUT": ["dangerous", "uninstall shortcuts", "Allows the application to remove\n        Homescreen shortcuts without user intervention."], "android.permission.ACCESS_COARSE_LOCATION": ["dangerous", "approximate location\n      (network-based)", "Allows the app to get your\n      approximate location. This location is derived by location services using\n      network location sources such as cell towers and Wi-Fi. These location\n      services must be turned on and available to your device for the app to\n      use them. Apps may use this to determine approximately where you\n      are."], "android.permission.ACCESS_WIFI_STATE": ["normal", "view Wi-Fi connections", "Allows the app to view information\n      about Wi-Fi networking, such as whether Wi-Fi is enabled and name of\n      connected Wi-Fi devices."], "android.permission.INTERNET": ["dangerous", "full network access", "Allows the app to create\n     network sockets and use custom network protocols. The browser and other\n     applications provide means to send data to the internet, so this\n     permission is not required to send data to the internet."], "android.permission.ACCESS_FINE_LOCATION": ["dangerous", "precise location (GPS and\n      network-based)", "Allows the app to get your\n      precise location using the Global Positioning System (GPS) or network\n      location sources such as cell towers and Wi-Fi. These location services\n      must be turned on and available to your device for the app to use them.\n      Apps may use this to determine where you are, and may consume additional\n      battery power."], "android.permission.WAKE_LOCK": ["normal", "prevent phone from sleeping", "Allows the app to prevent the phone from going to sleep."], "com.android.launcher.permission.INSTALL_SHORTCUT": ["dangerous", "install shortcuts", "Allows an application to add\n        Homescreen shortcuts without user intervention."], "android.permission.ACCESS_NETWORK_STATE": ["normal", "view network connections", "Allows the app to view\n      information about network connections such as which networks exist and are\n      connected."], "android.permission.WRITE_CALL_LOG": ["dangerous", "write call log", "Allows the app to modify your phone's call log, including data about incoming and outgoing calls.\n        Malicious apps may use this to erase or modify your call log."], "android.permission.SET_WALLPAPER": ["normal", "set wallpaper", "Allows the app to set the system wallpaper."], "android.permission.READ_CALL_LOG": ["dangerous", "read call log", "Allows the app to read\n      your phone's call log, including data about incoming and outgoing calls.\n      This permission allows apps to save your call log data, and malicious apps\n      may share call log data without your knowledge."], "android.permission.WRITE_EXTERNAL_STORAGE": ["dangerous", "modify or delete the contents of your SD card", "Allows the app to write to the SD card."], "android.permission.WRITE_CONTACTS": ["dangerous", "modify your contacts", "Allows the app to\n    modify the data about your contacts stored on your phone, including the\n    frequency with which you've called, emailed, or communicated in other ways\n    with specific contacts. This permission allows apps to delete contact\n    data."], "android.permission.READ_EXTERNAL_STORAGE": ["normal", "read the contents of your SD card", "Allows the app to read the contents of your SD card."], "android.permission.RECEIVE_BOOT_COMPLETED": ["normal", "run at startup", "Allows the app to\n        have itself started as soon as the system has finished booting.\n        This can make it take longer to start the phone and allow the\n        app to slow down the overall phone by always running."], "com.android.alarm.permission.SET_ALARM": ["normal", "set an alarm", "Allows the app to set an alarm in\n      an installed alarm clock app. Some alarm clock apps may\n      not implement this feature."], "android.permission.CALL_PHONE": ["dangerous", "directly call phone numbers", "Allows the app to call phone numbers\n      without your intervention. This may result in unexpected charges or calls.\n      Note that this doesn't allow the app to call emergency numbers.\n      Malicious apps may cost you money by making calls without your\n      confirmation."], "android.permission.READ_PHONE_STATE": ["dangerous", "read phone status and identity", "Allows the app to access the phone\n      features of the device.  This permission allows the app to determine the\n      phone number and device IDs, whether a call is active, and the remote number\n      connected by a call."], "android.permission.FOREGROUND_SERVICE": ["normal", "Unknown permission from android reference", "Unknown permission from android reference"], "android.permission.READ_SMS": ["dangerous", "read your text messages (SMS or MMS)", "Allows the app to read SMS\n      messages stored on your phone or SIM card. This allows the app to read all\n      SMS messages, regardless of content or confidentiality."], "android.permission.SYSTEM_ALERT_WINDOW": ["dangerous", "draw over other apps", "Allows the app to draw on top of other\n        applications or parts of the user interface.  They may interfere with your\n        use of the interface in any application, or change what you think you are\n        seeing in other applications."], "android.permission.CAMERA": ["dangerous", "take pictures and videos", "Allows the app to take pictures and videos\n      with the camera.  This permission allows the app to use the camera at any\n      time without your confirmation."], "android.permission.REQUEST_INSTALL_PACKAGES": ["normal", "Unknown permission from android reference", "Unknown permission from android reference"], "android.permission.CHANGE_WIFI_STATE": ["dangerous", "connect and disconnect from Wi-Fi", "Allows the app to connect to and\n      disconnect from Wi-Fi access points and to make changes to device\n      configuration for Wi-Fi networks."], "android.permission.RECORD_AUDIO": ["dangerous", "record audio", "Allows the app to record audio with the\n      microphone.  This permission allows the app to record audio at any time\n      without your confirmation."], "android.permission.READ_CONTACTS": ["dangerous", "read your contacts", "Allows the app to\n      read data about your contacts stored on your phone, including the\n      frequency with which you've called, emailed, or communicated in other ways\n      with specific individuals. This permission allows apps to save your\n      contact data, and malicious apps may share contact data without your\n      knowledge."], "android.permission.MODIFY_AUDIO_SETTINGS": ["normal", "change your audio settings", "Allows the app to modify global audio settings such as volume and which speaker is used for output."], "android.permission.GET_ACCOUNTS": ["normal", "find accounts on the device", "Allows the app to get\n      the list of accounts known by the phone.  This may include any accounts\n      created by applications you have installed."]}}, "magic": "Zip archive data, at least v1.0 to extract", "compressedview": {"highest_datetime": "2021-10-31 08:55:12", "lowest_datetime": "2021-10-31 08:49:34", "num_children": 50, "extensions": {"dex": 2, "xml": 21, "MF": 1, "RSA": 1, "SF": 1, "png": 22}, "file_types": {"DEX": 2, "XML": 21, "PNG": 22, "unknown": 5}, "type": "APK", "children": [{"datetime": "2021-10-31 08:55:12", "sha256": "e71cfd4555b676800b5fe37300ffa5fd4d3050bf9ff7e6e9653bae82bf9931b6", "type": "DEX", "filename": "classes2.dex", "size": 100928}, {"datetime": "2021-10-31 08:55:12", "sha256": "117bf213fc3038dee7da36749b9540d355a13d47e9beb91f606eca58f4999bc5", "type": "DEX", "filename": "classes.dex", "size": 944372}, {"datetime": "2021-10-31 08:49:36", "sha256": "4f9ad064c082ca169c2426f429c3dd5c46bc394134f1cae819d51a96c3451f52", "type": "XML", "filename": "res/layout/notification_action.xml", "size": 1060}, {"detection_ratio": [0, 72], "datetime": "2021-10-31 08:49:34", "filename": "res/drawable/skinicon.png", "sha256": "67618fdaa085253410592dbe82f1789b41070f69fe3148639e50112f6f0cd2ad", "type": "PNG", "size": 100}, {"detection_ratio": [0, 75], "datetime": "2021-10-31 08:49:36", "filename": "res/drawable/notification_bg_low.xml", "sha256": "93a2df8893eda2674a88c53ec318566786acb82519152e2e0bd76114da29daa4", "type": "XML", "size": 644}, {"detection_ratio": [0, 74], "datetime": "2021-10-31 08:49:36", "filename": "res/layout/notification_template_part_chronometer.xml", "sha256": "e8a9c6785c1b4b35e4ac77511f56e5347cfafcbe94f05379384b9545a6229497", "type": "XML", "size": 448}, {"datetime": "2021-10-31 08:49:36", "sha256": "d8c73210a854c7f617240b7300d5d8240411b9909274e8750b4fcedbd5888f01", "type": "XML", "filename": "res/drawable/shape.xml", "size": 680}, {"datetime": "2021-10-31 08:49:34", "sha256": "c93244c88421e6051bbb8155f13126ac508f9a3f7d86c9e8724f8c46a19ea033", "type": "unknown", "filename": "resources.arsc", "size": 31872}, {"datetime": "2021-10-31 08:49:36", "sha256": "81a0be99ae10912d418bea0246274b53eef962704b910fb7721b79d8fcddeada", "type": "XML", "filename": "AndroidManifest.xml", "size": 13828}, {"detection_ratio": [0, 74], "datetime": "2021-10-31 08:49:34", "filename": "res/drawable-hdpi/notification_bg_normal.9.png", "sha256": "0c6328c7b2420570a7ec38b3beb3bac9a29d895ac1ab7239315aba7266418593", "type": "PNG", "size": 212}, {"detection_ratio": [0, 73], "datetime": "2021-10-31 08:49:36", "filename": "res/xml/accessibility.xml", "sha256": "e450077ee06041b148d7f7274b3e519ab9994e86db86dbf04d4197c18cd3004a", "type": "XML", "size": 408}, {"detection_ratio": [0, 73], "datetime": "2021-10-31 08:49:34", "filename": "res/drawable-mdpi/notification_bg_normal_pressed.9.png", "sha256": "c7d9e7992b7fe7fad1ac8a469e0d3767e96336ae151a0f5cf85265a88f452605", "type": "PNG", "size": 229}, {"detection_ratio": [0, 74], "datetime": "2021-10-31 08:49:34", "filename": "res/drawable-xhdpi/notification_bg_normal.9.png", "sha256": "559bf783d765c02338e97952bdc9c6689c7ff99090b8c9813369118da8b080f0", "type": "PNG", "size": 221}, {"detection_ratio": [0, 74], "datetime": "2021-10-31 08:49:34", "filename": "res/drawable-mdpi/notify_panel_notification_icon_bg.png", "sha256": "2e28693300c8cd5dbdd49cbc71970454e9ebd2aa3aa62ed97a97dc1f6894843c", "type": "PNG", "size": 93}, {"detection_ratio": [0, 73], "datetime": "2021-10-31 08:49:34", "filename": "res/drawable-hdpi/notification_bg_normal_pressed.9.png", "sha256": "bbe825fae7ad565073981bb22700d71837708b515ebe99fe2fd0ed5ba5928a0f", "type": "PNG", "size": 229}, {"detection_ratio": [0, 71], "datetime": "2021-10-31 08:49:36", "filename": "res/drawable/notification_icon_background.xml", "sha256": "bd0b1ef0196e4f9e7e2a4e201f7b179c2a321b92cbba4920d3ae76a3c3468eff", "type": "XML", "size": 436}, {"detection_ratio": [0, 76], "datetime": "2021-10-31 08:49:36", "filename": "res/drawable/notification_bg.xml", "sha256": "d320bbe6082ce1ff0ca5fa1060c325142e8356690d0dfcb1079a8b6fa0b4d5a2", "type": "XML", "size": 644}, {"datetime": "2021-10-31 08:49:36", "sha256": "308f7c3d18c3543ccff7e0c6a7b04d4703f79ad072776241de10906daf5a4541", "type": "XML", "filename": "res/layout-v22/flogin.xml", "size": 5048}, {"detection_ratio": [0, 73], "datetime": "2021-10-31 08:49:34", "filename": "res/drawable-hdpi/notification_bg_low_pressed.9.png", "sha256": "859dbbc97eecb8c52d4a4cd299511d947ad9fd704687818d5c84a803b46eacda", "type": "PNG", "size": 229}, {"detection_ratio": [0, 73], "datetime": "2021-10-31 08:49:36", "filename": "res/layout/notification_template_part_time.xml", "sha256": "360142be4bf249375c268d1b3f8a1a83919a55da9dd326d430f5b92edd8fd259", "type": "XML", "size": 448}, {"datetime": "2021-10-31 08:49:34", "sha256": "26cd5325668f624047da8a772419331876981cc7b9b723db84c231a67a21f2bb", "type": "PNG", "filename": "res/drawable/goglnobak.png", "size": 13906}, {"datetime": "2021-10-31 08:49:36", "sha256": "143b616eb316f37053a80783ef0b31b6d031f3f5a2feb033914c597d8a3c4508", "type": "XML", "filename": "res/layout/flogin.xml", "size": 4996}, {"detection_ratio": [0, 73], "datetime": "2021-10-31 08:49:34", "filename": "res/drawable-mdpi/notification_bg_low_pressed.9.png", "sha256": "452a417d7ba3af7292f03e7a8b73d8a9122fda7953425fd5603f5f6aa51e6a1a", "type": "PNG", "size": 229}, {"datetime": "2021-10-31 08:49:36", "sha256": "2cfae751d9e138e95eb569029e8e86f50e4a711a6f4d1198db8cf3f0c7e145c5", "type": "XML", "filename": "res/layout/notification_template_icon_group.xml", "size": 996}, {"detection_ratio": [0, 72], "datetime": "2021-10-31 08:49:36", "filename": "res/layout/drpitmpmecpmadntoml4232.xml", "sha256": "89c3a8cbf308deb0231f986a92c3fe4c9f4f8f71e004d42314a92b60cb6b4b38", "type": "XML", "size": 452}, {"datetime": "2021-10-31 08:49:34", "sha256": "7aa5a3ad27daf394346f9022e21c67e85a27aaa72a3d9dcbdcbc0d165fbc45da", "type": "PNG", "filename": "res/drawable/nws.png", "size": 29594}, {"datetime": "2021-10-31 08:49:34", "sha256": "d5e56cc88da946d72b845bdd6aa3ec24a4c1cfc30a4a113bbd158cdc25d076db", "type": "PNG", "filename": "res/drawable/bsl.png", "size": 141338}, {"datetime": "2021-10-31 08:49:36", "sha256": "df8a81213da3d2f6c3f4d15f0c28e5bb9d2b867f2d2cf58f3ec33ce0eee0a1ec", "type": "XML", "filename": "res/xml/provider_paths.xml", "size": 548}, {"detection_ratio": [0, 74], "datetime": "2021-10-31 08:49:34", "filename": "res/drawable-xhdpi/notification_bg_low_pressed.9.png", "sha256": "3b79243ef0228d6a5b66a25416c980ba9620851c879093a9da4feb84b33961a0", "type": "PNG", "size": 251}, {"datetime": "2021-10-31 08:49:34", "sha256": "9f1ef3f4280479484734770e25f42c05c21ce4a9444f73a3f92448c392b076bd", "type": "PNG", "filename": "res/drawable/tranclat.png", "size": 12466}, {"detection_ratio": [0, 74], "datetime": "2021-10-31 08:49:34", "filename": "res/drawable-mdpi/notification_bg_normal.9.png", "sha256": "a8676a1793ac8310ffb12986232df66df092d29c242aeedc2b73556c010d38dc", "type": "PNG", "size": 215}, {"detection_ratio": [0, 75], "datetime": "2021-10-31 08:49:34", "filename": "res/drawable-xhdpi/notification_bg_normal_pressed.9.png", "sha256": "4a24d2180b1dfd48e40bd675e2b601fdb26099732b4700678984f59cbd67d417", "type": "PNG", "size": 246}, {"detection_ratio": [0, 72], "datetime": "2021-10-31 08:49:34", "filename": "res/drawable/ollccpmowlowwcgpapeew4229.png", "sha256": "67618fdaa085253410592dbe82f1789b41070f69fe3148639e50112f6f0cd2ad", "type": "PNG", "size": 100}, {"datetime": "2021-10-31 08:49:36", "sha256": "acc7bd87791df92dae1299afa9124e802e55232a990a1200babee00d7d7f1027", "type": "XML", "filename": "res/layout/notification_template_custom_big.xml", "size": 2456}, {"detection_ratio": [0, 74], "datetime": "2021-10-31 08:49:34", "filename": "res/drawable-hdpi/notification_bg_low_normal.9.png", "sha256": "21f0b55280be10b187ceff8edef4a5a7047683e6e9fcf47de410aa3839f41094", "type": "PNG", "size": 212}, {"detection_ratio": [0, 76], "datetime": "2021-10-31 08:49:36", "filename": "res/drawable/notification_action_background.xml", "sha256": "a914572b50a97e84b9ff0cf481ea178d15b669cd2e78e15b6a5e586cba5bf11a", "type": "XML", "size": 1352}, {"datetime": "2021-10-31 08:49:36", "sha256": "430cd27f4cd875704e9a21d8ef7e29a81b6fb1f6e3f7b024ce93a8095c9c44a0", "type": "XML", "filename": "res/layout/glogin.xml", "size": 3968}, {"datetime": "2021-10-31 08:49:36", "sha256": "55feccd65c34336f51e916200dedcc769c3ca038618599b523e8fa8d61b9df2f", "type": "XML", "filename": "res/layout/ndrnp4231.xml", "size": 908}, {"detection_ratio": [0, 74], "datetime": "2021-10-31 08:49:34", "filename": "res/drawable-xhdpi/notification_bg_low_normal.9.png", "sha256": "3e09afa21c45372c035598c017c8fb405a6d678e6cb84dc857581cb3b40e482d", "type": "PNG", "size": 221}, {"detection_ratio": [0, 75], "datetime": "2021-10-31 08:49:34", "filename": "res/drawable-xhdpi/notify_panel_notification_icon_bg.png", "sha256": "6598a6e07bd8876909eb886ebb75529bb91fa8677e0e5718ac38eb2962833da3", "type": "PNG", "size": 99}, {"detection_ratio": [0, 72], "datetime": "2021-10-31 08:49:34", "filename": "res/drawable/pgawhpdnc4230.png", "sha256": "67618fdaa085253410592dbe82f1789b41070f69fe3148639e50112f6f0cd2ad", "type": "PNG", "size": 100}, {"detection_ratio": [0, 74], "datetime": "2021-10-31 08:49:34", "filename": "res/drawable-mdpi/notification_bg_low_normal.9.png", "sha256": "2f7fbda0ba6e53e9a47e2fc0e24e32c447c613a5808c2d6285dc651e83a07ad7", "type": "PNG", "size": 215}, {"detection_ratio": [0, 75], "datetime": "2021-10-31 08:49:36", "filename": "res/drawable/notification_tile_bg.xml", "sha256": "e185b9cb689049dda7d7eb0cc5636dd5a335ae69b0c0790b26d1e5652bb7abd1", "type": "XML", "size": 380}, {"detection_ratio": [0, 72], "datetime": "2021-10-31 08:49:34", "filename": "res/drawable-hdpi/notify_panel_notification_icon_bg.png", "sha256": "a3d6ba61761e3957ef14110a4fb26fa2d0255605acf496e7133093e01392a069", "type": "PNG", "size": 93}, {"datetime": "2021-10-31 08:49:36", "sha256": "7505c2a9ca4d08dba6985df6698d03e063e63a5bd89f65d1694ea24637422c00", "type": "XML", "filename": "res/layout/wib.xml", "size": 744}, {"datetime": "2021-10-31 08:49:36", "sha256": "4548ca14dae8a56d6b533ac0bd3d5b9a6c310a5d8d6edc1bf17298d627242b5d", "type": "XML", "filename": "res/layout/notification_action_tombstone.xml", "size": 1236}, {"datetime": "2021-10-31 08:55:12", "sha256": "323b7dc2d06fc4f0db6c9a24546bcbe7e853b64c1f287c657de669408668ab52", "type": "unknown", "filename": "META-INF/CERT.SF", "size": 4351}, {"datetime": "2021-10-31 08:55:12", "sha256": "e73b4a748f125dabcd9e8aab07b8d912416f849889b5e4062136c892fde72e60", "type": "unknown", "filename": "META-INF/CERT.RSA", "size": 1355}, {"datetime": "2021-10-31 08:55:12", "sha256": "a923f461245e871e00f96301dd5e04f032441c4f6b85ef8c33492ca86933f258", "type": "unknown", "filename": "META-INF/MANIFEST.MF", "size": 4292}], "uncompressed_size": 1329448}}, "size": 699499, "authentihash": null, "times_submitted": 1, "harmless_votes": 0, "malicious_votes": 0, "sha256": "7b91c6b62727b4f7bf288d39e7f318b8f2ff359929adae994976fe5f981467b2", "type": "Android", "scans": {"Bkav": {"detected": false, "version": "1.3.0.9899", "result": null, "update": "20211102"}, "Lionic": {"detected": false, "version": "4.2", "result": null, "update": "20211103"}, "ClamAV": {"detected": false, "version": "0.104.0.0", "result": null, "update": "20211102"}, "CMC": {"detected": false, "version": "2.10.2019.1", "result": null, "update": "20211026"}, "CAT-QuickHeal": {"detected": true, "version": "14.00", "result": "Android.SpyNote.GEN44022", "update": "20211103"}, "McAfee": {"detected": false, "version": "6.0.6.653", "result": null, "update": "20211103"}, "ALYac": {"detected": false, "version": "1.1.3.1", "result": null, "update": "20211103"}, "Malwarebytes": {"detected": false, "version": "4.2.2.27", "result": null, "update": "20211103"}, "VIPRE": {"detected": false, "version": "96678", "result": null, "update": "20211103"}, "Sangfor": {"detected": false, "version": "2.9.0.0", "result": null, "update": "20210930"}, "K7AntiVirus": {"detected": false, "version": "11.225.39131", "result": null, "update": "20211103"}, "BitDefender": {"detected": false, "version": "7.2", "result": null, "update": "20211103"}, "K7GW": {"detected": true, "version": "11.225.39131", "result": "Trojan ( 0055ecea1 )", "update": "20211103"}, "Trustlook": {"detected": true, "version": "1.0", "result": "Android.Malware.General (score:6)", "update": "20211103"}, "Arcabit": {"detected": false, "version": "1.0.0.886", "result": null, "update": "20211103"}, "Baidu": {"detected": false, "version": "1.0.0.2", "result": null, "update": "20190318"}, "Cyren": {"detected": false, "version": "6.3.0.2", "result": null, "update": "20211103"}, "SymantecMobileInsight": {"detected": false, "version": "2.0", "result": null, "update": "20210126"}, "Symantec": {"detected": false, "version": "1.16.0.0", "result": null, "update": "20211103"}, "ESET-NOD32": {"detected": true, "version": "24229", "result": "a variant of Android/Spy.SpyMax.E", "update": "20211103"}, "TrendMicro-HouseCall": {"detected": false, "version": "10.0.0.1040", "result": null, "update": "20211101"}, "Avast": {"detected": true, "version": "21.1.5827.0", "result": "Android:SpyMax-AR [Spy]", "update": "20211103"}, "Cynet": {"detected": true, "version": "4.0.0.27", "result": "Malicious (score: 99)", "update": "20211103"}, "Kaspersky": {"detected": true, "version": "21.0.1.45", "result": "HEUR:Trojan-Spy.AndroidOS.SpyNote.ai", "update": "20211103"}, "Alibaba": {"detected": false, "version": "0.3.0.5", "result": null, "update": "20190527"}, "NANO-Antivirus": {"detected": false, "version": "1.0.146.25370", "result": null, "update": "20211103"}, "SUPERAntiSpyware": {"detected": false, "version": "5.6.0.1032", "result": null, "update": "20211030"}, "MicroWorld-eScan": {"detected": false, "version": "14.0.409.0", "result": null, "update": "20211103"}, "Rising": {"detected": false, "version": "25.0.0.26", "result": null, "update": "20211103"}, "Ad-Aware": {"detected": false, "version": "3.0.21.193", "result": null, "update": "20211103"}, "Comodo": {"detected": false, "version": "34044", "result": null, "update": "20211102"}, "F-Secure": {"detected": false, "version": "12.0.86.52", "result": null, "update": "20211103"}, "DrWeb": {"detected": true, "version": "7.0.52.8270", "result": "Android.SpyMax.8", "update": "20211103"}, "Zillya": {"detected": false, "version": "2.0.0.4487", "result": null, "update": "20211102"}, "TrendMicro": {"detected": false, "version": "11.0.0.1006", "result": null, "update": "20211103"}, "McAfee-GW-Edition": {"detected": false, "version": "v2019.1.2+3728", "result": null, "update": "20211102"}, "FireEye": {"detected": false, "version": "32.44.1.0", "result": null, "update": "20211103"}, "Emsisoft": {"detected": false, "version": "2021.5.0.7597", "result": null, "update": "20211103"}, "Ikarus": {"detected": true, "version": "0.1.5.2", "result": "Trojan.AndroidOS.Spymax", "update": "20211102"}, "Avast-Mobile": {"detected": true, "version": "211102-00", "result": "Android:SpyMax-AR [Spy]", "update": "20211102"}, "Jiangmin": {"detected": false, "version": "16.0.100", "result": null, "update": "20211102"}, "Avira": {"detected": true, "version": "8.3.3.12", "result": "ANDROID/SpyMax.SRKK.Gen", "update": "20211103"}, "Antiy-AVL": {"detected": false, "version": "3.0.0.1", "result": null, "update": "20211103"}, "Kingsoft": {"detected": false, "version": "2017.9.26.565", "result": null, "update": "20211103"}, "Gridinsoft": {"detected": false, "version": "1.0.60.158", "result": null, "update": "20211103"}, "Microsoft": {"detected": true, "version": "1.1.18700.4", "result": "Trojan:AndroidOS/Spynote.H", "update": "20211103"}, "ViRobot": {"detected": false, "version": "2014.3.20.0", "result": null, "update": "20211103"}, "ZoneAlarm": {"detected": true, "version": "1.0", "result": "HEUR:Trojan-Spy.AndroidOS.SpyNote.at", "update": "20211102"}, "GData": {"detected": false, "version": "A:25.31229B:27.25015", "result": null, "update": "20211103"}, "BitDefenderFalx": {"detected": true, "version": "2.0.936", "result": "Android.Riskware.FakeApp.SG", "update": "20210610"}, "AhnLab-V3": {"detected": true, "version": "3.21.1.10219", "result": "Trojan/Android.Banker.911901", "update": "20211103"}, "BitDefenderTheta": {"detected": false, "version": "7.2.37796.0", "result": null, "update": "20211021"}, "TACHYON": {"detected": false, "version": "2021-11-03.02", "result": null, "update": "20211103"}, "VBA32": {"detected": false, "version": "5.0.0", "result": null, "update": "20211102"}, "Zoner": {"detected": false, "version": "0.0.0.0", "result": null, "update": "20211102"}, "Tencent": {"detected": false, "version": "1.0.0.1", "result": null, "update": "20211103"}, "Yandex": {"detected": false, "version": "5.5.2.24", "result": null, "update": "20211103"}, "MAX": {"detected": false, "version": "2019.9.16.1", "result": null, "update": "20211103"}, "MaxSecure": {"detected": false, "version": "1.0.0.1", "result": null, "update": "20211102"}, "Fortinet": {"detected": true, "version": "6.2.142.0", "result": "Android/Cerberus.M!tr.spy", "update": "20211103"}, "AVG": {"detected": true, "version": "21.1.5827.0", "result": "Android:SpyMax-AR [Spy]", "update": "20211103"}, "Panda": {"detected": false, "version": "4.6.4.2", "result": null, "update": "20211102"}}, "tags": ["apk", "android"], "scan_id": "7b91c6b62727b4f7bf288d39e7f318b8f2ff359929adae994976fe5f981467b2-1635926785", "unique_sources": 1, "positives": 17, "ssdeep": "12288:g1w3ejrelGSKQWedWWHept8efami+8K0dYGSQmC6Rq21wusT3cgtN0F0g3p:g1wuehWMeIFmi9IGXmCGNwHT3SFJZ", "md5": "f6df4f64d2af14155462ace8cfcd686b", "permalink": "https://www.virustotal.com/gui/file/7b91c6b62727b4f7bf288d39e7f318b8f2ff359929adae994976fe5f981467b2/detection/f-7b91c6b62727b4f7bf288d39e7f318b8f2ff359929adae994976fe5f981467b2-1635926785", "sha1": "7d4dc461fa476aba5f9e3d58078dfdda9940e598", "submission": {"submitter_region": "d", "date": "2021-11-03 08:06:25", "submitter_country": "IE", "filename": "/app/downloads/ready.apk"}, "response_code": 1, "community_reputation": 0, "verbose_msg": "Scan finished, information embedded", "ITW_urls": [], "last_seen": "2021-11-03 08:06:25"}