{"vhash": "78eb0dceab4476bd1f66f0e21578ca93", "submission_names": ["NT\u0110 TUNNEL PLUS.apk"], "scan_date": "2021-11-03 08:06:24", "first_seen": "2021-11-03 08:06:24", "total": 63, "additional_info": {"exiftool": {"MIMEType": "application/zip", "ZipRequiredVersion": "0", "ZipCRC": "0xc7d087dc", "FileType": "ZIP", "ZipCompression": "Deflated", "ZipUncompressedSize": "63674", "ZipCompressedSize": "21758", "FileTypeExtension": "zip", "ZipFileName": "META-INF/MANIFEST.MF", "ZipBitFlag": "0", "ZipModifyDate": "2018:09:16 02:25:00"}, "trid": "Android Package (67.5%)\nJava Archive (23.6%)\nZIP compressed archive (7.0%)\nPrintFox/Pagefox bitmap (640x800) (1.7%)", "androguard": {"Activities": ["dai.tunnelvpn.LauncherActivity", "dai.tunnelvpn.SocksHttpMainActivity", "dai.tunnelvpn.activities.ConfigGeralActivity", "dai.tunnelvpn.activities.ConfigImportFileActivity", "dai.tunnelvpn.activities.ConfigExportFileActivity", "dai.tunnelvpn.activities.AboutActivity", "dai.tunnelvpn.ExceptionActivity", "trantien.web.WebActivity", "trantien.update.AppUpdateChecker", "com.trantien.ultrasshservice.LaunchVpn", "com.trantien.ultrasshservice.util.DummyActivity", "com.romzkie.compatstyle.NotImplemented", "com.mcal.dexprotect.utils.ExceptionActivity"], "AndroidVersionCode": "7", "certificate": {"validto": "2118-08-22 18:25:01", "serialnumber": "1", "Issuer": {"DN": "C:8609, CN:Jx Clarynx, L:Caraga, O:zph-mph, ST:Surigao Del Norte, OU:anon.org", "C": "8609", "CN": "Jx Clarynx", "L": "Caraga", "O": "zph-mph", "ST": "Surigao Del Norte", "OU": "anon.org"}, "thumbprint": "7d64f9c253c7ef35a0720f6f8a802bd4b920aa3a", "validfrom": "2018-09-15 18:25:01", "Subject": {"DN": "C:8609, CN:Jx Clarynx, L:Caraga, O:zph-mph, ST:Surigao Del Norte, OU:anon.org", "C": "8609", "CN": "Jx Clarynx", "L": "Caraga", "O": "zph-mph", "ST": "Surigao Del Norte", "OU": "anon.org"}}, "VTAndroidInfo": 2, "AndroidApplication": 1, "Package": "dai.tunnelvpn", "intent-filters": {"Services": {"com.trantien.ultrasshservice.tunnel.vpn.TunnelVpnService": {"action": ["android.net.VpnService"]}}, "Activities": {"com.trantien.ultrasshservice.LaunchVpn": {"action": ["android.intent.action.MAIN"], "category": ["android.intent.category.DEFAULT"]}, "dai.tunnelvpn.activities.ConfigImportFileActivity": {"action": ["android.intent.action.VIEW"], "category": ["android.intent.category.DEFAULT", "android.intent.category.BROWSABLE"]}, "dai.tunnelvpn.LauncherActivity": {"action": ["android.intent.action.MAIN"], "category": ["android.intent.category.LAUNCHER"]}}, "Receivers": {"com.trantien.ultrasshservice.MainReceiver": {"action": [".MainReceiver.ACTION_SERVICE_STOP", ".MainReceiver.ACTION_SERVICE_RESTART"]}}}, "Main Activity": "dai.tunnelvpn.LauncherActivity", "Libraries": ["org.apache.http.legacy"], "AndroidApplicationError": false, "AndroidVersionName": "1.6", "RiskIndicator": {"PERM": {"DANGEROUS": 2, "INTERNET": 1, "INSTANT": 3, "NORMAL": 4}}, "Services": ["com.trantien.ultrasshservice.tunnel.vpn.TunnelVpnService", "com.trantien.ultrasshservice.SocksHttpService", "com.trantien.ultrasshservice.NetSpeedNotification"], "MinSdkVersion": "21", "AndroidApplicationInfo": "APK", "TargetSdkVersion": "28", "Receivers": ["com.trantien.ultrasshservice.MainReceiver"], "AndroguardVersion": "3.4.0a1", "Permissions": {"android.permission.READ_EXTERNAL_STORAGE": ["dangerous", "read the contents of your SD card", "Allows the app to read the contents of your SD card."], "android.permission.POWER_SERVICE": ["normal", "Unknown permission from android reference", "Unknown permission from android reference"], "android.permission.ACCESS_NETWORK_STATE": ["normal|instant", "view network connections", "Allows the app to view\n      information about network connections such as which networks exist and are\n      connected."], "android.permission.WAKE_LOCK": ["normal|instant", "prevent phone from sleeping", "Allows the app to prevent the phone from going to sleep."], "android.permission.ACCESS_WIFI_STATE": ["normal", "view Wi-Fi connections", "Allows the app to view information\n      about Wi-Fi networking, such as whether Wi-Fi is enabled and name of\n      connected Wi-Fi devices."], "android.permission.INTERNET": ["normal|instant", "have full network access", "Allows the app to create\n     network sockets and use custom network protocols. The browser and other\n     applications provide means to send data to the internet, so this\n     permission is not required to send data to the internet."], "android.permission.FOREGROUND_SERVICE": ["normal|instant", "run foreground service", "Allows the app to make use of foreground services."], "android.permission.WRITE_EXTERNAL_STORAGE": ["dangerous", "modify or delete the contents of your SD card", "Allows the app to write to the SD card."]}}, "magic": "Zip archive data", "compressedview": {"highest_datetime": "2018-09-16 02:25:00", "lowest_datetime": "2018-09-16 02:25:00", "num_children": 847, "extensions": {"bin": 25, "dex": 1, "MF": 1, "xml": 316, "RSA": 1, "SF": 1, "so": 16, "ttf": 1, "png": 479}, "file_types": {"DEX": 1, "XML": 316, "unknown": 35, "ELF": 16, "JPG": 10, "PNG": 469}, "type": "APK", "children": [{"datetime": "2018-09-16 02:25:00", "sha256": "a92e1815d27672cc6520c866ba3ddd8b1d0fadd892b5da603bc5ff03cf1d0602", "type": "unknown", "filename": "META-INF/MANIFEST.MF", "size": 63674}, {"datetime": "2018-09-16 02:25:00", "sha256": "40bbcae006d0f7e65912e3bef768bbcad023b5f254dff7ed6fc60eab98c66031", "type": "unknown", "filename": "META-INF/APKPROTECT.SF", "size": 63752}, {"datetime": "2018-09-16 02:25:00", "sha256": "e81989d1b92878e1ad8a4343c3b8087498d76d045954dd8d8b37932a13a69b88", "type": "unknown", "filename": "META-INF/APKPROTECT.RSA", "size": 963}, {"datetime": "2018-09-16 02:25:00", "sha256": "da4ee310b5e94c380cf0f50ee2dc8c1d9a18e7d953771aa8268f95762c48ff2f", "type": "XML", "filename": "AndroidManifest.xml", "size": 9980}, {"detection_ratio": [0, 74], "datetime": "2018-09-16 02:25:00", "filename": "assets/AGRADECIMENTOS", "sha256": "398a4c66f2679c22e6be8c4959956ec8a7cffe8438d50a24f1fd04afc4512f21", "type": "unknown", "size": 62}, {"detection_ratio": [0, 74], "datetime": "2018-09-16 02:25:00", "filename": "assets/LICENSE", "sha256": "1b544170ee99e09225fcc39f37a8376a2f0e7f657f4383a63cc20704dfeceb8b", "type": "unknown", "size": 10707}, {"detection_ratio": [0, 74], "datetime": "2018-09-16 02:25:00", "filename": "assets/PRIVACY", "sha256": "8320f1aac9cf0aeddcaf02d2c2025c8f96995c12ff7e9bb34221de9ebf5bca48", "type": "unknown", "size": 7122}, {"datetime": "2018-09-16 02:25:00", "sha256": "6352a13e94c83b91675f155f2bff07b930f0559f70a23b3ff455d22e721d31c8", "type": "unknown", "filename": "assets/ap.others/apkprotect.bin", "size": 36}, {"datetime": "2018-09-16 02:25:00", "sha256": "397d6d0d51a1a3d67aabac1a71541aa96859b80bc2126f237613c75bc7371223", "type": "XML", "filename": "assets/ap.res/a/a.xml", "size": 996}, {"datetime": "2018-09-16 02:25:00", "sha256": "45665603fa2ff335400a4a88718a3368a4881c0e591613dae487ea7d63a776ff", "type": "XML", "filename": "assets/ap.res/a/cm.xml", "size": 1632}, {"datetime": "2018-09-16 02:25:00", "sha256": "e8b8308ec056f27abd3cee10065d0d4368b95b915ffc94c8b1c1d9f245e6911b", "type": "XML", "filename": "assets/ap.res/a/cn.xml", "size": 4104}, {"datetime": "2018-09-16 02:25:00", "sha256": "b852328dfe20109ab8cdedbf5f63a0bd5df4d9e75bcae5b02a1635154340521e", "type": "XML", "filename": "assets/ap.res/a/co.xml", "size": 1528}, {"datetime": "2018-09-16 02:25:00", "sha256": "206c59b104a7b9ca790b8006637bba17517bf689f6378b965d6b6ddf02b44f5d", "type": "XML", "filename": "assets/ap.res/a/cp.xml", "size": 864}, {"detection_ratio": [0, 69], "datetime": "2018-09-16 02:25:00", "filename": "assets/ap.res/a/cq.xml", "sha256": "9b120fa0d01840b27c6b5caf2fd418f3f32fd4fd57553a0857ce8381b55d2f79", "type": "XML", "size": 508}, {"datetime": "2018-09-16 02:25:00", "sha256": "b2ed5e7faf1e19253e0f19e154531b24da93e8a6811e40e82682a35356e5a11d", "type": "XML", "filename": "assets/ap.res/a/cs.xml", "size": 1476}, {"datetime": "2018-09-16 02:25:00", "sha256": "8cf846f8157918c11e7d636910105ab33343d303954af452d562344307821de6", "type": "XML", "filename": "assets/ap.res/a/ct.xml", "size": 1832}, {"datetime": "2018-09-16 02:25:00", "sha256": "3a3044ff3c6d57b33917be8f869a481228bf6938e292d51d7642f1a787b5766e", "type": "XML", "filename": "assets/ap.res/a/cu.xml", "size": 744}, {"detection_ratio": [0, 75], "datetime": "2018-09-16 02:25:00", "filename": "assets/ap.res/a/cv.xml", "sha256": "84498009e91c9f62258d716a053507746ee4acfd2e0e746f84d3a2e78f81c7e1", "type": "XML", "size": 872}, {"datetime": "2018-09-16 02:25:00", "sha256": "55bb846753a5d95b7536377a477df1bc1f1753371c8f52913fe49e363db63a67", "type": "XML", "filename": "assets/ap.res/a/cw.xml", "size": 872}, {"detection_ratio": [0, 71], "datetime": "2018-09-16 02:25:00", "filename": "assets/ap.res/a/cx.xml", "sha256": "b5a99a777d6394aa00e84cb91f4aa3089e63b5925d596f379357117dee8d59cb", "type": "XML", "size": 648}, {"datetime": "2018-09-16 02:25:00", "sha256": "14e1a311162988c06a2d01dd6e5a177f2b51c2460c53bf6337b86982de5a4f0f", "type": "XML", "filename": "assets/ap.res/a/cy.xml", "size": 508}, {"datetime": "2018-09-16 02:25:00", "sha256": "89ff6c5e65d7d72a785132ba9c2b6773b75eea61c373073b07912789d1e64df5", "type": "XML", "filename": "assets/ap.res/a/cz.xml", "size": 2644}, {"detection_ratio": [0, 70], "datetime": "2018-09-16 02:25:00", "filename": "assets/ap.res/a/da.xml", "sha256": "f4b61c7368d22b5249d48e2b8606a7a3806e3ef456efc4b2258ea9f8c1c4d452", "type": "XML", "size": 480}, {"datetime": "2018-09-16 02:25:00", "sha256": "cb0aedfb4c16de4e96c4b0f8cf1b543c0846495e10ed264b35842ad123c85907", "type": "XML", "filename": "assets/ap.res/a/db.xml", "size": 588}, {"detection_ratio": [0, 70], "datetime": "2018-09-16 02:25:00", "filename": "assets/ap.res/a/dc.xml", "sha256": "a87637c4ed0ab067b4676d56487913dce39404368d02fe922301b87fcc06d8c3", "type": "XML", "size": 820}, {"detection_ratio": [0, 70], "datetime": "2018-09-16 02:25:00", "filename": "assets/ap.res/a/dd.xml", "sha256": "52eadc64470c110fb2f3e57fa3f7a10088eecd3165f39fd19bc302db55f9658f", "type": "XML", "size": 1552}, {"datetime": "2018-09-16 02:25:00", "sha256": "e10cb8c1054baee31799f50ca1a9a2e0bc51ac4a5660ceae97a4960041a79208", "type": "XML", "filename": "assets/ap.res/a/df.xml", "size": 2208}, {"detection_ratio": [0, 70], "datetime": "2018-09-16 02:25:00", "filename": "assets/ap.res/a/dg.xml", "sha256": "18b954e284c1bee73b7fc873b93d55ef7bf14d7c23844d6450a1ebf56bd7fe77", "type": "XML", "size": 1084}, {"detection_ratio": [0, 69], "datetime": "2018-09-16 02:25:00", "filename": "assets/ap.res/a/dh.xml", "sha256": "fdcb151543ae303bd99121781a5c757de11ef6ebe9778e16abee7f6bae097b76", "type": "XML", "size": 436}, {"datetime": "2018-09-16 02:25:00", "sha256": "14aff7a986920de659640ed8d347bb8af21d0b20837058f065f8a1898ea9c35e", "type": "XML", "filename": "assets/ap.res/a/dj.xml", "size": 2032}, {"datetime": "2018-09-16 02:25:00", "sha256": "03da69af6b830eb00f5a9e168effc3d801c76595701ca1f808c4d72f7c3f9912", "type": "XML", "filename": "assets/ap.res/a/dk.xml", "size": 1396}, {"datetime": "2018-09-16 02:25:00", "sha256": "f9f8be301b9bb91d2c3120cb0a4d709413d63b8f72acf1492a1329e2979a5a87", "type": "XML", "filename": "assets/ap.res/a/dl.xml", "size": 1356}, {"datetime": "2018-09-16 02:25:00", "sha256": "7bb868a522e803eb24a6e56168feb8454c0535a3397e691aaafb9adba6b97ccf", "type": "XML", "filename": "assets/ap.res/a/dm.xml", "size": 5844}, {"datetime": "2018-09-16 02:25:00", "sha256": "206088f6693416963168faabf736137a575ad7cde96d5633ad513700a67e1bfe", "type": "XML", "filename": "assets/ap.res/a/dn.xml", "size": 448}, {"datetime": "2018-09-16 02:25:00", "sha256": "6b5a279fd70f8a1a83d4cc5d525a6623c5aacd4e7a947c480f16576689e08b05", "type": "XML", "filename": "assets/ap.res/a/do.xml", "size": 448}, {"datetime": "2018-09-16 02:25:00", "sha256": "d2105f5d122bec7059e5be96ca1499aaa819b8d328ab2d408d627d59510106b2", "type": "XML", "filename": "assets/ap.res/a/dp.xml", "size": 2856}, {"datetime": "2018-09-16 02:25:00", "sha256": "391701c0d450b6102e1f6ab58cacb42998c74d0eb1fe488b14e3f72e97f3b028", "type": "XML", "filename": "assets/ap.res/a/dq.xml", "size": 1440}, {"datetime": "2018-09-16 02:25:00", "sha256": "a1fe160a060e69164ae53e387e8522caf1d72178d6b28357d6b6fc8b9c6075f9", "type": "XML", "filename": "assets/ap.res/a/dr.xml", "size": 2880}, {"datetime": "2018-09-16 02:25:00", "sha256": "9dfa56bd2428666dba7b6797b66e5ff41928952f9a0a5517c4f7f6e3f1da0758", "type": "XML", "filename": "assets/ap.res/a/dt.xml", "size": 400}, {"datetime": "2018-09-16 02:25:00", "sha256": "5befa77b323862ec1ec1636ffc7b2bdd79c9505f2b87acaffcab0d618797661d", "type": "XML", "filename": "assets/ap.res/a/dz.xml", "size": 2184}, {"datetime": "2018-09-16 02:25:00", "sha256": "344c865d2e3331496aa91f86f0a1f9650b0b8c290eafd4a3e1a9b27eef47e8f8", "type": "XML", "filename": "assets/ap.res/a/eh.xml", "size": 1448}, {"datetime": "2018-09-16 02:25:00", "sha256": "54d4e6df338b4d620d010f3391f3a4d4a46652644c1a639bcb01f438fef4ae46", "type": "XML", "filename": "assets/ap.res/a/ej.xml", "size": 1272}, {"datetime": "2018-09-16 02:25:00", "sha256": "81fb530518675e112fde920c54926812f12463a715003971051c112e6aadfd5d", "type": "XML", "filename": "assets/ap.res/a/ek.xml", "size": 1340}, {"datetime": "2018-09-16 02:25:00", "sha256": "d39b616f658ac244339333887b98e347f3577f0cdb4c962f86d183ca247c8f40", "type": "XML", "filename": "assets/ap.res/a/el.xml", "size": 1748}, {"datetime": "2018-09-16 02:25:00", "sha256": "7f23861a47f3e3673fa6c79aeea524db0ce746fb0d385fee6b47f610d01c293e", "type": "XML", "filename": "assets/ap.res/a/em.xml", "size": 1244}, {"detection_ratio": [0, 75], "datetime": "2018-09-16 02:25:00", "filename": "assets/ap.res/a/en.xml", "sha256": "15e706ad0c1e93f5499fce68784fe4cc7995f817a996bfd9ff8081ad48ba1e48", "type": "XML", "size": 608}, {"datetime": "2018-09-16 02:25:00", "sha256": "bd06abd37ef201775d824ce24abcad664f71e7b495c6c7ff1a19d197b88fea7d", "type": "XML", "filename": "assets/ap.res/a/eo.xml", "size": 444}, {"datetime": "2018-09-16 02:25:00", "sha256": "ae8a611165e511c11f59aca1f8bc733a0a84b83ff2233e63fb1ed49a15329980", "type": "XML", "filename": "assets/ap.res/a/ep.xml", "size": 1472}, {"datetime": "2018-09-16 02:25:00", "sha256": "e39e62a02e6d75a154771a38c79c8b27c3035807be1b3b31fba41cc416832883", "type": "XML", "filename": "assets/ap.res/a/eq.xml", "size": 3764}, {"datetime": "2018-09-16 02:25:00", "sha256": "988803419d8aa9f60d33244dd168ea3d625e754191660623b6adc9842c62d770", "type": "XML", "filename": "assets/ap.res/a/er.xml", "size": 696}, {"datetime": "2018-09-16 02:25:00", "sha256": "6122264ca51d7c2e3620341009c378ef8ed462541057eba00cc4473aacff012d", "type": "XML", "filename": "assets/ap.res/a/es.xml", "size": 1472}, {"datetime": "2018-09-16 02:25:00", "sha256": "f6aefee2359f4d5a2992e1bbfb6df2a733a0a16f529440aba3aeb20101c987c0", "type": "XML", "filename": "assets/ap.res/a/ev.xml", "size": 564}, {"datetime": "2018-09-16 02:25:00", "sha256": "5219ca18b24c5d817ec44b576ace3da91beb25bc5e43c9e550aec14c2938c65e", "type": "XML", "filename": "assets/ap.res/a/ew.xml", "size": 864}, {"datetime": "2018-09-16 02:25:00", "sha256": "c8ca67f73c3c27922a9fe6e132282b13e9d358e702af76cf19a0ad468f09ab16", "type": "XML", "filename": "assets/ap.res/a/ex.xml", "size": 528}, {"datetime": "2018-09-16 02:25:00", "sha256": "e681162f1383c615f5e35cd4c9ba5c84ff84d34fad6258ca8f2ecddc7aaffe5d", "type": "XML", "filename": "assets/ap.res/a/ey.xml", "size": 572}, {"detection_ratio": [0, 75], "datetime": "2018-09-16 02:25:00", "filename": "assets/ap.res/a/ez.xml", "sha256": "9d8964aab5276a920c35c5e30c3e1d9581a99bff32e4752b38b855e85b558ba3", "type": "XML", "size": 480}, {"datetime": "2018-09-16 02:25:00", "sha256": "8af8870ebecc2ddbc2c84b031ecb33010ebe2562edb2725cf279ffd41712dde1", "type": "XML", "filename": "assets/ap.res/a/fa.xml", "size": 448}, {"detection_ratio": [0, 76], "datetime": "2018-09-16 02:25:00", "filename": "assets/ap.res/a/fb.xml", "sha256": "e9b1a0de0ab1cc8808fe25d9adf930a460134bc562664056dd0fb089d3843a1b", "type": "XML", "size": 536}, {"detection_ratio": [0, 68], "datetime": "2018-09-16 02:25:00", "filename": "assets/ap.res/a/fc.xml", "sha256": "88549beb6a4716940f90cea47e51c74f65952f451f9e051edbf25a64be92571c", "type": "XML", "size": 328}, {"detection_ratio": [0, 75], "datetime": "2018-09-16 02:25:00", "filename": "assets/ap.res/a/ff.xml", "sha256": "4fa0b767afcbf2448b210428d215d8c6e6142a660d0bd6c1b4195370760648b7", "type": "XML", "size": 444}, {"detection_ratio": [0, 75], "datetime": "2018-09-16 02:25:00", "filename": "assets/ap.res/a/fg.xml", "sha256": "877efa6eb3c5133990ac2685da833421192188b6705709716f8700513a3d7f11", "type": "XML", "size": 368}, {"datetime": "2018-09-16 02:25:00", "sha256": "79fe6a07c127a9d8fba55671cff5ea9993899b5250640acfd2037d35716340c0", "type": "XML", "filename": "assets/ap.res/a/fh.xml", "size": 1480}, {"datetime": "2018-09-16 02:25:00", "sha256": "2eca53e00603d92a37c31c809c671174457b04e3d8fe921cea35e4acd57acfd4", "type": "XML", "filename": "assets/ap.res/a/fi.xml", "size": 564}, {"datetime": "2018-09-16 02:25:00", "sha256": "aa4c1d08bb03b9f93d2a549c564f2763378147843c10a799085e63d3e8766d06", "type": "XML", "filename": "assets/ap.res/a/fj.xml", "size": 1256}, {"datetime": "2018-09-16 02:25:00", "sha256": "4e21a9d2c4447505cb0511237ddeb2de1eb132ba009ec1367613f066aaad4928", "type": "XML", "filename": "assets/ap.res/a/fk.xml", "size": 1360}, {"datetime": "2018-09-16 02:25:00", "sha256": "c0998ec0697bb4c0e030c93523122fb6c446d9728a719a9093453c07b5b46544", "type": "XML", "filename": "assets/ap.res/a/fl.xml", "size": 1476}, {"datetime": "2018-09-16 02:25:00", "sha256": "801d112ebfa76d164f697014a14867ca5b5e5cee4d93838a03641cf3e0b4636c", "type": "XML", "filename": "assets/ap.res/a/fm.xml", "size": 880}, {"datetime": "2018-09-16 02:25:00", "sha256": "d8473907e877e1903858ddd4b77fe8c1f958fbd02d45df7736a8af64fedf2b78", "type": "XML", "filename": "assets/ap.res/a/fq.xml", "size": 608}, {"datetime": "2018-09-16 02:25:00", "sha256": "4dc84a37b650860d9100d330640229b93014f4460c08851fb9721c8a62a88851", "type": "XML", "filename": "assets/ap.res/a/fr.xml", "size": 1476}, {"datetime": "2018-09-16 02:25:00", "sha256": "0196b92ce6262eb9797bfd4f6c3ee4d20e8039b25022e951921ccf450857f3dc", "type": "XML", "filename": "assets/ap.res/a/fs.xml", "size": 4396}, {"datetime": "2018-09-16 02:25:00", "sha256": "d8f238798d805fdd1ee14b245ff4a2d049102d2626b31f4ee56ecd68c8028ec9", "type": "XML", "filename": "assets/ap.res/a/fu.xml", "size": 748}, {"datetime": "2018-09-16 02:25:00", "sha256": "56b18d263066c699d91600db8f998416b3d6fbcc06b5a5576eaa5dad68f4c457", "type": "XML", "filename": "assets/ap.res/a/fv.xml", "size": 1512}, {"datetime": "2018-09-16 02:25:00", "sha256": "15a5af1ee1b44cc46b6d0d50942ee74906c2ced19a5ab4acc1807ade819e06f0", "type": "XML", "filename": "assets/ap.res/a/fw.xml", "size": 3580}, {"datetime": "2018-09-16 02:25:00", "sha256": "f5fe1a11fcb921916393a77e677124544d0b66b3be715e2f564f5f43059183ed", "type": "XML", "filename": "assets/ap.res/a/fy.xml", "size": 9068}, {"datetime": "2018-09-16 02:25:00", "sha256": "97eaf1d566b9af14445fdbbfb43c89f945e4ad3a24289ad49dda5d668a94059a", "type": "XML", "filename": "assets/ap.res/a/fz.xml", "size": 852}, {"datetime": "2018-09-16 02:25:00", "sha256": "62fdff2d3b044447615ae0b1313c6818f369982043c7387ae486a81cb0619920", "type": "XML", "filename": "assets/ap.res/a/ga.xml", "size": 7308}, {"datetime": "2018-09-16 02:25:00", "sha256": "5040328d0426a5311f365c87fbc49e9fe26d42345388fb437396a7ebea2bb996", "type": "XML", "filename": "assets/ap.res/a/gb.xml", "size": 764}, {"datetime": "2018-09-16 02:25:00", "sha256": "700c81893028b349f0405c978d68630f534a785d4f61a9c32327b6b9940ca578", "type": "XML", "filename": "assets/ap.res/a/gc.xml", "size": 4064}, {"datetime": "2018-09-16 02:25:00", "sha256": "358a982c2739c2773e28d9008e4c501a13ef09ccbefd8942634c8c4a2b0edaf1", "type": "XML", "filename": "assets/ap.res/a/gd.xml", "size": 776}, {"datetime": "2018-09-16 02:25:00", "sha256": "b777bab3b2ff3ea5251546b43266aad0ed3977082748bd8bf5372b40ac00914a", "type": "XML", "filename": "assets/ap.res/a/ge.xml", "size": 6632}, {"datetime": "2018-09-16 02:25:00", "sha256": "86329610979a6d293a6f94dee2b919c8b21901a2e3c499628ad8eb1fffe503c4", "type": "XML", "filename": "assets/ap.res/a/gf.xml", "size": 1020}, {"datetime": "2018-09-16 02:25:00", "sha256": "b02165fc57f54d6262038d6d7c6a718ee693a9aab06a674b20b5317d53173ee5", "type": "XML", "filename": "assets/ap.res/a/gg.xml", "size": 3568}, {"datetime": "2018-09-16 02:25:00", "sha256": "9990091be9a324928e6ef33d6efb3389775c965e98a3033f4920d9aee51b71c3", "type": "XML", "filename": "assets/ap.res/a/gh.xml", "size": 2204}, {"datetime": "2018-09-16 02:25:00", "sha256": "8ecdc8efee4a6e3510a06914096a6c674526cfd5b13ba778dbfa2964ff730dbb", "type": "XML", "filename": "assets/ap.res/a/gi.xml", "size": 1632}, {"detection_ratio": [0, 75], "datetime": "2018-09-16 02:25:00", "filename": "assets/ap.res/a/gj.xml", "sha256": "c5ff2ef4d1e84dc95e00b873a7ab937aab6d5a79b6fa6be9591be0b3389d403a", "type": "XML", "size": 828}, {"detection_ratio": [0, 68], "datetime": "2018-09-16 02:25:00", "filename": "assets/ap.res/a/gk.xml", "sha256": "17074a998617aabb107d72f4600500e5bdaf4e14b6074cd4d611af63b3ffb34b", "type": "XML", "size": 872}, {"detection_ratio": [0, 66], "datetime": "2018-09-16 02:25:00", "filename": "assets/ap.res/a/gl.xml", "sha256": "10e1957115296ba682ec57a48f9efa92a03ca60609af3eb4b7c47a04b5b85745", "type": "XML", "size": 556}, {"datetime": "2018-09-16 02:25:00", "sha256": "60fdd03ac4d58351cb23ccbc1d624ebbc8b2b295ce5fdedc1af4f6a0b5a503b3", "type": "XML", "filename": "assets/ap.res/a/gp.xml", "size": 1884}, {"detection_ratio": [0, 72], "datetime": "2018-09-16 02:25:00", "filename": "assets/ap.res/a/gq.xml", "sha256": "789fb9ad08c374f6ed309585e6a97a6b9938f64e70a45f7f1baf4552aeced7b9", "type": "XML", "size": 856}, {"detection_ratio": [0, 57], "datetime": "2018-09-16 02:25:00", "filename": "assets/ap.res/a/gr.xml", "sha256": "35368251a851dbf0a825aa353cc087c4fd5aeb0e11c16c732c515a9fac0b2764", "type": "XML", "size": 536}, {"datetime": "2018-09-16 02:25:00", "sha256": "045a519fc765b33ee439169b34e774f7f7fe638ff8f679f45b5fa7e6556c973a", "type": "XML", "filename": "assets/ap.res/a/gs.xml", "size": 1404}, {"detection_ratio": [0, 57], "datetime": "2018-09-16 02:25:00", "filename": "assets/ap.res/a/gt.xml", "sha256": "e5706152abc16b8e489f1fcebdedea3da76fbdbe62ced76ce9dd0652c7d6595a", "type": "XML", "size": 688}, {"detection_ratio": [0, 71], "datetime": "2018-09-16 02:25:00", "filename": "assets/ap.res/a/gu.xml", "sha256": "02e2175895e79c9f34411107f1ce2bdf25151d4e19b06da8d90e14799613b8fe", "type": "XML", "size": 536}, {"datetime": "2018-09-16 02:25:00", "sha256": "9712e78859acd05e2fde39a9beab18ddaf3e01a64df13bbd86594599f49cf365", "type": "XML", "filename": "assets/ap.res/a/gv.xml", "size": 396}, {"datetime": "2018-09-16 02:25:00", "sha256": "7d445e666af03fa7ce87c0d53fba2dffadaa83997cf314fde8a119481909340a", "type": "XML", "filename": "assets/ap.res/a/gw.xml", "size": 1156}, {"datetime": "2018-09-16 02:25:00", "sha256": "c81663f46634e8ad245211656071c5e0ec281fb2ba094403fe92d17bedf40161", "type": "XML", "filename": "assets/ap.res/a/gx.xml", "size": 1572}, {"datetime": "2018-09-16 02:25:00", "sha256": "605ee86dd408af4d80966a57d3d4a0a97c04175bb72eefee70a9e9435fff8b83", "type": "XML", "filename": "assets/ap.res/a/gy.xml", "size": 2640}, {"datetime": "2018-09-16 02:25:00", "sha256": "6f8d0e739923d886ba0c76ae7145b4739f4a5364002158989d768e5af66fde6c", "type": "XML", "filename": "assets/ap.res/a/hc.xml", "size": 1704}, {"datetime": "2018-09-16 02:25:00", "sha256": "f99f040da06bbf0c324ca96ec9f743350bb878ebc97c27e6583135c672b32882", "type": "XML", "filename": "assets/ap.res/a/hd.xml", "size": 1272}, {"datetime": "2018-09-16 02:25:00", "sha256": "535a909ad05b7966c3cdf4191b8a8724c561b13f9a1aff088f6d6de53a4951e0", "type": "XML", "filename": "assets/ap.res/a/he.xml", "size": 1728}], "uncompressed_size": 10449103}}, "size": 8728803, "authentihash": null, "times_submitted": 1, "harmless_votes": 0, "malicious_votes": 0, "sha256": "7efb8ea617c6e7b1d8da8ee7365c0ec2c17cad314bf08a50a5102a2d878864ed", "type": "Android", "scans": {"Bkav": {"detected": false, "version": "1.3.0.9899", "result": null, "update": "20211102"}, "Lionic": {"detected": false, "version": "4.2", "result": null, "update": "20211103"}, "Elastic": {"detected": false, "version": "4.0.29", "result": null, "update": "20211005"}, "Cynet": {"detected": true, "version": "4.0.0.27", "result": "Malicious (score: 99)", "update": "20211103"}, "CMC": {"detected": false, "version": "2.10.2019.1", "result": null, "update": "20211026"}, "CAT-QuickHeal": {"detected": true, "version": "14.00", "result": "Android.Boogr.GEN34541", "update": "20211103"}, "McAfee": {"detected": true, "version": "6.0.6.653", "result": "Artemis!B3697A6E8FC4", "update": "20211103"}, "ALYac": {"detected": false, "version": "1.1.3.1", "result": null, "update": "20211103"}, "Malwarebytes": {"detected": false, "version": "4.2.2.27", "result": null, "update": "20211103"}, "VIPRE": {"detected": false, "version": "96678", "result": null, "update": "20211103"}, "Sangfor": {"detected": false, "version": "2.9.0.0", "result": null, "update": "20210930"}, "K7AntiVirus": {"detected": false, "version": "11.225.39131", "result": null, "update": "20211103"}, "Alibaba": {"detected": false, "version": "0.3.0.5", "result": null, "update": "20190527"}, "K7GW": {"detected": true, "version": "11.225.39131", "result": "Trojan ( 005654f01 )", "update": "20211103"}, "Trustlook": {"detected": false, "version": "1.0", "result": null, "update": "20211103"}, "Arcabit": {"detected": false, "version": "1.0.0.886", "result": null, "update": "20211103"}, "Baidu": {"detected": false, "version": "1.0.0.2", "result": null, "update": "20190318"}, "Cyren": {"detected": true, "version": "6.3.0.2", "result": "AndroidOS/Trojan.WPTG-8", "update": "20211103"}, "SymantecMobileInsight": {"detected": false, "version": "2.0", "result": null, "update": "20210126"}, "Symantec": {"detected": false, "version": "1.16.0.0", "result": null, "update": "20211103"}, "ESET-NOD32": {"detected": true, "version": "24229", "result": "a variant of Android/TrojanDropper.Agent.EVT", "update": "20211103"}, "TrendMicro-HouseCall": {"detected": false, "version": "10.0.0.1040", "result": null, "update": "20211101"}, "Avast": {"detected": false, "version": "21.1.5827.0", "result": null, "update": "20211103"}, "ClamAV": {"detected": false, "version": "0.104.0.0", "result": null, "update": "20211102"}, "Kaspersky": {"detected": false, "version": "21.0.1.45", "result": null, "update": "20211103"}, "BitDefender": {"detected": false, "version": "7.2", "result": null, "update": "20211103"}, "NANO-Antivirus": {"detected": true, "version": "1.0.146.25370", "result": "Trojan.Android.ApkProtector.houozg", "update": "20211103"}, "SUPERAntiSpyware": {"detected": false, "version": "5.6.0.1032", "result": null, "update": "20211030"}, "MicroWorld-eScan": {"detected": false, "version": "14.0.409.0", "result": null, "update": "20211103"}, "Rising": {"detected": false, "version": "25.0.0.26", "result": null, "update": "20211103"}, "Ad-Aware": {"detected": false, "version": "3.0.21.193", "result": null, "update": "20211103"}, "Emsisoft": {"detected": false, "version": "2021.5.0.7597", "result": null, "update": "20211103"}, "Comodo": {"detected": false, "version": "34044", "result": null, "update": "20211102"}, "F-Secure": {"detected": false, "version": "12.0.86.52", "result": null, "update": "20211103"}, "DrWeb": {"detected": true, "version": "7.0.52.8270", "result": "Tool.ApkProtector.3.origin", "update": "20211103"}, "Zillya": {"detected": true, "version": "2.0.0.4487", "result": "Dropper.Agent.Android.187062", "update": "20211102"}, "TrendMicro": {"detected": false, "version": "11.0.0.1006", "result": null, "update": "20211103"}, "McAfee-GW-Edition": {"detected": false, "version": "v2019.1.2+3728", "result": null, "update": "20211102"}, "FireEye": {"detected": false, "version": "32.44.1.0", "result": null, "update": "20211103"}, "Sophos": {"detected": false, "version": "1.4.1.0", "result": null, "update": "20211103"}, "Ikarus": {"detected": true, "version": "0.1.5.2", "result": "Trojan-Dropper.AndroidOS.Agent", "update": "20211102"}, "Avast-Mobile": {"detected": true, "version": "211102-00", "result": "Android:Evo-gen [Trj]", "update": "20211102"}, "Jiangmin": {"detected": false, "version": "16.0.100", "result": null, "update": "20211102"}, "Avira": {"detected": true, "version": "8.3.3.12", "result": "ANDROID/Dropper.FIMO.Gen", "update": "20211103"}, "Antiy-AVL": {"detected": true, "version": "3.0.0.1", "result": "Trojan/Generic.ASMalwAD.2D", "update": "20211103"}, "Kingsoft": {"detected": false, "version": "2017.9.26.565", "result": null, "update": "20211103"}, "Gridinsoft": {"detected": false, "version": "1.0.60.158", "result": null, "update": "20211103"}, "Microsoft": {"detected": true, "version": "1.1.18700.4", "result": "Trojan:Script/Wacatac.B!ml", "update": "20211103"}, "ViRobot": {"detected": false, "version": "2014.3.20.0", "result": null, "update": "20211103"}, "ZoneAlarm": {"detected": false, "version": "1.0", "result": null, "update": "20211102"}, "GData": {"detected": false, "version": "A:25.31229B:27.25015", "result": null, "update": "20211103"}, "BitDefenderFalx": {"detected": false, "version": "2.0.936", "result": null, "update": "20210610"}, "AhnLab-V3": {"detected": true, "version": "3.21.1.10219", "result": "Spyware/Android.Agent.1001320", "update": "20211103"}, "BitDefenderTheta": {"detected": false, "version": "7.2.37796.0", "result": null, "update": "20211021"}, "TACHYON": {"detected": false, "version": "2021-11-03.02", "result": null, "update": "20211103"}, "VBA32": {"detected": false, "version": "5.0.0", "result": null, "update": "20211102"}, "Zoner": {"detected": false, "version": "0.0.0.0", "result": null, "update": "20211102"}, "Tencent": {"detected": false, "version": "1.0.0.1", "result": null, "update": "20211103"}, "Yandex": {"detected": false, "version": "5.5.2.24", "result": null, "update": "20211103"}, "MAX": {"detected": false, "version": "2019.9.16.1", "result": null, "update": "20211103"}, "MaxSecure": {"detected": false, "version": "1.0.0.1", "result": null, "update": "20211102"}, "Fortinet": {"detected": true, "version": "6.2.142.0", "result": "Android/Agent.EVT!tr", "update": "20211103"}, "Panda": {"detected": false, "version": "4.6.4.2", "result": null, "update": "20211102"}}, "tags": ["apk", "android", "contains-elf"], "scan_id": "7efb8ea617c6e7b1d8da8ee7365c0ec2c17cad314bf08a50a5102a2d878864ed-1635926784", "unique_sources": 1, "positives": 16, "ssdeep": "196608:zJnTVRplIIZNl4eEjtSh1V1SG4XeIuvrTnTszGj+0SQKm9V:NTXb1WAbXQMv/TszGj+91m9V", "md5": "5bcd712b5e6d24f4a71169d5c3cfad79", "permalink": "https://www.virustotal.com/gui/file/7efb8ea617c6e7b1d8da8ee7365c0ec2c17cad314bf08a50a5102a2d878864ed/detection/f-7efb8ea617c6e7b1d8da8ee7365c0ec2c17cad314bf08a50a5102a2d878864ed-1635926784", "sha1": "c8dc47c9971cbb802baf8fbc925b79e2a4b66eb0", "submission": {"submitter_region": "?", "date": "2021-11-03 08:06:24", "submitter_country": "SG", "filename": "NT\u0110 TUNNEL PLUS.apk"}, "response_code": 1, "community_reputation": 0, "verbose_msg": "Scan finished, information embedded", "ITW_urls": [], "last_seen": "2021-11-03 08:06:24"}