{"vhash": "49055e6bfffd4474e05e48aaaafb750c", "submission_names": ["GLOBAL\ud83e\udd76.apk"], "scan_date": "2021-11-03 08:30:37", "first_seen": "2021-11-03 08:30:37", "total": 61, "additional_info": {"exiftool": {"MIMEType": "application/zip", "ZipRequiredVersion": "20", "ZipCRC": "0x5e0a6836", "FileType": "ZIP", "ZipCompression": "Deflated", "ZipUncompressedSize": "53076", "ZipCompressedSize": "11780", "FileTypeExtension": "zip", "ZipFileName": "AndroidManifest.xml", "ZipBitFlag": "0x0808", "ZipModifyDate": "2021:11:02 09:37:00"}, "trid": "Android Package (57.0%)\nJava Archive (20.0%)\nSweet Home 3D design (generic) (15.5%)\nZIP compressed archive (5.9%)\nPrintFox/Pagefox bitmap (640x800) (1.4%)", "androguard": {"Activities": ["com.epicgames.ue4.SplashActivity", "com.epicgames.ue4.GameActivity", "com.tencent.ig.DownloaderActivity", "com.google.android.gms.ads.AdActivity", "com.helpshift.support.activities.ParentActivity", "com.tencent.imsdk.android.base.IMSDKProxyActivity", "com.facebook.FacebookActivity", "com.tencent.imsdk.android.agent.wechat.WeChatAgentActivity", "com.vk.sdk.VKServiceActivity", "com.tencent.imsdk.android.webview.qq.WebViewWithFavActivity", "com.tencent.connect.common.AssistActivity", "com.tencent.tauth.AuthActivity", "com.tencent.imsdk.android.login.webverify.WebVerifyActivity", "com.tencent.imsdk.android.discord.DiscordActivity", "com.android.billingclient.api.ProxyBillingActivity", "com.tencent.midas.oversea.business.APMallActivity", "com.tencent.midas.oversea.business.pay.APMidasProxyActivity", "com.subao.androidapi.GameMasterActivity", "com.google.android.gms.auth.api.signin.internal.SignInHubActivity", "com.tencent.grobot.lite.GRobotProcessActivity", "com.tencent.grobot.lite.GRobotIsolateActivity", "com.tencent.grobot.lite.ui.container.BridgeActivity", "com.sirius.flutter.im.SNSFlutterActivity", "com.yalantis.ucrop.UCropActivity", "com.pichillilorenzo.flutter_inappwebview.InAppBrowser.InAppBrowserActivity", "com.pichillilorenzo.flutter_inappwebview.ChromeCustomTabs.ChromeCustomTabsActivity", "com.google.android.gms.common.api.GoogleApiActivity", "com.helpshift.support.HSReview", "com.facebook.CustomTabMainActivity", "com.facebook.CustomTabActivity", "com.twitter.sdk.android.tweetcomposer.ComposerActivity", "com.twitter.sdk.android.core.identity.OAuthActivity", "io.flutter.plugins.urllauncher.WebViewActivity", "com.google.android.play.core.missingsplits.PlayCoreMissingSplitsActivity", "com.google.android.play.core.common.PlayCoreDialogWrapperActivity", "com.tencent.qcloud.logutils.LogActivity"], "AndroidVersionCode": "15522", "certificate": {"validto": "2044-12-12 07:36:02", "serialnumber": "10c54f92", "Issuer": {"DN": "CN:fly", "CN": "fly"}, "thumbprint": "a7e75010b3709d54d52cce914af06946744f5f67", "validfrom": "2019-12-19 07:36:02", "Subject": {"DN": "CN:fly", "CN": "fly"}}, "VTAndroidInfo": 2, "AndroidApplication": 1, "Package": "com.tencent.ig", "intent-filters": {"Services": {"com.tenecnt.quantum.IGFirebaseInstanceIDService": {"action": ["com.google.firebase.INSTANCE_ID_EVENT"]}, "com.sirius.flutter.im.MeemoBGService": {"action": ["query_live_status", "show_danmu_toggle", "sns.action.CLOSE_PIP"]}, "com.sirius.meemo.pigeon.server.RemoteService": {"action": ["com.sirius.meemo.pigeon.communitor"]}, "com.shieldtunnel.svpn.XYVpnService": {"action": ["android.net.VpnService"]}, "com.google.firebase.iid.FirebaseInstanceIdService": {"action": ["com.google.firebase.INSTANCE_ID_EVENT"]}, "com.google.firebase.messaging.FirebaseMessagingService": {"action": ["com.google.firebase.MESSAGING_EVENT"]}}, "Activities": {"com.epicgames.ue4.SplashActivity": {"action": ["android.intent.action.MAIN", "android.intent.action.VIEW"], "category": ["android.intent.category.LAUNCHER", "android.intent.category.DEFAULT", "android.intent.category.BROWSABLE"]}, "com.tencent.tauth.AuthActivity": {"action": ["android.intent.action.VIEW"], "category": ["android.intent.category.DEFAULT", "android.intent.category.BROWSABLE"]}, "com.sirius.flutter.im.SNSFlutterActivity": {"action": ["android.intent.action.VIEW"], "category": ["android.intent.category.DEFAULT", "android.intent.category.BROWSABLE"]}, "com.facebook.CustomTabActivity": {"action": ["android.intent.action.VIEW"], "category": ["android.intent.category.DEFAULT", "android.intent.category.BROWSABLE"]}, "com.tencent.imsdk.android.discord.DiscordActivity": {"action": ["android.intent.action.VIEW"], "category": ["android.intent.category.DEFAULT", "android.intent.category.BROWSABLE"]}}, "Receivers": {"com.facebook.CurrentAccessTokenExpirationBroadcastReceiver": {"action": ["com.facebook.sdk.ACTION_CURRENT_ACCESS_TOKEN_CHANGED"]}, "com.google.android.gms.measurement.AppMeasurementInstallReferrerReceiver": {"action": ["com.android.vending.INSTALL_REFERRER"]}, "com.google.firebase.iid.FirebaseInstanceIdReceiver": {"action": ["com.google.android.c2dm.intent.RECEIVE", "com.google.android.c2dm.intent.REGISTRATION"], "category": ["com.tencent.ig"]}}}, "Main Activity": "com.epicgames.ue4.SplashActivity", "Libraries": ["org.apache.http.legacy"], "AndroidApplicationError": false, "Providers": ["com.tencent.gcloud.ApolloProvider", "com.tencent.imsdk.android.common.wechat.WeChatFileProvider", "com.facebook.FacebookContentProvider", "com.tencent.imsdk.android.friend.IMSDKFileProvider", "android.support.v4.content.FileProvider", "com.tencent.quantum.share.QuantumFileProvider", "android.arch.lifecycle.ProcessLifecycleOwnerInitializer", "com.google.firebase.provider.FirebaseInitProvider", "io.flutter.plugins.share.ShareFileProvider", "com.helpshift.support.providers.HelpshiftFileProvider", "com.facebook.marketing.internal.MarketingInitProvider", "com.facebook.internal.FacebookInitProvider", "io.flutter.plugins.imagepicker.ImagePickerFileProvider"], "AndroidVersionName": "1.6.0", "RiskIndicator": {"APK": {"DEX": 1, "APK": 1, "SHARED LIBRARIES": 4}, "PERM": {"DEVELOPMENT": 1, "INSTANT": 4, "PRE23": 1, "APPOP": 1, "NORMAL": 12, "DANGEROUS": 2, "PREINSTALLED": 1, "SIGNATURE": 1, "INTERNET": 1, "PRIVACY": 1}}, "Services": ["com.tencent.ig.OBBDownloaderService", "com.pubgm.Floating", "com.tenecnt.quantum.IGFirebaseInstanceIDService", "com.google.firebase.messaging.FirebaseMessagingService", "com.tencent.imsdk.android.webview.qq.WebViewService", "com.tencent.midas.oversea.newnetwork.service.APNetDetectService", "com.tencent.quantum.download.GCBGDownloadService", "com.shieldtunnel.svpn.XYVpnService", "com.amazonaws.mobileconnectors.s3.transferutility.TransferService", "com.google.android.gms.auth.api.signin.RevocationBoundService", "com.sirius.flutter.im.MeemoBGService", "com.google.android.gms.analytics.AnalyticsService", "com.google.android.gms.analytics.AnalyticsJobService", "com.google.android.gms.measurement.AppMeasurementService", "com.google.android.gms.measurement.AppMeasurementJobService", "com.google.firebase.iid.FirebaseInstanceIdService", "com.twitter.sdk.android.tweetcomposer.TweetUploadService", "com.sirius.meemo.pigeon.server.RemoteService", "com.sirius.meemo.foreground_service.ForegroundService", "com.google.android.play.core.assetpacks.AssetPackExtractionService"], "MinSdkVersion": "18", "AndroidApplicationInfo": "APK", "TargetSdkVersion": "29", "Receivers": ["com.tencent.ig.AlarmReceiver", "com.epicgames.ue4.LocalNotificationReceiver", "com.google.firebase.iid.FirebaseInstanceIdReceiver", "com.pichillilorenzo.flutter_inappwebview.ChromeCustomTabs.ActionBroadcastReceiver", "com.google.android.gms.analytics.AnalyticsReceiver", "com.google.android.gms.measurement.AppMeasurementReceiver", "com.google.android.gms.measurement.AppMeasurementInstallReferrerReceiver", "com.facebook.CurrentAccessTokenExpirationBroadcastReceiver"], "AndroguardVersion": "3.4.0a1", "Permissions": {"android.permission.CHANGE_NETWORK_STATE": ["normal", "change network connectivity", "Allows the app to change the state of network connectivity."], "android.permission.BLUETOOTH": ["normal", "pair with Bluetooth devices", "Allows the app to view the\n      configuration of the Bluetooth on the phone, and to make and accept\n      connections with paired devices."], "android.permission.INTERNET": ["normal|instant", "have full network access", "Allows the app to create\n     network sockets and use custom network protocols. The browser and other\n     applications provide means to send data to the internet, so this\n     permission is not required to send data to the internet."], "com.android.vending.BILLING": ["normal", "Unknown permission from android reference", "Unknown permission from android reference"], "android.permission.BLUETOOTH_ADMIN": ["normal", "access Bluetooth settings", "Allows the app to configure\n      the local Bluetooth phone, and to discover and pair with remote devices."], "com.google.android.c2dm.permission.RECEIVE": ["normal", "Unknown permission from android reference", "Unknown permission from android reference"], "android.permission.ACCESS_NETWORK_STATE": ["normal|instant", "view network connections", "Allows the app to view\n      information about network connections such as which networks exist and are\n      connected."], "android.permission.GET_TASKS": ["normal", "retrieve running apps", "Allows the app to retrieve information\n       about currently and recently running tasks.  This may allow the app to\n       discover information about which applications are used on the device."], "com.qti.permission.PROFILER": ["normal", "Unknown permission from android reference", "Unknown permission from android reference"], "com.android.vending.CHECK_LICENSE": ["normal", "Unknown permission from android reference", "Unknown permission from android reference"], "android.permission.WRITE_EXTERNAL_STORAGE": ["dangerous", "modify or delete the contents of your shared storage", "Allows the app to write the contents of your shared storage."], "android.permission.READ_EXTERNAL_STORAGE": ["dangerous", "read the contents of your shared storage", "Allows the app to read the contents of your shared storage."], "android.permission.RECEIVE_BOOT_COMPLETED": ["normal", "run at startup", "Allows the app to\n        have itself started as soon as the system has finished booting.\n        This can make it take longer to start the phone and allow the\n        app to slow down the overall phone by always running."], "com.tencent.ig.permission.C2D_MESSAGE": ["normal", "Unknown permission from android reference", "Unknown permission from android reference"], "android.permission.FOREGROUND_SERVICE": ["normal|instant", "run foreground service", "Allows the app to make use of foreground services."], "android.permission.VIBRATE": ["normal|instant", "control vibration", "Allows the app to control the vibrator."], "android.permission.SYSTEM_ALERT_WINDOW": ["signature|preinstalled|appop|pre23|development", "This app can appear on top of other apps", "This app can appear on top of other apps or other parts of the screen. This may interfere with normal app usage and change the way that other apps appear."], "android.permission.ACCESS_WIFI_STATE": ["normal", "view Wi-Fi connections", "Allows the app to view information\n      about Wi-Fi networking, such as whether Wi-Fi is enabled and name of\n      connected Wi-Fi devices."], "android.permission.WAKE_LOCK": ["normal|instant", "prevent phone from sleeping", "Allows the app to prevent the phone from going to sleep."], "android.permission.CHANGE_WIFI_STATE": ["normal", "connect and disconnect from Wi-Fi", "Allows the app to connect to and\n      disconnect from Wi-Fi access points and to make changes to device\n      configuration for Wi-Fi networks."], "android.permission.RECORD_AUDIO": ["dangerous|instant", "record audio", "This app can record audio using the microphone at any time."], "com.google.android.finsky.permission.BIND_GET_INSTALL_REFERRER_SERVICE": ["normal", "Unknown permission from android reference", "Unknown permission from android reference"], "android.permission.MODIFY_AUDIO_SETTINGS": ["normal", "change your audio settings", "Allows the app to modify global audio settings such as volume and which speaker is used for output."]}}, "magic": "Zip archive data, at least v2.0 to extract", "compressedview": {"highest_datetime": "2021-11-02 09:38:56", "lowest_datetime": "2021-11-02 09:37:00", "num_children": 1979, "extensions": {"bin": 2, "dex": 1, "crt": 7, "xml": 91, "cfg": 5, "gz": 1, "otf": 1, "js": 1, "dat": 1, "pem": 1, "so": 39, "css": 2, "mnn": 1, "svg": 114, "tsa": 2, "txt": 3, "ttf": 4, "gif": 3, "png": 383, "sin": 1}, "file_types": {"DEX": 1, "XML": 89, "ZIP": 1, "unknown": 473, "ELF": 43, "GIF": 3, "JSON": 6, "HTML": 2, "PNG": 382}, "type": "APK", "children": [{"datetime": "2021-11-02 09:37:00", "sha256": "47500a6dc607a2119f0f91ee9c271e0bbeb85a222c8f886b44867a5d78d62568", "type": "XML", "filename": "AndroidManifest.xml", "size": 53076}, {"detection_ratio": [20, 74], "datetime": "2021-11-02 09:37:02", "filename": "classes.dex", "sha256": "64b6ab7f209627639ed039d8d92a4caf2e4ec6c9278dbea8f63138f04b2c809f", "type": "DEX", "size": 123376}, {"datetime": "2021-11-02 09:37:02", "sha256": "6d7b8dec1b15feb936cbc124038cd49fa00ffab5595f857ac5459efdf47022fc", "type": "unknown", "filename": "src/2e15f58d32a5ff652706ef41ec85a763", "size": 8119960}, {"datetime": "2021-11-02 09:37:02", "sha256": "b4c75f2e96f76bd9bd47b10990df0db37801c720944feecbc2a6c2dce2244a51", "type": "unknown", "filename": "src/2ba5b2615b9b71b48c7694d6489e0171", "size": 9595228}, {"datetime": "2021-11-02 09:37:04", "sha256": "d3da6bbb646050a80c6b60435e175d81fad3b93ac7126aed9c9c9105fe753da5", "type": "unknown", "filename": "src/ab59b2d465027c91ef7bcfe0a82f251b", "size": 2294604}, {"datetime": "2021-11-02 09:37:04", "sha256": "2e31b31f59c08f2fae4c6068d6ccaa66de83f2a28947848715151fa722204bfd", "type": "unknown", "filename": "src/578d7c4ccbec11802fd04b5498a4a540", "size": 47328}, {"datetime": "2021-11-02 09:37:04", "sha256": "5995fb68ffaca69c001db3144fff8143e4f8cfe0c60d326b10c759e7ef9b967b", "type": "unknown", "filename": "src/1424dd28dcc4b74548e521146b6ab530", "size": 640892}, {"datetime": "2021-11-02 09:37:04", "sha256": "58d9c0a7ad15bf810dd0b04b42ae148fca43eb51f2d3d1190b3bdd66abc2b282", "type": "unknown", "filename": "src/3676d55f84497cbeadfc614c1b1b62fc", "size": 336}, {"detection_ratio": [0, 74], "datetime": "2021-11-02 09:37:04", "filename": "LICENSE-junit.txt", "sha256": "9648bb2891b9813970bddb68d4be8a5e6ec8280d0180a53dfb29236b579c55bb", "type": "unknown", "size": 11376}, {"detection_ratio": [0, 74], "datetime": "2021-11-02 09:37:04", "filename": "androidsupportmultidexversion.txt", "sha256": "822dca0ed97b7639d81c9c5704a5172403e70ce03149ed586d84325b9a438e43", "type": "unknown", "size": 53}, {"detection_ratio": [0, 72], "datetime": "2021-11-02 09:37:06", "filename": "assets/Arm_Epic", "sha256": "c1b3dc7df7e9f2212f0ec8e7c5e25c3a593822f440166d51eba88520cb58151f", "type": "ZIP", "size": 88737385}, {"datetime": "2021-11-02 09:37:22", "sha256": "5f586b05c16a842d71152bb74f63905120fb96e7ff3b1fe383a252a894f5b1ab", "type": "unknown", "filename": "assets/Epic/dex\u6587\u4ef6\u5b58\u653e\u8def\u5f84.txt", "size": 61}, {"datetime": "2021-11-02 09:37:22", "sha256": "c0870f28559a01133c58b44bc46e3538362b16f25a5bf1c9105f4df1cbe13d29", "type": "unknown", "filename": "assets/GCloudVoice/cldnn_spkvector.mnn", "size": 1087368}, {"detection_ratio": [0, 74], "datetime": "2021-11-02 09:37:22", "filename": "assets/GCloudVoice/config.json", "sha256": "c7b4db3a40e8916524e44f4c1d34afdcb5282506b1ac29ae7bfce8bd5439538a", "type": "unknown", "size": 56079}, {"detection_ratio": [0, 74], "datetime": "2021-11-02 09:37:22", "filename": "assets/GCloudVoice/libgvoicensmodel.bin", "sha256": "d39c27435db8b733c9ad26c7a40db125f44c2f60ad8f10c006a6bb22c927087f", "type": "unknown", "size": 426692}, {"detection_ratio": [0, 76], "datetime": "2021-11-02 09:37:24", "filename": "assets/GCloudVoice/libwxvoiceembed.bin", "sha256": "58ceca97f8d3e18b510602508751165a8801ac03e49e2913b06ad2612d228605", "type": "unknown", "size": 3076906}, {"detection_ratio": [0, 72], "datetime": "2021-11-02 09:37:24", "filename": "assets/IMSDK/IMSDKAppSettingConfigs.json", "sha256": "41ed251afdbf46e747d23f9acc7577374e4e37f8730dd0f7a0357fd7fe9967f2", "type": "unknown", "size": 652}, {"detection_ratio": [0, 73], "datetime": "2021-11-02 09:37:24", "filename": "assets/IMSDK/IMSDKPFMap.json", "sha256": "25404428fd5bbfbee3b90bb4a21ad7d665c387e9367214413aee3d68f7d46555", "type": "unknown", "size": 1034}, {"detection_ratio": [0, 73], "datetime": "2021-11-02 09:37:24", "filename": "assets/IMSDK/IMSDKRetMsg.json", "sha256": "70adaf17e7517b16eabe66694eb66dca495c69b64e07d1ba366dd091ff29fe7f", "type": "unknown", "size": 1068}, {"detection_ratio": [0, 73], "datetime": "2021-11-02 09:37:24", "filename": "assets/IMSDK/IMSDKRetMsg_en.json", "sha256": "70adaf17e7517b16eabe66694eb66dca495c69b64e07d1ba366dd091ff29fe7f", "type": "unknown", "size": 1068}, {"datetime": "2021-11-02 09:37:24", "sha256": "4e03ebbd45b966d575813804a5fb5625568ad79c56433b1d8983f48c8a73c5f7", "type": "unknown", "filename": "assets/__tpcfinfo.tsa", "size": 272}, {"datetime": "2021-11-02 09:37:24", "sha256": "6e76c1c854419ca00e1973570e491f0a1033e422c2502b1af322f501a22bfa89", "type": "unknown", "filename": "assets/__tpinfo.tsa", "size": 116048}, {"datetime": "2021-11-02 09:37:24", "sha256": "30d0d01e773b0057fbca9a85f25099a2a9892c16937e894acef5ed5c4999f366", "type": "unknown", "filename": "assets/__tpsinfo.t.p.sin", "size": 37}, {"detection_ratio": [0, 72], "datetime": "2021-11-02 09:37:24", "filename": "assets/com.tencent.open.config.json", "sha256": "18d68d491240549e0034c88879accc51744f8b43a8bde7ee0113bbf78a3a646a", "type": "unknown", "size": 56}, {"datetime": "2021-11-02 09:37:24", "sha256": "e291bdc69da7688490f52541d1efa21460af518deec38806e8f988d27de5a717", "type": "JSON", "filename": "assets/flutter_assets/AssetManifest.json", "size": 19429}, {"datetime": "2021-11-02 09:37:24", "sha256": "6f28a7b8b7390487819963dbce5976f4d542130d5a942b2df74e8e34321805d2", "type": "unknown", "filename": "assets/flutter_assets/FontManifest.json", "size": 316}, {"datetime": "2021-11-02 09:37:24", "sha256": "3befd425da0283559826de6f07d26f3111fe7f945c4ebc56bfc42cb87139d0a0", "type": "JSON", "filename": "assets/flutter_assets/anim/guide_slide_up.json", "size": 3122}, {"datetime": "2021-11-02 09:37:24", "sha256": "254985258916c9617cdb9800ab452291a4709bc98a7b113e251bd685f1ced13b", "type": "HTML", "filename": "assets/flutter_assets/assets/youtube_player.html", "size": 6121}, {"datetime": "2021-11-02 09:37:24", "sha256": "19d9cafda08085d094d54fb5436906cfbe37a6038a0e3e285d1d0180ef5712b0", "type": "unknown", "filename": "assets/flutter_assets/conf/sdk.version", "size": 19}, {"datetime": "2021-11-02 09:37:24", "sha256": "6cdbff83a330d9696a8eb7d8c1b800f0ac469faef38c64722c3d5acd29a79506", "type": "unknown", "filename": "assets/flutter_assets/fonts/MaterialIcons-Regular.otf", "size": 4856}, {"datetime": "2021-11-02 09:37:24", "sha256": "e68d17b49bd1c63ced5ca3c65e6aff92c9a771c34d88aa165c5e9dad8f8a460f", "type": "unknown", "filename": "assets/flutter_assets/images/normal/bg_dialogbox.webp", "size": 9440}, {"datetime": "2021-11-02 09:37:24", "sha256": "8809324497811ff4a417187af48fa9d8c39a1cfc9877b9d04d30086eef89fea4", "type": "unknown", "filename": "assets/flutter_assets/images/normal/bg_dialogbox_bottom_bg.webp", "size": 3476}, {"datetime": "2021-11-02 09:37:24", "sha256": "7413f61bd649e4ec540ed613bd20b20748640341ad5e034648ac28b0bac1c4d3", "type": "PNG", "filename": "assets/flutter_assets/images/normal/bg_fb_login.png", "size": 2068}, {"datetime": "2021-11-02 09:37:24", "sha256": "c50f809855a7365a5c8807ebd8967a6fa21e212e2390d1bcf2fd2e04eaf18ee4", "type": "PNG", "filename": "assets/flutter_assets/images/normal/bg_google_login.png", "size": 2833}, {"datetime": "2021-11-02 09:37:24", "sha256": "d4861684949d9f403e5eea6c2b210713a618f2d26fd97f013decef94679a3e68", "type": "PNG", "filename": "assets/flutter_assets/images/normal/bg_ins_login.png", "size": 29992}, {"datetime": "2021-11-02 09:37:24", "sha256": "06a77b58a2b86d58b598277d070b271927fb27a233815affe3e51e4dccdf7be7", "type": "PNG", "filename": "assets/flutter_assets/images/normal/bg_twitch_login.png", "size": 1262}, {"datetime": "2021-11-02 09:37:24", "sha256": "51325318c856ed433bf9219ae0fcbd015c988b20f92c7fdf1422431485dc59c1", "type": "unknown", "filename": "assets/flutter_assets/images/normal/bubble_bg.webp", "size": 10730}, {"datetime": "2021-11-02 09:37:24", "sha256": "43cd9bdca1c60111af8f55135cf7ff7bcbb901dd5798df32a52a629f49d0617c", "type": "PNG", "filename": "assets/flutter_assets/images/normal/channel_winner.png", "size": 379}, {"datetime": "2021-11-02 09:37:24", "sha256": "efb4ff96d1395ada080ba944850c856853cd5cb89791afb4b019a64ccc00929b", "type": "PNG", "filename": "assets/flutter_assets/images/normal/chat_room_input_bg.png", "size": 100}, {"datetime": "2021-11-02 09:37:24", "sha256": "8e8d646a1da59431ccc1de104d6259311f07431bc898ff5a4c0da351ecfcfbcf", "type": "PNG", "filename": "assets/flutter_assets/images/normal/chat_room_tab_selected_bg.png", "size": 98}, {"datetime": "2021-11-02 09:37:24", "sha256": "fed4a4be6dfea3c4006b268b7477863f755b7ef1d153e9f75aa0e670574a1af7", "type": "unknown", "filename": "assets/flutter_assets/images/normal/club_home_head_bg.webp", "size": 24128}, {"datetime": "2021-11-02 09:37:24", "sha256": "7c2adc5fb46d5146759cffdb585c834557b9d4818d8ac47993ab421fa49c23e5", "type": "PNG", "filename": "assets/flutter_assets/images/normal/club_status_live.png", "size": 915}, {"datetime": "2021-11-02 09:37:24", "sha256": "5b6411b95b7f238cb7a343be6ede3873e97f84e4fd3c78c6df915cc47cb52b7e", "type": "unknown", "filename": "assets/flutter_assets/images/normal/common_page_bg.webp", "size": 183454}, {"datetime": "2021-11-02 09:37:24", "sha256": "75bda74213fafadc620d04a308400a1033e4497feccd7186e08dcd86a1cad002", "type": "PNG", "filename": "assets/flutter_assets/images/normal/def_avatar.png", "size": 932}, {"datetime": "2021-11-02 09:37:24", "sha256": "b26eace8a8aa24626419329395fa985619b68a4302ee69d809667a5201d0f9ba", "type": "unknown", "filename": "assets/flutter_assets/images/normal/empty.webp", "size": 31894}, {"datetime": "2021-11-02 09:37:24", "sha256": "d4b0e97cc097de55581423e1671cc4800610f535a421d9e274d31d3499f646ad", "type": "unknown", "filename": "assets/flutter_assets/images/normal/feeds_item_bg.webp", "size": 5112}, {"datetime": "2021-11-02 09:37:24", "sha256": "10e133fd359b9514e975a07d53cfd32cbe17f165144fdd1fccd528a90628b4b2", "type": "unknown", "filename": "assets/flutter_assets/images/normal/feeds_publish_bg.webp", "size": 3864}, {"datetime": "2021-11-02 09:37:24", "sha256": "81e6aeed6d0e7e0a023e31fc808da2c951851dd4f2612117651b25a630438f7c", "type": "PNG", "filename": "assets/flutter_assets/images/normal/filter_down.png", "size": 325}, {"datetime": "2021-11-02 09:37:24", "sha256": "4c3df4ae6be0673f07a7d91ac21746578d8f120126ec5dd75348688d1edf4b19", "type": "PNG", "filename": "assets/flutter_assets/images/normal/filter_up.png", "size": 311}, {"datetime": "2021-11-02 09:37:24", "sha256": "c7e5714542fc3adc23d48320d0bbca75c6a2c04d71951b98ecfececba9d5a86c", "type": "PNG", "filename": "assets/flutter_assets/images/normal/home_tab_sel.png", "size": 2797}, {"datetime": "2021-11-02 09:37:24", "sha256": "eb88f06617c5cd94ac82b159d63d1007455f2b5b8b942e62d44295e3d910ba7a", "type": "PNG", "filename": "assets/flutter_assets/images/normal/ic_btn_disable.png", "size": 113}, {"datetime": "2021-11-02 09:37:24", "sha256": "1c7ceec8e888581ca8ea3e46bdbfd60d81e1b3268119385cd34d4098e0dbc1ab", "type": "PNG", "filename": "assets/flutter_assets/images/normal/ic_btn_main.png", "size": 1128}, {"datetime": "2021-11-02 09:37:24", "sha256": "55c029eeaf277cbbfeae61b927f4b6cd37d6360df149bd26900425209650564b", "type": "PNG", "filename": "assets/flutter_assets/images/normal/ic_btn_minor.png", "size": 1150}, {"datetime": "2021-11-02 09:37:24", "sha256": "2ce51efa60b158def844e8d6d9ccb6a103ed3e8e264dfc599c02bdc8bdda4f31", "type": "PNG", "filename": "assets/flutter_assets/images/normal/ic_discord.png", "size": 1919}, {"datetime": "2021-11-02 09:37:24", "sha256": "c56a331f2292b0d1da2b1e38519e0ca41d3d34dc03ffe9f6393c6983f3594711", "type": "PNG", "filename": "assets/flutter_assets/images/normal/ic_empty_tips_bg.png", "size": 118}, {"datetime": "2021-11-02 09:37:24", "sha256": "979a0bc1ba68be90aae5a4c5db55ead734b80a08dc31ebf039655cb8d72b424e", "type": "PNG", "filename": "assets/flutter_assets/images/normal/ic_facebook.png", "size": 3059}, {"datetime": "2021-11-02 09:37:24", "sha256": "1913a7545f02ca0b8336a86169dad6215935f475f86ae0b313731838c9341403", "type": "PNG", "filename": "assets/flutter_assets/images/normal/ic_facebook_grey.png", "size": 518}, {"datetime": "2021-11-02 09:37:24", "sha256": "633561e49709f435ed40af7e37b42530b4ce14af8eeaa5ba5042d412255c759b", "type": "PNG", "filename": "assets/flutter_assets/images/normal/ic_gift.png", "size": 192}, {"datetime": "2021-11-02 09:37:24", "sha256": "0f28aabfc428bec7efa9aba16884ad1a3cc860d5e2e0e6d9f2245f8711f92c83", "type": "PNG", "filename": "assets/flutter_assets/images/normal/ic_instagram.png", "size": 4098}, {"datetime": "2021-11-02 09:37:24", "sha256": "8f2c04442a6ed5b8e5413cf6d489a72ca2c60c7600972f19d45eae12669a9548", "type": "PNG", "filename": "assets/flutter_assets/images/normal/ic_instagram_grey.png", "size": 880}, {"datetime": "2021-11-02 09:37:24", "sha256": "5ab4e883f160fa4d5072631a4d18c4b5cc5bfa9d57ebbd8ceb1f30cc1b316d79", "type": "PNG", "filename": "assets/flutter_assets/images/normal/ic_live.png", "size": 4270}, {"datetime": "2021-11-02 09:37:24", "sha256": "158366cfca132fe909fba3a3cd6c49f5a452f3430df0424aae9fa659845145ca", "type": "PNG", "filename": "assets/flutter_assets/images/normal/ic_registered.png", "size": 401}, {"datetime": "2021-11-02 09:37:24", "sha256": "7f849d6ad0f9862ae3f391ef9443478fa1b54e2f6f7eeb22a4bd339b112c7ea3", "type": "PNG", "filename": "assets/flutter_assets/images/normal/ic_switch_off.png", "size": 4663}, {"datetime": "2021-11-02 09:37:24", "sha256": "2e49b8c4070230c7df1e83d65821a51bb20d2bb2a90a38e672e3d52b37614d89", "type": "PNG", "filename": "assets/flutter_assets/images/normal/ic_switch_on.png", "size": 4709}, {"datetime": "2021-11-02 09:37:24", "sha256": "24b2333d6f46b5ccb72a1bd250c426f045fea3d3519e7d87e7240510d18a8aff", "type": "PNG", "filename": "assets/flutter_assets/images/normal/ic_topic_default.png", "size": 729}, {"datetime": "2021-11-02 09:37:24", "sha256": "5d0176d8bf58ba60a7f69c9c54abaccd54b53d1b8728f30b2a04f07d288c9010", "type": "PNG", "filename": "assets/flutter_assets/images/normal/ic_twitch.png", "size": 5630}, {"datetime": "2021-11-02 09:37:24", "sha256": "2f90d919dd34023df60f7cfeebac8612f761abe4fcaf2319f1d52f65a6078648", "type": "PNG", "filename": "assets/flutter_assets/images/normal/ic_twitch_grey.png", "size": 588}, {"datetime": "2021-11-02 09:37:24", "sha256": "8b62c3d865eae32afd8d01540ac09d5e79493c9636f67299d0a3d0c3ad234a53", "type": "PNG", "filename": "assets/flutter_assets/images/normal/ic_twitter.png", "size": 1592}, {"datetime": "2021-11-02 09:37:24", "sha256": "e18c826886d4d04882ca4ab9780cf6e718f97c298ec4a0158a8b7522ef8f4161", "type": "PNG", "filename": "assets/flutter_assets/images/normal/ic_vote_item_left_1.png", "size": 5537}, {"datetime": "2021-11-02 09:37:24", "sha256": "f9c323012129a2c1414f908f627f0aba3216f95e3ac909c4ed6bd3a8afe30ac0", "type": "PNG", "filename": "assets/flutter_assets/images/normal/ic_vote_item_left_2.png", "size": 4737}, {"datetime": "2021-11-02 09:37:24", "sha256": "f5277cc95c4e731f3e0b8b7e3534c14f2225d6dd5db1e12934aafa15cfa71d09", "type": "PNG", "filename": "assets/flutter_assets/images/normal/ic_vote_item_left_3.png", "size": 5697}, {"datetime": "2021-11-02 09:37:24", "sha256": "0d7c632792c2c1373df71091e1fd3cb095f14273e0c437f53752937ca40a1b95", "type": "PNG", "filename": "assets/flutter_assets/images/normal/ic_vote_item_right_1.png", "size": 6451}, {"datetime": "2021-11-02 09:37:24", "sha256": "21cbdcbf7d66dacd2ad7fd9f301e39666658498cb2b4d18e85ec76673048f511", "type": "PNG", "filename": "assets/flutter_assets/images/normal/ic_vote_item_right_2.png", "size": 6111}, {"datetime": "2021-11-02 09:37:24", "sha256": "58e27143b1c04780b6cdfcde8ae75ffa033d0d3bce2355411ab52bc99707f2e1", "type": "PNG", "filename": "assets/flutter_assets/images/normal/ic_vote_item_right_3.png", "size": 4458}, {"datetime": "2021-11-02 09:37:24", "sha256": "3749b5ec0f3c01f05faf12e62613ea675671ec7a85258607e632d3173419691b", "type": "PNG", "filename": "assets/flutter_assets/images/normal/ic_youtube.png", "size": 1662}, {"datetime": "2021-11-02 09:37:24", "sha256": "a17a9468a59d4ad7b227db3d502fe5ee279a410fe0a3e7929fc7f201f485c030", "type": "PNG", "filename": "assets/flutter_assets/images/normal/ic_youtube_grey.png", "size": 577}, {"datetime": "2021-11-02 09:37:24", "sha256": "42f95aa75717a3551fbc107ddbbde00a52ee1cd1218253c5de26ef5b066b3840", "type": "PNG", "filename": "assets/flutter_assets/images/normal/icon_top.png", "size": 187}, {"datetime": "2021-11-02 09:37:24", "sha256": "c361037570d64ddb69b7da4b5fd11ca445ee604faff83a2f61e3d2d7576054a3", "type": "PNG", "filename": "assets/flutter_assets/images/normal/invite_bg.png", "size": 1677}, {"datetime": "2021-11-02 09:37:24", "sha256": "fcad4e32a00206ec9f7cd27a4d225d51eac3a06b2049f015ea719f3ddb1d542b", "type": "unknown", "filename": "assets/flutter_assets/images/normal/left_panel_bg.webp", "size": 34652}, {"datetime": "2021-11-02 09:37:24", "sha256": "436ec98613a4f97f0ab47e4e72cfcfc6769d93841806d561897fe4c69db63115", "type": "GIF", "filename": "assets/flutter_assets/images/normal/loading.gif", "size": 162449}, {"datetime": "2021-11-02 09:37:24", "sha256": "73f087df6b99bf1af2b6658f2e145c97123b585bc0a2969aef62e478f83c3eed", "type": "PNG", "filename": "assets/flutter_assets/images/normal/main_btn.png", "size": 473}, {"datetime": "2021-11-02 09:37:24", "sha256": "4615b7d3d8b6efa850800528a828993efaee30c5f857b0e4c568ae9f5824f6e7", "type": "PNG", "filename": "assets/flutter_assets/images/normal/placeholder.png", "size": 1522}, {"datetime": "2021-11-02 09:37:24", "sha256": "81a9834358cb78a5e3d21c6c40ff6fdc33aaa63bef828e5de4d0e6bd0c430026", "type": "unknown", "filename": "assets/flutter_assets/images/normal/room_item_bg.webp", "size": 11590}, {"datetime": "2021-11-02 09:37:24", "sha256": "729d13436ee48e36bb10ed715371d748fd8b3ecbbb5aac9f7f6ed3018ab2dcd3", "type": "PNG", "filename": "assets/flutter_assets/images/normal/social_default.png", "size": 2847}, {"datetime": "2021-11-02 09:37:24", "sha256": "16e3e074dabebd0205ba643c25393049a50fca945f2c3bc1705a6bbbc33a5860", "type": "unknown", "filename": "assets/flutter_assets/images/normal/tab_selected.webp", "size": 2042}, {"datetime": "2021-11-02 09:37:24", "sha256": "9b80013d8b6d8a762d1f14a0a18378f8325750ab5aeb832520e7a3dc20011a68", "type": "PNG", "filename": "assets/flutter_assets/images/normal/thumbnail_discord.png", "size": 731}, {"datetime": "2021-11-02 09:37:24", "sha256": "1913a7545f02ca0b8336a86169dad6215935f475f86ae0b313731838c9341403", "type": "PNG", "filename": "assets/flutter_assets/images/normal/thumbnail_fb.png", "size": 518}, {"datetime": "2021-11-02 09:37:24", "sha256": "8f2c04442a6ed5b8e5413cf6d489a72ca2c60c7600972f19d45eae12669a9548", "type": "PNG", "filename": "assets/flutter_assets/images/normal/thumbnail_instagram.png", "size": 880}, {"datetime": "2021-11-02 09:37:24", "sha256": "6d6373d893a02372bd04aba8e05905ad8bb0308bfc17cfaa36bcbfeec6f93f7c", "type": "PNG", "filename": "assets/flutter_assets/images/normal/thumbnail_link.png", "size": 670}, {"datetime": "2021-11-02 09:37:24", "sha256": "87c69bb5e4cd4500e6458a6e3839fa7d887159056c9908bf912764938e49d81b", "type": "PNG", "filename": "assets/flutter_assets/images/normal/thumbnail_twitter.png", "size": 672}, {"datetime": "2021-11-02 09:37:24", "sha256": "a17a9468a59d4ad7b227db3d502fe5ee279a410fe0a3e7929fc7f201f485c030", "type": "PNG", "filename": "assets/flutter_assets/images/normal/thumbnail_youtube.png", "size": 577}, {"datetime": "2021-11-02 09:37:24", "sha256": "a902714d83661cb3631f715b6111c337d8f62bc5466ddb809cd2fd216d98b58e", "type": "unknown", "filename": "assets/flutter_assets/images/normal/title_bg.webp", "size": 2624}, {"datetime": "2021-11-02 09:37:24", "sha256": "b3e5a563faec7fce8a0ac47c5bb19250a1b7f360fc119a70737f9008b38331d4", "type": "unknown", "filename": "assets/flutter_assets/images/svg/arrow_right_theme.svg", "size": 664}, {"datetime": "2021-11-02 09:37:24", "sha256": "8d69529b3850fd0650a2d62deee25fcb089e00eefc8d34e2fab8af96d1d7c1d1", "type": "unknown", "filename": "assets/flutter_assets/images/svg/club_lang.svg", "size": 522}, {"datetime": "2021-11-02 09:37:24", "sha256": "93b3e27228c18007d63455ce4e11a90405063fbfad70da83b7156bd533f33b35", "type": "unknown", "filename": "assets/flutter_assets/images/svg/club_online.svg", "size": 599}, {"datetime": "2021-11-02 09:37:24", "sha256": "6e1d42a99b6931eecd38c12985aba2ebfbb3b984a42df4b3df3eb76f3435a0ec", "type": "unknown", "filename": "assets/flutter_assets/images/svg/ic_add.svg", "size": 217}, {"datetime": "2021-11-02 09:37:24", "sha256": "4eaf6dabd4e01c7f09bbe41b135e53a7854f46258ef84c103022ffee7c21d11f", "type": "unknown", "filename": "assets/flutter_assets/images/svg/ic_add_1.svg", "size": 2949}, {"datetime": "2021-11-02 09:37:24", "sha256": "334dbdcf71e28ee23d88a35a22cc9414bfef6b2fb79c91dbf2082d8be040debe", "type": "unknown", "filename": "assets/flutter_assets/images/svg/ic_add_friend.svg", "size": 1236}, {"datetime": "2021-11-02 09:37:24", "sha256": "072f80ae38e1426a813b11ab5eb6582a6c28956704fbf359caec24515a603dd7", "type": "unknown", "filename": "assets/flutter_assets/images/svg/ic_announce_remind.svg", "size": 1013}, {"datetime": "2021-11-02 09:37:24", "sha256": "b3e5a563faec7fce8a0ac47c5bb19250a1b7f360fc119a70737f9008b38331d4", "type": "unknown", "filename": "assets/flutter_assets/images/svg/ic_arrow.svg", "size": 664}], "uncompressed_size": 300679716}}, "size": 178355426, "authentihash": null, "times_submitted": 1, "harmless_votes": 0, "malicious_votes": 0, "sha256": "815b293f2daa8dc57dd38a42d474d760039b79b0b661aa586c0a9fb9a124d512", "type": "Android", "scans": {"Bkav": {"detected": false, "version": "1.3.0.9899", "result": null, "update": "20211102"}, "Elastic": {"detected": false, "version": "4.0.29", "result": null, "update": "20211005"}, "MicroWorld-eScan": {"detected": false, "version": "14.0.409.0", "result": null, "update": "20211103"}, "CMC": {"detected": false, "version": "2.10.2019.1", "result": null, "update": "20211026"}, "CAT-QuickHeal": {"detected": true, "version": "14.00", "result": "Android.Agent.GEN36614", "update": "20211103"}, "McAfee": {"detected": true, "version": "6.0.6.653", "result": "Artemis!F273C0AA75F2", "update": "20211103"}, "ALYac": {"detected": false, "version": "1.1.3.1", "result": null, "update": "20211103"}, "Malwarebytes": {"detected": false, "version": "4.2.2.27", "result": null, "update": "20211103"}, "VIPRE": {"detected": false, "version": "96678", "result": null, "update": "20211103"}, "Sangfor": {"detected": false, "version": "2.9.0.0", "result": null, "update": "20210930"}, "K7AntiVirus": {"detected": false, "version": "11.225.39131", "result": null, "update": "20211103"}, "BitDefender": {"detected": false, "version": "7.2", "result": null, "update": "20211103"}, "K7GW": {"detected": true, "version": "11.225.39131", "result": "Adware ( 005321b21 )", "update": "20211103"}, "Trustlook": {"detected": false, "version": "1.0", "result": null, "update": "20211103"}, "Baidu": {"detected": false, "version": "1.0.0.2", "result": null, "update": "20190318"}, "Cyren": {"detected": true, "version": "6.3.0.2", "result": "AndroidOS/Trojan.TCDR-8", "update": "20211103"}, "SymantecMobileInsight": {"detected": false, "version": "2.0", "result": null, "update": "20210126"}, "Symantec": {"detected": false, "version": "1.16.0.0", "result": null, "update": "20211103"}, "ESET-NOD32": {"detected": true, "version": "24229", "result": "a variant of Android/TrojanDropper.Agent.FNN", "update": "20211103"}, "TrendMicro-HouseCall": {"detected": false, "version": "10.0.0.1040", "result": null, "update": "20211101"}, "Avast": {"detected": true, "version": "21.1.5827.0", "result": "Android:Dropper-AEJ [Trj]", "update": "20211103"}, "ClamAV": {"detected": false, "version": "0.104.0.0", "result": null, "update": "20211102"}, "Kaspersky": {"detected": false, "version": "21.0.1.45", "result": null, "update": "20211103"}, "Alibaba": {"detected": false, "version": "0.3.0.5", "result": null, "update": "20190527"}, "NANO-Antivirus": {"detected": true, "version": "1.0.146.25370", "result": "Riskware.Android.Locker.hcouny", "update": "20211103"}, "SUPERAntiSpyware": {"detected": false, "version": "5.6.0.1032", "result": null, "update": "20211030"}, "Rising": {"detected": false, "version": "25.0.0.26", "result": null, "update": "20211103"}, "Ad-Aware": {"detected": false, "version": "3.0.21.193", "result": null, "update": "20211103"}, "Emsisoft": {"detected": false, "version": "2021.5.0.7597", "result": null, "update": "20211103"}, "Comodo": {"detected": false, "version": "34044", "result": null, "update": "20211102"}, "F-Secure": {"detected": false, "version": "12.0.86.52", "result": null, "update": "20211103"}, "DrWeb": {"detected": true, "version": "7.0.52.8270", "result": "Android.Locker.7117", "update": "20211103"}, "Zillya": {"detected": false, "version": "2.0.0.4487", "result": null, "update": "20211102"}, "TrendMicro": {"detected": false, "version": "11.0.0.1006", "result": null, "update": "20211103"}, "McAfee-GW-Edition": {"detected": false, "version": "v2019.1.2+3728", "result": null, "update": "20211102"}, "FireEye": {"detected": false, "version": "32.44.1.0", "result": null, "update": "20211103"}, "Sophos": {"detected": false, "version": "1.4.1.0", "result": null, "update": "20211103"}, "Ikarus": {"detected": true, "version": "0.1.5.2", "result": "Trojan.AndroidOS.SpyNote", "update": "20211102"}, "Avast-Mobile": {"detected": true, "version": "211102-00", "result": "Android:Evo-gen [Trj]", "update": "20211102"}, "Jiangmin": {"detected": false, "version": "16.0.100", "result": null, "update": "20211102"}, "Avira": {"detected": true, "version": "8.3.3.12", "result": "ANDROID/Dropper.FGLS.Gen", "update": "20211103"}, "Antiy-AVL": {"detected": false, "version": "3.0.0.1", "result": null, "update": "20211103"}, "Kingsoft": {"detected": false, "version": "2017.9.26.565", "result": null, "update": "20211103"}, "Gridinsoft": {"detected": false, "version": "1.0.60.158", "result": null, "update": "20211103"}, "Arcabit": {"detected": false, "version": "1.0.0.886", "result": null, "update": "20211103"}, "ViRobot": {"detected": false, "version": "2014.3.20.0", "result": null, "update": "20211103"}, "ZoneAlarm": {"detected": false, "version": "1.0", "result": null, "update": "20211102"}, "GData": {"detected": false, "version": "A:25.31229B:27.25015", "result": null, "update": "20211103"}, "BitDefenderFalx": {"detected": true, "version": "2.0.936", "result": "Android.Riskware.Drolock.BT", "update": "20210610"}, "AhnLab-V3": {"detected": false, "version": "3.21.1.10219", "result": null, "update": "20211103"}, "BitDefenderTheta": {"detected": false, "version": "7.2.37796.0", "result": null, "update": "20211021"}, "TACHYON": {"detected": false, "version": "2021-11-03.02", "result": null, "update": "20211103"}, "VBA32": {"detected": false, "version": "5.0.0", "result": null, "update": "20211102"}, "Zoner": {"detected": false, "version": "0.0.0.0", "result": null, "update": "20211102"}, "Tencent": {"detected": false, "version": "1.0.0.1", "result": null, "update": "20211103"}, "Yandex": {"detected": true, "version": "5.5.2.24", "result": "Trojan.Mober.bTMqVt.69", "update": "20211103"}, "MAX": {"detected": false, "version": "2019.9.16.1", "result": null, "update": "20211103"}, "MaxSecure": {"detected": false, "version": "1.0.0.1", "result": null, "update": "20211102"}, "Fortinet": {"detected": true, "version": "6.2.142.0", "result": "Android/Agent.DUI!tr", "update": "20211103"}, "AVG": {"detected": true, "version": "21.1.5827.0", "result": "Android:Dropper-AEJ [Trj]", "update": "20211103"}, "Panda": {"detected": false, "version": "4.6.4.2", "result": null, "update": "20211102"}}, "tags": ["apk", "android", "contains-elf"], "scan_id": "815b293f2daa8dc57dd38a42d474d760039b79b0b661aa586c0a9fb9a124d512-1635928237", "unique_sources": 1, "positives": 15, "ssdeep": "3145728:z236Ly6ffakSOjr9KYe4e9m0oWqle7cXt5eMoW8PxkkspmFFatWap9KbjEafID8k:zy6e6ffaZu9KYre9voc7cd5t8iksdbKG", "md5": "72ccc40cdf6ea3c902a0f2b99f489279", "permalink": "https://www.virustotal.com/gui/file/815b293f2daa8dc57dd38a42d474d760039b79b0b661aa586c0a9fb9a124d512/detection/f-815b293f2daa8dc57dd38a42d474d760039b79b0b661aa586c0a9fb9a124d512-1635928237", "sha1": "19c58b0ad64a72598b06e17fd2f2e9c69ae4db5c", "submission": {"submitter_region": "kir", "date": "2021-11-03 08:30:37", "submitter_country": "RU", "filename": "GLOBAL\ud83e\udd76.apk"}, "response_code": 1, "community_reputation": 0, "verbose_msg": "Scan finished, information embedded", "ITW_urls": [], "last_seen": "2021-11-03 08:30:37"}