{"vhash": "099df2fe9e6ed7773b882817bb9634d4", "submission_names": ["Inject 1.66.apk"], "scan_date": "2021-11-03 09:14:01", "first_seen": "2021-11-03 09:14:01", "total": 60, "additional_info": {"exiftool": {"MIMEType": "application/zip", "ZipRequiredVersion": "20", "ZipCRC": "0x12d034ac", "FileType": "ZIP", "ZipCompression": "Deflated", "ZipUncompressedSize": "3192", "ZipCompressedSize": "1112", "FileTypeExtension": "zip", "ZipFileName": "AndroidManifest.xml", "ZipBitFlag": "0x0808", "ZipModifyDate": "2021:11:02 17:21:02"}, "trid": "Android Package (67.5%)\nJava Archive (23.6%)\nZIP compressed archive (7.0%)\nPrintFox/Pagefox bitmap (640x800) (1.7%)", "androguard": {"Activities": ["uk.lgl.floating.MainActivity", "com.dhanush.kumar.MainActivity", "uk.lgl.floating.FloatingViewService"], "AndroidVersionCode": "1", "certificate": {"validto": "2044-12-12 07:36:02", "serialnumber": "10c54f92", "Issuer": {"DN": "CN:fly", "CN": "fly"}, "thumbprint": "a7e75010b3709d54d52cce914af06946744f5f67", "validfrom": "2019-12-19 07:36:02", "Subject": {"DN": "CN:fly", "CN": "fly"}}, "VTAndroidInfo": 2, "AndroidApplication": 1, "Package": "uk.lgl.floating", "intent-filters": {"Activities": {"com.dhanush.kumar.MainActivity": {"action": ["android.intent.action.MAIN"], "category": ["android.intent.category.LAUNCHER"]}}}, "Main Activity": "com.dhanush.kumar.MainActivity", "AndroidApplicationError": false, "AndroidVersionName": "1.0", "RiskIndicator": {"APK": {"DEX": 1}, "PERM": {"DANGEROUS": 2, "NORMAL": 1}}, "Services": ["uk.lgl.floating.FloatingViewService"], "MinSdkVersion": "14", "AndroidApplicationInfo": "APK", "TargetSdkVersion": "21", "AndroguardVersion": "3.4.0a1", "Permissions": {"android.permission.READ_EXTERNAL_STORAGE": ["normal", "read the contents of your SD card", "Allows the app to read the contents of your SD card."], "android.permission.WRITE_EXTERNAL_STORAGE": ["dangerous", "modify or delete the contents of your SD card", "Allows the app to write to the SD card."], "android.permission.SYSTEM_ALERT_WINDOW": ["dangerous", "draw over other apps", "Allows the app to draw on top of other\n        applications or parts of the user interface.  They may interfere with your\n        use of the interface in any application, or change what you think you are\n        seeing in other applications."]}}, "magic": "Zip archive data, at least v2.0 to extract", "compressedview": {"highest_datetime": "2021-11-02 17:21:04", "lowest_datetime": "2021-11-02 17:21:02", "num_children": 18, "extensions": {"dex": 1, "xml": 5, "MF": 1, "RSA": 1, "jpg": 1, "SF": 1, "png": 5}, "file_types": {"DEX": 1, "XML": 5, "JPG": 1, "PNG": 5, "unknown": 6}, "type": "APK", "children": [{"datetime": "2021-11-02 17:21:02", "sha256": "601c072c10378f695515c1b05c1177e715f59b88ffd1244b3a1ce5c2b31211f4", "type": "XML", "filename": "AndroidManifest.xml", "size": 3192}, {"detection_ratio": [15, 73], "datetime": "2021-11-02 17:21:04", "filename": "classes.dex", "sha256": "0f145035801825a43c9aba19597cb6ee6737088c4f058a66d6b87f144a046062", "type": "DEX", "size": 123360}, {"datetime": "2021-11-02 17:21:04", "sha256": "c70bdbd221b94241f2278e8c35bf93574446036f31eda7dd842cbc6fde8d39c4", "type": "unknown", "filename": "src/2e15f58d32a5ff652706ef41ec85a763", "size": 41496}, {"datetime": "2021-11-02 17:21:04", "sha256": "3aabc2886910cd127b95094b494d8e864bbb96156a7e2a1f41919517865c3f7e", "type": "unknown", "filename": "src/3676d55f84497cbeadfc614c1b1b62fc", "size": 224}, {"datetime": "2021-11-02 17:21:04", "sha256": "0a8ba80a29e95488cf99bf1f2a4292b10427339c655ce11cf458f4f641ab058f", "type": "PNG", "filename": "res/drawable/close.png", "size": 13270}, {"datetime": "2021-11-02 17:21:04", "sha256": "0a8ba80a29e95488cf99bf1f2a4292b10427339c655ce11cf458f4f641ab058f", "type": "PNG", "filename": "res/drawable/closemod.png", "size": 13270}, {"datetime": "2021-11-02 17:21:04", "sha256": "e242c1a2245635d7c64a096222ac6978e614f95b5306d5b005e0d2779fab5af9", "type": "PNG", "filename": "res/drawable/icon.png", "size": 51604}, {"datetime": "2021-11-02 17:21:04", "sha256": "d644b3c4a6d925a6df316aa55d6f137c1f0f2f210a6cc4d33432a7cc34461b10", "type": "PNG", "filename": "res/drawable/image_x.png", "size": 66163}, {"datetime": "2021-11-02 17:21:04", "sha256": "d644b3c4a6d925a6df316aa55d6f137c1f0f2f210a6cc4d33432a7cc34461b10", "type": "PNG", "filename": "res/drawable/imageclose.png", "size": 66163}, {"datetime": "2021-11-02 17:21:04", "sha256": "15fefcc158f5e6baef2e5e3964b83ded7a3d34968d060235f3514784cca72fca", "type": "JPG", "filename": "res/drawable/patch2_rose.jpg", "size": 70087}, {"datetime": "2021-11-02 17:21:04", "sha256": "0adeaf8a1871dbbf60a70035116adfa47562f1fc1a328334bb18213df1aafeae", "type": "XML", "filename": "res/layout-v17/patch2_activity_main.xml", "size": 1164}, {"datetime": "2021-11-02 17:21:04", "sha256": "e485e37d8d906835726ce333ae0d86b6bd4ff947c0388cdbaca1e69f6796a72a", "type": "XML", "filename": "res/layout/layout_floating_widget.xml", "size": 23436}, {"datetime": "2021-11-02 17:21:04", "sha256": "9c0c6106640ca8317b999f60e761b5aedae555288f5a5d294a3ec90c3fe4edf0", "type": "XML", "filename": "res/layout/main.xml", "size": 1360}, {"datetime": "2021-11-02 17:21:04", "sha256": "e1d23b2d5e89463fcd2f2ffeb3ec4fef1743cebbd06d0f9b14490e73e2c46183", "type": "XML", "filename": "res/layout/patch2_activity_main.xml", "size": 1064}, {"datetime": "2021-11-02 17:21:04", "sha256": "c85962b6f8f8905d075ca4df18ad12f8ddabaf4ae4b9898d4810df8e642d18e7", "type": "unknown", "filename": "resources.arsc", "size": 6052}, {"datetime": "2021-11-02 17:21:04", "sha256": "f0a263c0b65b1bc959651e7f891f5cc92aabd91eaa6530edbf78f77b2490b33b", "type": "unknown", "filename": "META-INF/FLY.SF", "size": 1283}, {"datetime": "2021-11-02 17:21:04", "sha256": "58a23b23df9ad32a1c8e03477d8041decfefa870edbc5cd9d2e5513274da34f1", "type": "unknown", "filename": "META-INF/FLY.RSA", "size": 1080}, {"datetime": "2021-11-02 17:21:04", "sha256": "8fe9f5f357f75486683f1621c83d26999db972af599b90ab0bcc8e5e46d53278", "type": "unknown", "filename": "META-INF/MANIFEST.MF", "size": 1275}], "uncompressed_size": 485543}}, "size": 356169, "authentihash": null, "times_submitted": 1, "harmless_votes": 0, "malicious_votes": 0, "sha256": "99ba423c10528b76265d0267a1c09520557854bf75f27ef47ee337860137d7bb", "type": "Android", "scans": {"Bkav": {"detected": false, "version": "1.3.0.9899", "result": null, "update": "20211102"}, "Lionic": {"detected": true, "version": "4.2", "result": "Trojan.AndroidOS.Generic.C!c", "update": "20211103"}, "ClamAV": {"detected": false, "version": "0.104.0.0", "result": null, "update": "20211102"}, "CMC": {"detected": false, "version": "2.10.2019.1", "result": null, "update": "20211026"}, "CAT-QuickHeal": {"detected": true, "version": "14.00", "result": "Android.Agent.GEN36614", "update": "20211103"}, "McAfee": {"detected": true, "version": "6.0.6.653", "result": "Adwind-FDWB.jar!BE68BBB422D0", "update": "20211103"}, "ALYac": {"detected": false, "version": "1.1.3.1", "result": null, "update": "20211103"}, "Malwarebytes": {"detected": false, "version": "4.2.2.27", "result": null, "update": "20211103"}, "VIPRE": {"detected": false, "version": "96678", "result": null, "update": "20211103"}, "Sangfor": {"detected": false, "version": "2.9.0.0", "result": null, "update": "20211103"}, "K7AntiVirus": {"detected": false, "version": "11.225.39131", "result": null, "update": "20211103"}, "Alibaba": {"detected": false, "version": "0.3.0.5", "result": null, "update": "20190527"}, "K7GW": {"detected": true, "version": "11.225.39131", "result": "Trojan ( 005606f31 )", "update": "20211103"}, "Trustlook": {"detected": false, "version": "1.0", "result": null, "update": "20211103"}, "Arcabit": {"detected": false, "version": "1.0.0.886", "result": null, "update": "20211103"}, "Baidu": {"detected": false, "version": "1.0.0.2", "result": null, "update": "20190318"}, "Cyren": {"detected": true, "version": "6.3.0.2", "result": "AndroidOS/Trojan.TCDR-8", "update": "20211103"}, "SymantecMobileInsight": {"detected": false, "version": "2.0", "result": null, "update": "20210126"}, "ESET-NOD32": {"detected": true, "version": "24229", "result": "a variant of Android/TrojanDropper.Agent.FNN", "update": "20211103"}, "TrendMicro-HouseCall": {"detected": false, "version": "10.0.0.1040", "result": null, "update": "20211101"}, "Avast": {"detected": false, "version": "21.1.5827.0", "result": null, "update": "20211103"}, "Cynet": {"detected": true, "version": "4.0.0.27", "result": "Malicious (score: 99)", "update": "20211103"}, "Kaspersky": {"detected": false, "version": "21.0.1.45", "result": null, "update": "20211103"}, "BitDefender": {"detected": false, "version": "7.2", "result": null, "update": "20211103"}, "NANO-Antivirus": {"detected": true, "version": "1.0.146.25370", "result": "Trojan.Android.Mlw.hjmrke", "update": "20211103"}, "SUPERAntiSpyware": {"detected": false, "version": "5.6.0.1032", "result": null, "update": "20211030"}, "MicroWorld-eScan": {"detected": false, "version": "14.0.409.0", "result": null, "update": "20211103"}, "Rising": {"detected": false, "version": "25.0.0.26", "result": null, "update": "20211103"}, "Ad-Aware": {"detected": false, "version": "3.0.21.193", "result": null, "update": "20211103"}, "Emsisoft": {"detected": false, "version": "2021.5.0.7597", "result": null, "update": "20211103"}, "Comodo": {"detected": false, "version": "34044", "result": null, "update": "20211102"}, "F-Secure": {"detected": true, "version": "12.0.86.52", "result": "Malware.ANDROID/Packed.FGXW.Gen", "update": "20211103"}, "DrWeb": {"detected": true, "version": "7.0.52.8270", "result": "Android.Packed.54935", "update": "20211103"}, "Zillya": {"detected": true, "version": "2.0.0.4487", "result": "Dropper.Agent.Android.142770", "update": "20211102"}, "TrendMicro": {"detected": false, "version": "11.0.0.1006", "result": null, "update": "20211103"}, "McAfee-GW-Edition": {"detected": true, "version": "v2019.1.2+3728", "result": "Adwind-FDWB.jar!BE68BBB422D0", "update": "20211102"}, "FireEye": {"detected": false, "version": "32.44.1.0", "result": null, "update": "20211103"}, "Sophos": {"detected": false, "version": "1.4.1.0", "result": null, "update": "20211103"}, "Ikarus": {"detected": true, "version": "0.1.5.2", "result": "Trojan.AndroidOS.SpyNote", "update": "20211102"}, "Avast-Mobile": {"detected": true, "version": "211102-00", "result": "Android:Evo-gen [Trj]", "update": "20211102"}, "Jiangmin": {"detected": false, "version": "16.0.100", "result": null, "update": "20211102"}, "Avira": {"detected": true, "version": "8.3.3.12", "result": "ANDROID/Packed.FGXW.Gen", "update": "20211103"}, "Antiy-AVL": {"detected": true, "version": "3.0.0.1", "result": "GrayWare/Win32.Presenoker", "update": "20211103"}, "Kingsoft": {"detected": false, "version": "2017.9.26.565", "result": null, "update": "20211103"}, "Gridinsoft": {"detected": false, "version": "1.0.60.158", "result": null, "update": "20211103"}, "Microsoft": {"detected": true, "version": "1.1.18700.4", "result": "Trojan:AndroidOS/Vigorf.A", "update": "20211103"}, "ViRobot": {"detected": false, "version": "2014.3.20.0", "result": null, "update": "20211103"}, "ZoneAlarm": {"detected": false, "version": "1.0", "result": null, "update": "20211102"}, "GData": {"detected": false, "version": "A:25.31229B:27.25015", "result": null, "update": "20211103"}, "BitDefenderFalx": {"detected": true, "version": "2.0.936", "result": "Android.Riskware.Drolock.BT", "update": "20210610"}, "AhnLab-V3": {"detected": false, "version": "3.21.1.10219", "result": null, "update": "20211103"}, "BitDefenderTheta": {"detected": false, "version": "7.2.37796.0", "result": null, "update": "20211021"}, "TACHYON": {"detected": false, "version": "2021-11-03.02", "result": null, "update": "20211103"}, "VBA32": {"detected": false, "version": "5.0.0", "result": null, "update": "20211102"}, "Zoner": {"detected": false, "version": "0.0.0.0", "result": null, "update": "20211102"}, "Tencent": {"detected": false, "version": "1.0.0.1", "result": null, "update": "20211103"}, "Yandex": {"detected": true, "version": "5.5.2.24", "result": "Trojan.Mober.bT4cib.66", "update": "20211103"}, "MAX": {"detected": false, "version": "2019.9.16.1", "result": null, "update": "20211103"}, "MaxSecure": {"detected": true, "version": "1.0.0.1", "result": "Android.WIN32.Boogr.gsh", "update": "20211102"}, "Fortinet": {"detected": true, "version": "6.2.142.0", "result": "Android/Agent.DUI!tr", "update": "20211103"}}, "tags": ["apk", "android"], "scan_id": "99ba423c10528b76265d0267a1c09520557854bf75f27ef47ee337860137d7bb-1635930841", "unique_sources": 1, "positives": 21, "ssdeep": "6144:Xh9rGR2rUWSjBrtPRr81Rr8AYSaYKDuV5omkvOXCAbfNqbPOXCAbfNqb6Lf6LXcx:Xh9rIjWSjRt5rGrOntDufk2yZSyZ+Loq", "md5": "be68bbb422d0550a41c577dd0eb3771a", "permalink": "https://www.virustotal.com/gui/file/99ba423c10528b76265d0267a1c09520557854bf75f27ef47ee337860137d7bb/detection/f-99ba423c10528b76265d0267a1c09520557854bf75f27ef47ee337860137d7bb-1635930841", "sha1": "d0a584a8ec9eb444783cb9e8ee21d0927450321a", "submission": {"submitter_region": "wb", "date": "2021-11-03 09:14:01", "submitter_country": "IN", "filename": "Inject 1.66.apk"}, "response_code": 1, "community_reputation": 0, "verbose_msg": "Scan finished, information embedded", "ITW_urls": [], "last_seen": "2021-11-03 09:14:01"}