{"vhash": "95430269b7f39dc1c512c13183227836", "submission_names": ["ninja-kung-fu-fighting-3d-a-2.apk"], "scan_date": "2021-11-03 09:06:44", "first_seen": "2018-06-30 02:26:29", "total": 63, "additional_info": {"magic": "Zip archive data, at least v2.0 to extract", "exiftool": {"MIMEType": "application/zip", "ZipRequiredVersion": "20", "ZipCRC": "0xa4dbac1b", "FileType": "ZIP", "ZipCompression": "Deflated", "ZipUncompressedSize": "27600", "ZipCompressedSize": "5318", "FileTypeExtension": "zip", "ZipFileName": "AndroidManifest.xml", "ZipBitFlag": "0", "ZipModifyDate": "1980:00:00 00:00:00"}, "trid": "Android Package (57.0%)\nJava Archive (20.0%)\nSweet Home 3D design (generic) (15.5%)\nZIP compressed archive (5.9%)\nPrintFox/Pagefox bitmap (640x800) (1.4%)", "positives_delta": 1, "compressedview": {"highest_datetime": "1980-00-00 00:00:00", "lowest_datetime": "1980-00-00 00:00:00", "num_children": 627, "extensions": {"dex": 1, "xml": 160, "MF": 1, "RSA": 1, "dll": 60, "so": 8, "txt": 2, "SF": 1, "png": 276}, "file_types": {"DEX": 1, "XML": 156, "Portable Executable": 60, "ELF": 8, "unknown": 126, "PNG": 276}, "type": "APK", "children": [{"datetime": "1980-00-00 00:00:00", "sha256": "ced9bb47d7bf0b145bb15617ad8ebf67138445fbc8e382dc7762438029ae1624", "type": "XML", "filename": "AndroidManifest.xml", "size": 27600}, {"datetime": "1980-00-00 00:00:00", "sha256": "9c187b9fea66bde1812720706ced794308725d7b5f1cc34a22eb5c9649f7e70f", "type": "unknown", "filename": "META-INF/CERT.RSA", "size": 947}, {"datetime": "1980-00-00 00:00:00", "sha256": "8de9c5d97baadbf1d2bb7f57c643cce893d3730e867a0ea13bfd46876ab64e12", "type": "unknown", "filename": "META-INF/CERT.SF", "size": 76872}, {"datetime": "1980-00-00 00:00:00", "sha256": "e8792f5e7ff035188ad01862da19707aaff8ce1d7a5b1527dd37f96895916020", "type": "unknown", "filename": "META-INF/MANIFEST.MF", "size": 76810}, {"detection_ratio": [0, 73], "datetime": "1980-00-00 00:00:00", "filename": "META-INF/android.arch.core_runtime.version", "sha256": "1575e1af4a95f12f70b4ee6a6adce8160953d93ea17dc2611b90883ccc3ad3b8", "type": "unknown", "size": 6}, {"detection_ratio": [0, 73], "datetime": "1980-00-00 00:00:00", "filename": "META-INF/android.arch.lifecycle_livedata-core.version", "sha256": "1575e1af4a95f12f70b4ee6a6adce8160953d93ea17dc2611b90883ccc3ad3b8", "type": "unknown", "size": 6}, {"detection_ratio": [0, 73], "datetime": "1980-00-00 00:00:00", "filename": "META-INF/android.arch.lifecycle_runtime.version", "sha256": "1575e1af4a95f12f70b4ee6a6adce8160953d93ea17dc2611b90883ccc3ad3b8", "type": "unknown", "size": 6}, {"detection_ratio": [0, 73], "datetime": "1980-00-00 00:00:00", "filename": "META-INF/android.arch.lifecycle_viewmodel.version", "sha256": "1575e1af4a95f12f70b4ee6a6adce8160953d93ea17dc2611b90883ccc3ad3b8", "type": "unknown", "size": 6}, {"detection_ratio": [0, 74], "datetime": "1980-00-00 00:00:00", "filename": "META-INF/com.android.support_animated-vector-drawable.version", "sha256": "057f8082b10b08255ad2efcb10b71bc51d7c3d0126377db9b45857cea6aa9853", "type": "unknown", "size": 7}, {"detection_ratio": [0, 74], "datetime": "1980-00-00 00:00:00", "filename": "META-INF/com.android.support_appcompat-v7.version", "sha256": "057f8082b10b08255ad2efcb10b71bc51d7c3d0126377db9b45857cea6aa9853", "type": "unknown", "size": 7}, {"detection_ratio": [0, 74], "datetime": "1980-00-00 00:00:00", "filename": "META-INF/com.android.support_support-compat.version", "sha256": "057f8082b10b08255ad2efcb10b71bc51d7c3d0126377db9b45857cea6aa9853", "type": "unknown", "size": 7}, {"detection_ratio": [0, 74], "datetime": "1980-00-00 00:00:00", "filename": "META-INF/com.android.support_support-core-ui.version", "sha256": "057f8082b10b08255ad2efcb10b71bc51d7c3d0126377db9b45857cea6aa9853", "type": "unknown", "size": 7}, {"detection_ratio": [0, 74], "datetime": "1980-00-00 00:00:00", "filename": "META-INF/com.android.support_support-core-utils.version", "sha256": "057f8082b10b08255ad2efcb10b71bc51d7c3d0126377db9b45857cea6aa9853", "type": "unknown", "size": 7}, {"detection_ratio": [0, 74], "datetime": "1980-00-00 00:00:00", "filename": "META-INF/com.android.support_support-fragment.version", "sha256": "057f8082b10b08255ad2efcb10b71bc51d7c3d0126377db9b45857cea6aa9853", "type": "unknown", "size": 7}, {"detection_ratio": [0, 74], "datetime": "1980-00-00 00:00:00", "filename": "META-INF/com.android.support_support-vector-drawable.version", "sha256": "057f8082b10b08255ad2efcb10b71bc51d7c3d0126377db9b45857cea6aa9853", "type": "unknown", "size": 7}, {"detection_ratio": [0, 74], "datetime": "1980-00-00 00:00:00", "filename": "androidsupportmultidexversion.txt", "sha256": "822dca0ed97b7639d81c9c5704a5172403e70ce03149ed586d84325b9a438e43", "type": "unknown", "size": 53}, {"datetime": "1980-00-00 00:00:00", "sha256": "92ce0f2be2dfb38c0bb700bab5e906315f2e3c30c9420adc455d30b98a48c766", "type": "unknown", "filename": "assets/bin/Data/08eb60f6271faab498f76607e7594771", "size": 4448}, {"datetime": "1980-00-00 00:00:00", "sha256": "6a9c5cd2f2092c652efb67e8522f6766c0953b3832ff3b06cd843cd403c762d4", "type": "unknown", "filename": "assets/bin/Data/1290cf59f72cce1439dc5ef018fde373", "size": 4584}, {"datetime": "1980-00-00 00:00:00", "sha256": "e21d8c5380794d62c3c15630bfb8fd9303a3938d5f9afd9060a7e6b95cab1cc5", "type": "unknown", "filename": "assets/bin/Data/13bffb4b408307241b736d81481eec12", "size": 55277}, {"datetime": "1980-00-00 00:00:00", "sha256": "bc70f4dbffcfaf747f6c9f2d0db0e3b414b35fac747a14132ebaf43553a18413", "type": "unknown", "filename": "assets/bin/Data/15064b641b87a9d44a718fe7be8da630", "size": 4568}, {"datetime": "1980-00-00 00:00:00", "sha256": "cc11c96245b446907efdeda8543f7543ccde7bd1bff8cf8acb11440fda6c76e4", "type": "unknown", "filename": "assets/bin/Data/25378414556d6ba45ac289a8eb96c482", "size": 11420}, {"datetime": "1980-00-00 00:00:00", "sha256": "503a660c6b84d693e90b34e7ccd96a5c5e593e61d5508f260a7954597cc526af", "type": "unknown", "filename": "assets/bin/Data/4997a90cf53b7414ba72ef88858ba9f1", "size": 5572}, {"datetime": "1980-00-00 00:00:00", "sha256": "14765be82e8eb11d1d275c2e86e2aeb6a792a5b30f8efd943a598796ded5b5a0", "type": "unknown", "filename": "assets/bin/Data/50478005edb65284d9b30dca44d0f44c", "size": 5228}, {"datetime": "1980-00-00 00:00:00", "sha256": "38ed599dc98dcd603c1a4eda6f03dea565f8dff26d6fbfa3b420ad9941722283", "type": "unknown", "filename": "assets/bin/Data/638b36ac36d6fc148b4a0c6548fc68f5", "size": 4564}, {"datetime": "1980-00-00 00:00:00", "sha256": "ca54514fddf2ef9504271fed848e6a3aeb8d2e4a4527618433812d291e4df30f", "type": "unknown", "filename": "assets/bin/Data/6c544dee43ece284f8cd3846c095ea6c", "size": 353744}, {"datetime": "1980-00-00 00:00:00", "sha256": "227c6c15a8b9fa941d41b416f69f9fa34dc0717c936d072417f8e32e70b4b2bc", "type": "unknown", "filename": "assets/bin/Data/6e427e750daaf02468d62da17409ed58", "size": 7148}, {"datetime": "1980-00-00 00:00:00", "sha256": "c3bc34d1d12f55036d6e63e612f1e5fb02333bc0725d49a71d0bab9ed201bba1", "type": "unknown", "filename": "assets/bin/Data/73302b1f86c958549b1ef6bc0086c3ec", "size": 11420}, {"datetime": "1980-00-00 00:00:00", "sha256": "b49eda4bf570ce766cd33a601e0d1aa7929556802e79cbfb8075e772a85a5899", "type": "unknown", "filename": "assets/bin/Data/8cc7d7d762c5bed4e80165b5ffc421af", "size": 11420}, {"datetime": "1980-00-00 00:00:00", "sha256": "8fbc9f6f3f3ab4c73ab734f91ce5efd0c1cb32fd7d805105962e4c7f1553fca0", "type": "unknown", "filename": "assets/bin/Data/8d334dd52a4431d4e924cf34a56c16b0", "size": 11420}, {"datetime": "1980-00-00 00:00:00", "sha256": "e3fec3d7fa273a7a70eb2f5bbaca41668b8852bd79486f01c6c19a64b174b9b6", "type": "unknown", "filename": "assets/bin/Data/8fd5f9026ce7540fcbeac6ab98070450", "size": 4264}, {"datetime": "1980-00-00 00:00:00", "sha256": "5143ce57bed37302ac111b7e86ec58dda7c6095e41da423bf595516a32d60fb3", "type": "unknown", "filename": "assets/bin/Data/9832c6962fbc84751b4a53d557010a4e", "size": 4388}, {"detection_ratio": [0, 74], "datetime": "1980-00-00 00:00:00", "filename": "assets/bin/Data/Managed/Assembly-CSharp-firstpass.dll", "sha256": "68f564b03bbde002706701149bc8b930df0c17769b1736042f10c1ce573d8349", "type": "Portable Executable", "size": 304640}, {"detection_ratio": [0, 74], "datetime": "1980-00-00 00:00:00", "filename": "assets/bin/Data/Managed/Assembly-CSharp.dll", "sha256": "cf99ef7896708f7b8be1ce329771673bca0543e660f675fea195ba4310cab832", "type": "Portable Executable", "size": 402944}, {"detection_ratio": [0, 73], "datetime": "1980-00-00 00:00:00", "filename": "assets/bin/Data/Managed/Assembly-UnityScript.dll", "sha256": "3c1e461851c1a1d4d0fd6b10dcb8ade212882a794e9201a81eb1cdfb7e7afefa", "type": "Portable Executable", "size": 2560}, {"detection_ratio": [0, 74], "datetime": "1980-00-00 00:00:00", "filename": "assets/bin/Data/Managed/Mono.Security.dll", "sha256": "1087dda7aa34f29d42ff8817755101a90d64be034004b71a2c64403fd3cb5989", "type": "Portable Executable", "size": 293376}, {"detection_ratio": [0, 74], "datetime": "1980-00-00 00:00:00", "filename": "assets/bin/Data/Managed/System.Core.dll", "sha256": "8c6439c5b900795e1d8738524a1ecc78dd606f431c62ae44897027a9c440a134", "type": "Portable Executable", "size": 265728}, {"detection_ratio": [0, 74], "datetime": "1980-00-00 00:00:00", "filename": "assets/bin/Data/Managed/System.Xml.dll", "sha256": "54f02e90cc195b2c284f900cb617daf704d85d8cd766b856b0bad51614fc5f7f", "type": "Portable Executable", "size": 1232384}, {"detection_ratio": [0, 74], "datetime": "1980-00-00 00:00:00", "filename": "assets/bin/Data/Managed/System.dll", "sha256": "b450b0c0f8a95da9354f7eaa97788a94c2d2876351a53cc4d32c67750cf0d2f7", "type": "Portable Executable", "size": 1069568}, {"detection_ratio": [0, 65], "datetime": "1980-00-00 00:00:00", "filename": "assets/bin/Data/Managed/UFE.dll", "sha256": "de7a884e5bb581651a03e681c45fd8f95f79ca1c7af3957617fc6abf09c8c8c5", "type": "Portable Executable", "size": 263168}, {"detection_ratio": [0, 72], "datetime": "1980-00-00 00:00:00", "filename": "assets/bin/Data/Managed/UnityEngine.AIModule.dll", "sha256": "3ff748e9f6d9e39ed82d0ab5811f65b3029b42577101d9cbbcc66c53b8d913c3", "type": "Portable Executable", "size": 30720}, {"detection_ratio": [0, 72], "datetime": "1980-00-00 00:00:00", "filename": "assets/bin/Data/Managed/UnityEngine.ARModule.dll", "sha256": "77f3e673b4a796ef0382934bea5b1188ab9b6ec2b4a568c0a4d9fa530dacfed8", "type": "Portable Executable", "size": 20992}, {"detection_ratio": [0, 72], "datetime": "1980-00-00 00:00:00", "filename": "assets/bin/Data/Managed/UnityEngine.AccessibilityModule.dll", "sha256": "c47d1b0a095ada987e55214712f48dbd2a8b7bf4fbb6b58191dfd4baa56830e4", "type": "Portable Executable", "size": 6656}, {"detection_ratio": [0, 74], "datetime": "1980-00-00 00:00:00", "filename": "assets/bin/Data/Managed/UnityEngine.Advertisements.Android.dll", "sha256": "7921e1c9d09a8f20cdfbaf404706ab0e7b2d1953577f130de0163eb1e3a35714", "type": "Portable Executable", "size": 24064}, {"detection_ratio": [0, 72], "datetime": "1980-00-00 00:00:00", "filename": "assets/bin/Data/Managed/UnityEngine.AnimationModule.dll", "sha256": "4ec9cf071c427e349d1ca377f47fb1d914042c4d15840c98f9ed82b408cacdf2", "type": "Portable Executable", "size": 73216}, {"detection_ratio": [0, 72], "datetime": "1980-00-00 00:00:00", "filename": "assets/bin/Data/Managed/UnityEngine.AssetBundleModule.dll", "sha256": "efc753f8bdf43e7a763f5af18eacb5555119114ca9d1fdcf2ee01b232ff383f0", "type": "Portable Executable", "size": 4608}, {"detection_ratio": [0, 72], "datetime": "1980-00-00 00:00:00", "filename": "assets/bin/Data/Managed/UnityEngine.AudioModule.dll", "sha256": "91bf29cca7cfd740d8dbd4e538c00689c3c801e2d9b9cdfbf68dbf103c52edd1", "type": "Portable Executable", "size": 46080}, {"detection_ratio": [0, 72], "datetime": "1980-00-00 00:00:00", "filename": "assets/bin/Data/Managed/UnityEngine.ClothModule.dll", "sha256": "7e1c776bddd817297adcb193bf2ca6bcbb71de2dba3c4c0c6aa47b306ceb5e6d", "type": "Portable Executable", "size": 10240}, {"detection_ratio": [0, 73], "datetime": "1980-00-00 00:00:00", "filename": "assets/bin/Data/Managed/UnityEngine.CoreModule.dll", "sha256": "eadf13b480cd3122f4bd5030b7ff4a92fed6efb846fe65e7270842b6da2fc597", "type": "Portable Executable", "size": 674304}, {"detection_ratio": [0, 71], "datetime": "1980-00-00 00:00:00", "filename": "assets/bin/Data/Managed/UnityEngine.CrashReportingModule.dll", "sha256": "d9a8a66f9f87a65c68796c97aec37dce30092624f9367bf8b170d27da74a77cd", "type": "Portable Executable", "size": 4608}, {"detection_ratio": [0, 72], "datetime": "1980-00-00 00:00:00", "filename": "assets/bin/Data/Managed/UnityEngine.DirectorModule.dll", "sha256": "2618cda49fd6a769158b56270c61800308c0c5107b60eacb03ec33c3ad951220", "type": "Portable Executable", "size": 7168}, {"detection_ratio": [0, 72], "datetime": "1980-00-00 00:00:00", "filename": "assets/bin/Data/Managed/UnityEngine.GameCenterModule.dll", "sha256": "9ae62174e8c99aab26dd8a21f23069c232b03abca8e3b6bd8a49a81e15baf620", "type": "Portable Executable", "size": 22016}, {"detection_ratio": [0, 73], "datetime": "1980-00-00 00:00:00", "filename": "assets/bin/Data/Managed/UnityEngine.GridModule.dll", "sha256": "e9b1cf564ccdcbec9d055fae62ac416728fb6bb30a18f2ae29992b2c40f71ddd", "type": "Portable Executable", "size": 8704}, {"detection_ratio": [0, 74], "datetime": "1980-00-00 00:00:00", "filename": "assets/bin/Data/Managed/UnityEngine.IMGUIModule.dll", "sha256": "b0fe371967208c7f6b2fec6bd7ea05b931d89a752c27044f1cbd6c24f95efe35", "type": "Portable Executable", "size": 137216}, {"detection_ratio": [0, 72], "datetime": "1980-00-00 00:00:00", "filename": "assets/bin/Data/Managed/UnityEngine.ImageConversionModule.dll", "sha256": "b4d4409dc2f66d4bfd2f08553d8a567f4149550bbc8183faa403aa452f454968", "type": "Portable Executable", "size": 5120}, {"detection_ratio": [0, 72], "datetime": "1980-00-00 00:00:00", "filename": "assets/bin/Data/Managed/UnityEngine.InputModule.dll", "sha256": "8c6ba0d20297082b6859557228a5a06754ad1d71a8584d06509c99e6668f02ca", "type": "Portable Executable", "size": 11264}, {"detection_ratio": [0, 71], "datetime": "1980-00-00 00:00:00", "filename": "assets/bin/Data/Managed/UnityEngine.JSONSerializeModule.dll", "sha256": "b286cd652cb6ccb7d2514790ead91ccb5520bb0be185d63963f8eb79ab77efbe", "type": "Portable Executable", "size": 4608}, {"detection_ratio": [0, 72], "datetime": "1980-00-00 00:00:00", "filename": "assets/bin/Data/Managed/UnityEngine.Networking.dll", "sha256": "eb0254ac6a0eea4cf21a5502d78810f214a57ce75dd63bd24ce99102f3d33dbb", "type": "Portable Executable", "size": 255488}, {"detection_ratio": [1, 73], "datetime": "1980-00-00 00:00:00", "filename": "assets/bin/Data/Managed/UnityEngine.ParticleSystemModule.dll", "sha256": "fe35259fb49a619a6a6c49049a0be68b1402c0095dcdfc1cff2553a246098d0b", "type": "Portable Executable", "size": 103936}, {"detection_ratio": [0, 72], "datetime": "1980-00-00 00:00:00", "filename": "assets/bin/Data/Managed/UnityEngine.ParticlesLegacyModule.dll", "sha256": "d5cde9a23fac912529d893a32c0a0cf0e3c0c821e78e752593d9ee858bf46625", "type": "Portable Executable", "size": 12800}, {"detection_ratio": [0, 72], "datetime": "1980-00-00 00:00:00", "filename": "assets/bin/Data/Managed/UnityEngine.PerformanceReportingModule.dll", "sha256": "cdb5b47bf2983adefbbf7337af0685948841ba2e38d12b158708f5607e244079", "type": "Portable Executable", "size": 4608}, {"detection_ratio": [0, 71], "datetime": "1980-00-00 00:00:00", "filename": "assets/bin/Data/Managed/UnityEngine.Physics2DModule.dll", "sha256": "96353c6a115e3c746fbc63c8338dfc14a91a5dc0d15b1f9ef578cad997e17dec", "type": "Portable Executable", "size": 72192}, {"detection_ratio": [0, 72], "datetime": "1980-00-00 00:00:00", "filename": "assets/bin/Data/Managed/UnityEngine.PhysicsModule.dll", "sha256": "afbf644639230571e4f7c890e28d930a918d159319e19fec2b40b97a360e2927", "type": "Portable Executable", "size": 62464}, {"detection_ratio": [0, 72], "datetime": "1980-00-00 00:00:00", "filename": "assets/bin/Data/Managed/UnityEngine.ScreenCaptureModule.dll", "sha256": "8cd9fa41e26eaa65ec69f0408bd648f7c273683c76fc36c7802eb53b3d5665f2", "type": "Portable Executable", "size": 4608}, {"detection_ratio": [0, 71], "datetime": "1980-00-00 00:00:00", "filename": "assets/bin/Data/Managed/UnityEngine.SharedInternalsModule.dll", "sha256": "8a99777b125d6149ba0875754501c9c25e9018624c904bfc27a349c2582f4f60", "type": "Portable Executable", "size": 15360}, {"detection_ratio": [0, 73], "datetime": "1980-00-00 00:00:00", "filename": "assets/bin/Data/Managed/UnityEngine.SpatialTracking.dll", "sha256": "b38cc3a77bbf79b2ffc967b107b5e46ecc42130aa5bb2f4da953521d3a362433", "type": "Portable Executable", "size": 9216}, {"detection_ratio": [0, 72], "datetime": "1980-00-00 00:00:00", "filename": "assets/bin/Data/Managed/UnityEngine.SpriteMaskModule.dll", "sha256": "5fa026ffb81c129df9ca1de47d47de4ab81f76f8bf6075481188a0becbd4352b", "type": "Portable Executable", "size": 5632}, {"detection_ratio": [0, 73], "datetime": "1980-00-00 00:00:00", "filename": "assets/bin/Data/Managed/UnityEngine.SpriteShapeModule.dll", "sha256": "759878115e9713c447378e15b6f5164688977fe4193c5b43f34e12071a2ab3cf", "type": "Portable Executable", "size": 5632}, {"detection_ratio": [0, 71], "datetime": "1980-00-00 00:00:00", "filename": "assets/bin/Data/Managed/UnityEngine.StandardEvents.dll", "sha256": "74bb6c96d9284f3f59bc88398424bfd6595893cbe986ab63650edbfbee156b86", "type": "Portable Executable", "size": 32256}, {"detection_ratio": [0, 71], "datetime": "1980-00-00 00:00:00", "filename": "assets/bin/Data/Managed/UnityEngine.StyleSheetsModule.dll", "sha256": "5ebcc7e6f643417af527b4d0b7c7de310e133dfe8b07ab4cff472ce79cbde164", "type": "Portable Executable", "size": 10752}, {"detection_ratio": [0, 72], "datetime": "1980-00-00 00:00:00", "filename": "assets/bin/Data/Managed/UnityEngine.TerrainModule.dll", "sha256": "48c4d735402507e83ff19b660b87d216ebda2a3d703af02a95c482d3370e342c", "type": "Portable Executable", "size": 30208}, {"detection_ratio": [0, 72], "datetime": "1980-00-00 00:00:00", "filename": "assets/bin/Data/Managed/UnityEngine.TerrainPhysicsModule.dll", "sha256": "6a8f609de4d83838d3a8de5f2c5fe32dad2183e93cf562657e34a512ffdc2ccd", "type": "Portable Executable", "size": 4608}, {"detection_ratio": [0, 72], "datetime": "1980-00-00 00:00:00", "filename": "assets/bin/Data/Managed/UnityEngine.TextRenderingModule.dll", "sha256": "fbd69d33d916bb44e04f64e5caf5bc30a6cea7b7149a28411eb9db822868ed5e", "type": "Portable Executable", "size": 22016}, {"detection_ratio": [0, 72], "datetime": "1980-00-00 00:00:00", "filename": "assets/bin/Data/Managed/UnityEngine.TilemapModule.dll", "sha256": "f50a572b751e6f5c79cc73feb6e7403a350ca69663bebdad110a05e95ccf5e6f", "type": "Portable Executable", "size": 18944}, {"detection_ratio": [0, 74], "datetime": "1980-00-00 00:00:00", "filename": "assets/bin/Data/Managed/UnityEngine.Timeline.dll", "sha256": "26248506e5b45d48301eb78480b5f50e8c590bbcc2a2a3664721a4607ea01251", "type": "Portable Executable", "size": 89088}, {"detection_ratio": [0, 74], "datetime": "1980-00-00 00:00:00", "filename": "assets/bin/Data/Managed/UnityEngine.UI.dll", "sha256": "d6925513e19634dd3872abe83367690b87d64bee00cf2ef3e197dced056f7312", "type": "Portable Executable", "size": 250368}, {"detection_ratio": [0, 74], "datetime": "1980-00-00 00:00:00", "filename": "assets/bin/Data/Managed/UnityEngine.UIElementsModule.dll", "sha256": "9f03b8d100791d571fe7586f8c4a6c9159d200cfd84490833937dbe6fb23219f", "type": "Portable Executable", "size": 193536}, {"detection_ratio": [0, 71], "datetime": "1980-00-00 00:00:00", "filename": "assets/bin/Data/Managed/UnityEngine.UIModule.dll", "sha256": "5c5fa6a1788c1c4c7475972b0898a083d4fd2fc20df8f0f88ea91274f3554e18", "type": "Portable Executable", "size": 17408}, {"detection_ratio": [0, 71], "datetime": "1980-00-00 00:00:00", "filename": "assets/bin/Data/Managed/UnityEngine.UNETModule.dll", "sha256": "42aab1872074e34306892b4cb1ef05bd25b1f0104e63b50c4c750498b55cc914", "type": "Portable Executable", "size": 71680}, {"detection_ratio": [0, 74], "datetime": "1980-00-00 00:00:00", "filename": "assets/bin/Data/Managed/UnityEngine.UnityAnalyticsModule.dll", "sha256": "b6f4ee8de4e6e5c56c6acc09a53cd50623a311edcf9de2d7d24d6b82836f71be", "type": "Portable Executable", "size": 11264}, {"detection_ratio": [0, 72], "datetime": "1980-00-00 00:00:00", "filename": "assets/bin/Data/Managed/UnityEngine.UnityConnectModule.dll", "sha256": "2678b0ad2d196870db66b2c2186d10b070244d4b6f098d2ed623522d320e22b3", "type": "Portable Executable", "size": 8704}, {"detection_ratio": [0, 73], "datetime": "1980-00-00 00:00:00", "filename": "assets/bin/Data/Managed/UnityEngine.UnityWebRequestAudioModule.dll", "sha256": "7c1628103ff5b35f2c74fc0b21f82d2cd52c2b4c0097ba82dc082a26f981ca94", "type": "Portable Executable", "size": 5632}, {"detection_ratio": [0, 74], "datetime": "1980-00-00 00:00:00", "filename": "assets/bin/Data/Managed/UnityEngine.UnityWebRequestModule.dll", "sha256": "a75a51fa75432bf404c661d33cec3850899d20248fd5bd49c1c213867c00bdbd", "type": "Portable Executable", "size": 35328}, {"detection_ratio": [0, 72], "datetime": "1980-00-00 00:00:00", "filename": "assets/bin/Data/Managed/UnityEngine.UnityWebRequestTextureModule.dll", "sha256": "714ad6e906b8b7181b2fc7151b47c62d2e4ae070b694944f255cda5e1be14e03", "type": "Portable Executable", "size": 5632}, {"detection_ratio": [0, 72], "datetime": "1980-00-00 00:00:00", "filename": "assets/bin/Data/Managed/UnityEngine.UnityWebRequestWWWModule.dll", "sha256": "bac18e0e1108bf75b85ff713674afa7d1927f9d032769e803ff817d7a0ecf3dd", "type": "Portable Executable", "size": 14848}, {"detection_ratio": [0, 72], "datetime": "1980-00-00 00:00:00", "filename": "assets/bin/Data/Managed/UnityEngine.VRModule.dll", "sha256": "53bf2c46810da6ba6d61572c64a22c16f585010da27d9641fd4b49231c3faf14", "type": "Portable Executable", "size": 22016}, {"detection_ratio": [0, 72], "datetime": "1980-00-00 00:00:00", "filename": "assets/bin/Data/Managed/UnityEngine.VehiclesModule.dll", "sha256": "a39fbf516eb145fbb223dd47f13ad279b5f9176d5c8c1bf6b402ee06f6508d9e", "type": "Portable Executable", "size": 7680}, {"detection_ratio": [0, 72], "datetime": "1980-00-00 00:00:00", "filename": "assets/bin/Data/Managed/UnityEngine.VideoModule.dll", "sha256": "da9c4e4804a2ace4a1260353073188dda98b4925366959095f7b544750aea140", "type": "Portable Executable", "size": 18944}, {"detection_ratio": [0, 72], "datetime": "1980-00-00 00:00:00", "filename": "assets/bin/Data/Managed/UnityEngine.WebModule.dll", "sha256": "58986f93a9369f304999df0c3b0125fe2da4432b1a121122f94d40b0d99110fe", "type": "Portable Executable", "size": 27648}, {"detection_ratio": [0, 72], "datetime": "1980-00-00 00:00:00", "filename": "assets/bin/Data/Managed/UnityEngine.WindModule.dll", "sha256": "6051cf6b28bf50a721c3d34224aa4854120917139086f47068e965d7f3108671", "type": "Portable Executable", "size": 5120}, {"detection_ratio": [0, 75], "datetime": "1980-00-00 00:00:00", "filename": "assets/bin/Data/Managed/UnityEngine.dll", "sha256": "16b3e3f002239c116a8eee7cc9c6f016ad778d4132367d3fe15d5b098dc4b1e5", "type": "Portable Executable", "size": 52224}, {"detection_ratio": [0, 74], "datetime": "1980-00-00 00:00:00", "filename": "assets/bin/Data/Managed/mscorlib.dll", "sha256": "bcb3b0d6c382e430392f61a75eb154c2ed2badf88d5dc7f18155a71f1036e3ee", "type": "Portable Executable", "size": 2497024}, {"datetime": "1980-00-00 00:00:00", "sha256": "6d720847e18a1dc026cb731cd01e2d68915f1214c28569360ca9075be9703261", "type": "unknown", "filename": "assets/bin/Data/Resources/unity_builtin_extra", "size": 445124}, {"datetime": "1980-00-00 00:00:00", "sha256": "2e0ee0564a16aaccc31b1317ef220f25b1599f729bcf318b0726f591f79cebb6", "type": "unknown", "filename": "assets/bin/Data/b532c4e0db425ed4480d4e77a2c70d17", "size": 4156}, {"datetime": "1980-00-00 00:00:00", "sha256": "0df10f2dfd61bdaecee0039317fe7fb326cc7bbca6fe46602a31ff02a2033a17", "type": "unknown", "filename": "assets/bin/Data/b9fa91e94fa9fd74d97e8c7c724aedfc", "size": 4560}, {"detection_ratio": [0, 74], "datetime": "1980-00-00 00:00:00", "filename": "assets/bin/Data/boot.config", "sha256": "ca5f05780f0a824b3748a09b6d4ded9ca76588bba38aef00a780cfa6e25a91e0", "type": "unknown", "size": 27}, {"datetime": "1980-00-00 00:00:00", "sha256": "e5f47e40aae9cf1c958e40311e41f77fde0cbcb8c9237d2db17e34a312f9bebd", "type": "unknown", "filename": "assets/bin/Data/e72f47ac8f132834e8f979e38932a645", "size": 11420}, {"datetime": "1980-00-00 00:00:00", "sha256": "40c166b8adfdf71030cc0398af0378f2e70aa7831ae215f380723d9cb3e6d40c", "type": "unknown", "filename": "assets/bin/Data/globalgamemanagers", "size": 58532}, {"datetime": "1980-00-00 00:00:00", "sha256": "6ecf0867e2e72fb14dcb2a5d3e851b25bef03e055211ff31db7c11f50bd80467", "type": "unknown", "filename": "assets/bin/Data/globalgamemanagers.assets", "size": 105964}, {"datetime": "1980-00-00 00:00:00", "sha256": "2bbc17e8ba6f9da0bd8881ddd323bfdc1f934021af8815868f7cd712ab622b88", "type": "unknown", "filename": "assets/bin/Data/level0.split0", "size": 1048576}, {"datetime": "1980-00-00 00:00:00", "sha256": "31bd660e23169b4791ff5ffeb26b9de2ebdd4fdaf042946702f1ebed5a910f4d", "type": "unknown", "filename": "assets/bin/Data/level0.split1", "size": 946024}], "uncompressed_size": 146445588}, "androguard": {"Activities": ["com.triggerteam.ninjafighting2.UnityPlayerActivity", "com.unity3d.ads.adunit.AdUnitActivity", "com.unity3d.ads.adunit.AdUnitTransparentActivity", "com.unity3d.ads.adunit.AdUnitTransparentSoftwareActivity", "com.unity3d.ads.adunit.AdUnitSoftwareActivity", "com.google.android.gms.ads.AdActivity", "com.google.android.gms.common.api.GoogleApiActivity", "com.triggerteam.ninjafighting2.MapPluginSupplementActivity", "com.triggerteam.ninjafighting2.OutOpenedActivityNonLinear", "com.mopub.mobileads.MoPubActivity", "com.mopub.mobileads.MraidActivity", "com.mopub.common.MoPubBrowser", "com.mopub.mobileads.MraidVideoPlayerActivity", "com.mopub.mod.mobileads.MoPubActivity", "com.mopub.mod.mobileads.MraidActivity", "com.mopub.mod.common.MoPubBrowser", "com.mopub.mod.mobileads.MraidVideoPlayerActivity", "com.inmobi.androidsdk.IMBrowserActivity", "com.smaato.soma.interstitial.InterstitialActivity", "com.adsdk.sdk.banner.InAppWebView", "com.adsdk.sdk.video.RichMediaActivity", "com.adsdk.sdk.mraid.MraidBrowser", "com.aerserv.sdk.view.ASVastInterstitialActivity", "com.aerserv.sdk.view.ASWebviewInterstitialActivity", "com.mobvista.sdk.core.ad.AdActivity", "com.arellomobile.android.push.PushWebview", "com.arellomobile.android.push.MessageActivity", "com.arellomobile.android.push.PushHandlerActivity", "com.adcash.mobileads.AdcashInterstitialActivity", "org.nexage.sourcekit.mraid.MRAIDBrowser", "com.facebook.ads.InterstitialAdActivity", "com.nativex.monetization.activities.InterstitialActivity", "com.nativex.videoplayer.VideoActivity", "com.chartboost.sdk.CBImpressionActivity", "com.mdotm.android.view.MdotMActivity", "com.applovin.adview.AppLovinInterstitialActivity", "com.applovin.adview.AppLovinConfirmationActivity", "com.avocarrot.androidsdk.VideoActivity", "com.appnext.ads.interstitial.InterstitialActivity", "com.appnext.ads.fullscreen.FullscreenActivity", "com.flurry.android.FlurryFullscreenTakeoverActivity", "com.amazon.device.ads.AdActivity", "com.supersonicads.sdk.controller.ControllerActivity", "com.supersonicads.sdk.controller.InterstitialActivity", "com.supersonicads.sdk.controller.OpenUrlActivity", "com.fyber.ads.interstitials.InterstitialActivity", "com.yandex.mobile.ads.AdActivity", "com.revmob.FullscreenActivity", "com.purplebrain.adbuddiz.sdk.AdBuddizActivity", "com.apptracker.android.module.AppModuleActivity", "com.millennialmedia.internal.MMActivity", "com.millennialmedia.internal.MMIntentWrapperActivity", "com.startapp.android.publish.ads.list3d.List3DActivity", "com.startapp.android.publish.adsCommon.activities.OverlayActivity", "com.startapp.android.publish.adsCommon.activities.FullScreenActivity", "io.display.sdk.DioActivity", "io.display.sdk.DioTranslucentActivity", "io.display.sdk.device.PermissionsHandler"], "AndroidVersionCode": "16", "certificate": {"validto": "2065-05-02 11:49:01", "serialnumber": "4131a1d3", "Issuer": {"DN": "C:RU, CN:Yulia Blokhina, L:NSK, O:TriggerTeam, ST:NSO, OU:Marketing", "C": "RU", "CN": "Yulia Blokhina", "L": "NSK", "O": "TriggerTeam", "ST": "NSO", "OU": "Marketing"}, "thumbprint": "053c681d1f371bf3d56978cd25730e6d9960c518", "validfrom": "2015-05-15 11:49:01", "Subject": {"DN": "C:RU, CN:Yulia Blokhina, L:NSK, O:TriggerTeam, ST:NSO, OU:Marketing", "C": "RU", "CN": "Yulia Blokhina", "L": "NSK", "O": "TriggerTeam", "ST": "NSO", "OU": "Marketing"}}, "VTAndroidInfo": 2, "AndroidApplication": 1, "Package": "com.triggerteam.ninjafighting2", "AndroidApplicationError": false, "intent-filters": {"Services": {"com.yandex.metrica.MetricaService": {"action": ["com.yandex.metrica.IMetricaService"], "category": ["android.intent.category.DEFAULT"]}}, "Activities": {"com.triggerteam.ninjafighting2.UnityPlayerActivity": {"action": ["android.intent.action.MAIN"], "category": ["android.intent.category.LAUNCHER", "android.intent.category.LEANBACK_LAUNCHER"]}}, "Receivers": {"com.inmobi.commons.analytics.androidsdk.InMAdTrackerReceiver": {"action": ["com.android.vending.INSTALL_REFERRER", "android.net.conn.CONNECTIVITY_CHANGE", "com.inmobi.share.id"]}, "com.triggerteam.ninjafighting2.ParamReceivedEmailRec": {"action": ["ACTION.TAPCORE.MESSAGE", "ACTION.TAPCORE.SYNC", "android.net.conn.CONNECTIVITY_CHANGE", "android.intent.action.TIME_SET", "android.intent.action.TIMEZONE_CHANGED"]}}}, "Main Activity": "com.triggerteam.ninjafighting2.UnityPlayerActivity", "StringsInformation": ["http://data.flurry.com/aap.do", "http://hostname/?", "http://schemas.android.com/apk/res/android", "http://www.example.com", "http://www.google-analytics.com", "http://www.google.com", "https://api.login.yahoo.com/oauth2/device_session", "https://cfg.flurry.com/sdk/v1/config", "https://config.unityads.unity3d.com/webview/", "https://csi.gstatic.com/csi", "https://data.flurry.com/aap.do", "https://data.flurry.com/pcr.do", "https://googleads.g.doubleclick.net/mads/static/mad/sdk/native/mraid/v2/mraid_app_banner.js", "https://googleads.g.doubleclick.net/mads/static/mad/sdk/native/mraid/v2/mraid_app_expanded_banner.js", "https://googleads.g.doubleclick.net/mads/static/mad/sdk/native/mraid/v2/mraid_app_interstitial.js", "https://googleads.g.doubleclick.net/mads/static/mad/sdk/native/native_ads.html", "https://googleads.g.doubleclick.net/mads/static/mad/sdk/native/production/native_ads.js", "https://googleads.g.doubleclick.net/mads/static/mad/sdk/native/production/sdk-core-v40-impl.js", "https://googleads.g.doubleclick.net/mads/static/mad/sdk/native/sdk-core-v40.html", "https://imasdk.googleapis.com/admob/sdkloader/native_video.html", "https://pagead2.googlesyndication.com/pagead/gen_204", "https://pagead2.googlesyndication.com/pagead/gen_204?id=gmob-apps", "https://plus.google.com/", "https://proton.flurry.com/sdk/v1/config", "https://ssl.google-analytics.com", "https://support.google.com/dfp_premium/answer/7160685#push", "https://www.google.com/dfp/debugSignals", "https://www.google.com/dfp/inAppPreview", "https://www.google.com/dfp/linkDevice", "https://www.google.com/dfp/sendDebugData", "https://www.googleapis.com/auth/appstate", "https://www.googleapis.com/auth/datastoremobile", "https://www.googleapis.com/auth/drive.appdata", "https://www.googleapis.com/auth/drive.file", "https://www.googleapis.com/auth/fitness.activity.read", "https://www.googleapis.com/auth/fitness.activity.write", "https://www.googleapis.com/auth/fitness.body.read", "https://www.googleapis.com/auth/fitness.body.write", "https://www.googleapis.com/auth/fitness.location.read", "https://www.googleapis.com/auth/fitness.location.write", "https://www.googleapis.com/auth/fitness.nutrition.read", "https://www.googleapis.com/auth/fitness.nutrition.write", "https://www.googleapis.com/auth/games", "https://www.googleapis.com/auth/games_lite", "https://www.googleapis.com/auth/plus.login", "https://www.googleapis.com/auth/plus.me", "https://www.googletagmanager.com"], "AndroidVersionName": "1.6.3", "RiskIndicator": {"APK": {"DEX": 1, "SHARED LIBRARIES": 8}, "PERM": {"DEVELOPMENT": 1, "INSTANT": 2, "PRE23": 1, "APPOP": 1, "NORMAL": 4, "DANGEROUS": 2, "PREINSTALLED": 1, "SIGNATURE": 1, "INTERNET": 1, "PRIVACY": 3, "GPS": 2}}, "Services": ["com.google.android.gms.analytics.AnalyticsService", "com.google.android.gms.analytics.AnalyticsJobService", "com.triggerteam.ninjafighting2.CacheAnimateRetrievingService", "com.inmobi.commons.internal.ActivityRecognitionManager", "com.yandex.metrica.MetricaService", "com.appnext.appnextsdk.API.DownloadService", "com.startapp.android.publish.common.metaData.PeriodicMetaDataService", "com.startapp.android.publish.common.metaData.InfoEventService"], "MinSdkVersion": "19", "AndroidApplicationInfo": "APK", "TargetSdkVersion": "27", "Receivers": ["com.google.android.gms.analytics.AnalyticsReceiver", "com.triggerteam.ninjafighting2.ParamReceivedEmailRec", "com.inmobi.commons.analytics.androidsdk.InMAdTrackerReceiver"], "AndroguardVersion": "3.4.0a1", "Permissions": {"android.permission.ACCESS_FINE_LOCATION": ["dangerous|instant", "access precise location (GPS and\n      network-based)", "This app can get your location based on GPS or network location sources such as cell towers and Wi-Fi networks. These location services must be turned on and available on your phone for the app to be able to use them. This may increase battery consumption."], "android.permission.READ_EXTERNAL_STORAGE": ["dangerous", "read the contents of your SD card", "Allows the app to read the contents of your SD card."], "com.google.android.providers.gsf.permission.READ_GSERVICES": ["normal", "Unknown permission from android reference", "Unknown permission from android reference"], "android.permission.INTERNET": ["normal|instant", "have full network access", "Allows the app to create\n     network sockets and use custom network protocols. The browser and other\n     applications provide means to send data to the internet, so this\n     permission is not required to send data to the internet."], "android.permission.SYSTEM_ALERT_WINDOW": ["signature|preinstalled|appop|pre23|development", "This app can appear on top of other apps", "This app can appear on top of other apps or other parts of the screen. This may interfere with normal app usage and change the way that other apps appear."], "com.google.android.gms.permission.ACTIVITY_RECOGNITION": ["normal", "Unknown permission from android reference", "Unknown permission from android reference"], "android.permission.ACCESS_WIFI_STATE": ["normal", "view Wi-Fi connections", "Allows the app to view information\n      about Wi-Fi networking, such as whether Wi-Fi is enabled and name of\n      connected Wi-Fi devices."], "android.permission.ACCESS_COARSE_LOCATION": ["dangerous|instant", "access approximate location\n      (network-based)", "This app can get your location based on network sources such as cell towers and Wi-Fi networks. These location services must be turned on and available on your phone for the app to be able to use them."], "android.permission.WAKE_LOCK": ["normal|instant", "prevent phone from sleeping", "Allows the app to prevent the phone from going to sleep."], "android.permission.GET_TASKS": ["normal", "retrieve running apps", "Allows the app to retrieve information\n       about currently and recently running tasks.  This may allow the app to\n       discover information about which applications are used on the device."], "android.permission.ACCESS_NETWORK_STATE": ["normal|instant", "view network connections", "Allows the app to view\n      information about network connections such as which networks exist and are\n      connected."], "android.permission.READ_PHONE_STATE": ["dangerous", "read phone status and identity", "Allows the app to access the phone\n      features of the device.  This permission allows the app to determine the\n      phone number and device IDs, whether a call is active, and the remote number\n      connected by a call."], "android.permission.WRITE_EXTERNAL_STORAGE": ["dangerous", "modify or delete the contents of your SD card", "Allows the app to write to the SD card."]}}, "f-prot-unpacker": "appended"}, "size": 53604603, "authentihash": null, "times_submitted": 3, "harmless_votes": 0, "malicious_votes": 0, "sha256": "9c95fe8b639520302198373cf8f765982b893c7c15ae964d0453c21d02eccf88", "type": "Android", "scans": {"Bkav": {"detected": false, "version": "1.3.0.9899", "result": null, "update": "20211102"}, "Lionic": {"detected": true, "version": "4.2", "result": "Riskware.AndroidOS.Generic.z!c", "update": "20211103"}, "Elastic": {"detected": false, "version": "4.0.29", "result": null, "update": "20211005"}, "MicroWorld-eScan": {"detected": false, "version": "14.0.409.0", "result": null, "update": "20211103"}, "CMC": {"detected": false, "version": "2.10.2019.1", "result": null, "update": "20211026"}, "CAT-QuickHeal": {"detected": false, "version": "14.00", "result": null, "update": "20211103"}, "McAfee": {"detected": true, "version": "6.0.6.653", "result": "Artemis!0EDB4E42346F", "update": "20211103"}, "ALYac": {"detected": false, "version": "1.1.3.1", "result": null, "update": "20211103"}, "Cylance": {"detected": false, "version": "2.3.1.101", "result": null, "update": "20211103"}, "VIPRE": {"detected": false, "version": "96678", "result": null, "update": "20211103"}, "Sangfor": {"detected": true, "version": "2.9.0.0", "result": "Program.Android.Multiverze.mt", "update": "20210930"}, "K7AntiVirus": {"detected": false, "version": "11.225.39131", "result": null, "update": "20211103"}, "Alibaba": {"detected": false, "version": "0.3.0.5", "result": null, "update": "20190527"}, "K7GW": {"detected": true, "version": "11.225.39131", "result": "Trojan ( 0055482a1 )", "update": "20211103"}, "Trustlook": {"detected": true, "version": "1.0", "result": "Android.PUA.General", "update": "20211103"}, "Arcabit": {"detected": false, "version": "1.0.0.886", "result": null, "update": "20211103"}, "Baidu": {"detected": false, "version": "1.0.0.2", "result": null, "update": "20190318"}, "Cyren": {"detected": false, "version": "6.3.0.2", "result": null, "update": "20211103"}, "SymantecMobileInsight": {"detected": false, "version": "2.0", "result": null, "update": "20210126"}, "Symantec": {"detected": true, "version": "1.16.0.0", "result": "Trojan.Gen.MBT", "update": "20211103"}, "ESET-NOD32": {"detected": true, "version": "24229", "result": "a variant of Android/AdDisplay.Tapcore.B potentially unwanted", "update": "20211103"}, "TrendMicro-HouseCall": {"detected": false, "version": "10.0.0.1040", "result": null, "update": "20211101"}, "Avast": {"detected": false, "version": "21.1.5827.0", "result": null, "update": "20211103"}, "ClamAV": {"detected": false, "version": "0.104.0.0", "result": null, "update": "20211102"}, "Kaspersky": {"detected": false, "version": "21.0.1.45", "result": null, "update": "20211103"}, "BitDefender": {"detected": false, "version": "7.2", "result": null, "update": "20211103"}, "NANO-Antivirus": {"detected": true, "version": "1.0.146.25370", "result": "Riskware.Android.Patacore.feqiqe", "update": "20211103"}, "SUPERAntiSpyware": {"detected": false, "version": "5.6.0.1032", "result": null, "update": "20211030"}, "Rising": {"detected": false, "version": "25.0.0.26", "result": null, "update": "20211103"}, "Ad-Aware": {"detected": false, "version": "3.0.21.193", "result": null, "update": "20211103"}, "Emsisoft": {"detected": false, "version": "2021.5.0.7597", "result": null, "update": "20211103"}, "Comodo": {"detected": true, "version": "34044", "result": "ApplicUnwnt@#pyses2dvp0dh", "update": "20211102"}, "F-Secure": {"detected": false, "version": "12.0.86.52", "result": null, "update": "20211103"}, "DrWeb": {"detected": true, "version": "7.0.52.8270", "result": "Adware.Patacore.1.origin", "update": "20211103"}, "Zillya": {"detected": false, "version": "2.0.0.4487", "result": null, "update": "20211102"}, "TrendMicro": {"detected": false, "version": "11.0.0.1006", "result": null, "update": "20211103"}, "McAfee-GW-Edition": {"detected": false, "version": "v2019.1.2+3728", "result": null, "update": "20211102"}, "FireEye": {"detected": false, "version": "32.44.1.0", "result": null, "update": "20211103"}, "Sophos": {"detected": false, "version": "1.4.1.0", "result": null, "update": "20211103"}, "Ikarus": {"detected": true, "version": "0.1.5.2", "result": "PUA.AndroidOS.Tapcore", "update": "20211102"}, "Avast-Mobile": {"detected": false, "version": "211102-00", "result": null, "update": "20211102"}, "Jiangmin": {"detected": false, "version": "16.0.100", "result": null, "update": "20211102"}, "Avira": {"detected": true, "version": "8.3.3.12", "result": "ADWARE/ANDR.AdDisplay.AMAA.Gen", "update": "20211103"}, "Antiy-AVL": {"detected": true, "version": "3.0.0.1", "result": "Trojan/Generic.ASMalwAD.D99", "update": "20211103"}, "Kingsoft": {"detected": false, "version": "2017.9.26.565", "result": null, "update": "20211103"}, "Gridinsoft": {"detected": false, "version": "1.0.60.158", "result": null, "update": "20211103"}, "Microsoft": {"detected": true, "version": "1.1.18700.4", "result": "Program:AndroidOS/Multiverze", "update": "20211103"}, "ViRobot": {"detected": false, "version": "2014.3.20.0", "result": null, "update": "20211103"}, "ZoneAlarm": {"detected": false, "version": "1.0", "result": null, "update": "20211102"}, "GData": {"detected": false, "version": "A:25.31229B:27.25015", "result": null, "update": "20211103"}, "BitDefenderFalx": {"detected": true, "version": "2.0.936", "result": "Android.Adware.Mulad.CU", "update": "20210610"}, "AhnLab-V3": {"detected": false, "version": "3.21.1.10219", "result": null, "update": "20211103"}, "BitDefenderTheta": {"detected": false, "version": "7.2.37796.0", "result": null, "update": "20211021"}, "TACHYON": {"detected": false, "version": "2021-11-03.02", "result": null, "update": "20211103"}, "VBA32": {"detected": false, "version": "5.0.0", "result": null, "update": "20211102"}, "Malwarebytes": {"detected": false, "version": "4.2.2.27", "result": null, "update": "20211103"}, "Zoner": {"detected": false, "version": "0.0.0.0", "result": null, "update": "20211102"}, "Tencent": {"detected": false, "version": "1.0.0.1", "result": null, "update": "20211103"}, "Yandex": {"detected": false, "version": "5.5.2.24", "result": null, "update": "20211103"}, "MAX": {"detected": false, "version": "2019.9.16.1", "result": null, "update": "20211103"}, "MaxSecure": {"detected": false, "version": "1.0.0.1", "result": null, "update": "20211102"}, "Fortinet": {"detected": true, "version": "6.2.142.0", "result": "Adware/Tapcore!Android", "update": "20211103"}, "Panda": {"detected": false, "version": "4.6.4.2", "result": null, "update": "20211102"}}, "tags": ["apk", "contains-pe", "runtime-modules", "android", "contains-elf"], "scan_id": "9c95fe8b639520302198373cf8f765982b893c7c15ae964d0453c21d02eccf88-1635930404", "unique_sources": 3, "positives": 16, "ssdeep": "1572864:qXLoeU1q/GITSKVpa6SJKsxe3rILc20SerwyXD:qXUeUM/H3SJKn3mc2mUyT", "md5": "b862b33f886b9d84fc4535a6848b9517", "permalink": "https://www.virustotal.com/gui/file/9c95fe8b639520302198373cf8f765982b893c7c15ae964d0453c21d02eccf88/detection/f-9c95fe8b639520302198373cf8f765982b893c7c15ae964d0453c21d02eccf88-1635930404", "sha1": "e151a0409cca6b8ced394a4e4315965537593418", "submission": {"submitter_region": "?", "date": "2021-11-03 09:06:44", "submitter_country": "FR", "filename": "ninja-kung-fu-fighting-3d-a-2.apk"}, "response_code": 1, "community_reputation": 0, "verbose_msg": "Scan finished, information embedded", "ITW_urls": [], "last_seen": "2021-11-03 09:06:44"}