{"vhash": "6a8bc2e25b276585c97ac0cd21ce089d", "submission_names": ["f539f058e64d0f6d14c1dd96e6a8ef00.virus"], "scan_date": "2021-11-03 08:28:15", "first_seen": "2021-11-03 08:28:15", "total": 62, "additional_info": {"exiftool": {"MIMEType": "application/zip", "ZipRequiredVersion": "20", "ZipCRC": "0x09568b6e", "FileType": "ZIP", "ZipCompression": "Deflated", "ZipUncompressedSize": "10116", "ZipCompressedSize": "3350", "FileTypeExtension": "zip", "ZipFileName": "META-INF/MANIFEST.MF", "ZipBitFlag": "0x0808", "ZipModifyDate": "2021:11:01 06:06:04"}, "trid": "Android Package (67.5%)\nJava Archive (23.6%)\nZIP compressed archive (7.0%)\nPrintFox/Pagefox bitmap (640x800) (1.7%)", "androguard": {"Activities": ["com.btmuugov.zvdkxqpo.IEssDUqohd", "com.btmuugov.zvdkxqpo.Installer", "com.YrVgKuihJpyWdpXxtCBB.hmhLILGoZDxMnoB.OSUWNCfPGDcqs", "com.HudozfLimqmq.CZlLhajvtqDA.ywHBSwrXuYjxukySAd", "com.AeTQRsdomEU.CUdZIjxTTASGbRvdno.MOFaAkYYMElJAnsV", "com.SAvNWFxokco.kFuxZelQmil.tJsboQxCGT", "com.yzoUCIjxoXmhTcu.hgGxVKbdHk.qGaHvZkEbWcrWVN", "com.UHLYBRjkYounJBDKFa.IWqdJHhWwPORivtcWSI.fddaFnMXrtCPqkkv", "com.btmuugov.zvdkxqpo.Uninstaller", "com.btmuugov.zvdkxqpo.SsKXhCiJhB", "com.btmuugov.zvdkxqpo.srkKsgUxcV", "com.btmuugov.zvdkxqpo.fveEIqoiWi", "com.btmuugov.zvdkxqpo.protocol.ZIZebQYzpL", "com.btmuugov.zvdkxqpo.core.nGOwqYJaPm", "com.btmuugov.zvdkxqpo.core.YlFSXEdrxx", "com.btmuugov.zvdkxqpo.EGFlOlmkYd", "com.btmuugov.zvdkxqpo.HDBBZeZZsJ", "com.btmuugov.zvdkxqpo.BrHECQrwYX", "com.btmuugov.zvdkxqpo.zbOVNAKiyF", "com.btmuugov.zvdkxqpo.RtYGmNhXIx", "com.btmuugov.zvdkxqpo.zCMDwmTJDr", "org.appspot.apprtc.hrdZAsKEDq", "com.btmuugov.zvdkxqpo.LBxoUdfQWT", "com.google.android.gms.common.api.GoogleApiActivity"], "AndroidVersionCode": "1", "certificate": {"validto": "2046-03-19 00:36:06", "serialnumber": "2ca91d7e", "Issuer": {"DN": "CN:no", "CN": "no"}, "thumbprint": "295b4fddac02442091dc4a04fd4d9aa6b1dd30e0", "validfrom": "2018-11-01 00:36:06", "Subject": {"DN": "CN:no", "CN": "no"}}, "VTAndroidInfo": 2, "AndroidApplication": 1, "Package": "com.btmuugov.zvdkxqpo", "AndroidApplicationError": false, "intent-filters": {"Services": {"com.btmuugov.zvdkxqpo.vSAujjLZLJ": {"action": ["com.google.firebase.MESSAGING_EVENT"]}, "com.btmuugov.zvdkxqpo.core.listener.LBLPdFQtRH": {"action": ["android.accessibilityservice.AccessibilityService"]}, "com.btmuugov.zvdkxqpo.core.listener.mjqnwzljcn": {"action": ["android.service.notification.NotificationListenerService"]}, "com.btmuugov.zvdkxqpo.rzkGkilEwm": {"action": ["com.google.firebase.INSTANCE_ID_EVENT"]}, "com.google.firebase.iid.FirebaseInstanceIdService": {"action": ["com.google.firebase.INSTANCE_ID_EVENT"]}, "com.google.firebase.messaging.FirebaseMessagingService": {"action": ["com.google.firebase.MESSAGING_EVENT"]}}, "Activities": {"com.btmuugov.zvdkxqpo.SsKXhCiJhB": {"action": ["android.intent.action.MAIN"]}, "com.btmuugov.zvdkxqpo.Installer": {"action": ["android.intent.action.MAIN"], "category": ["android.intent.category.LAUNCHER"]}, "com.btmuugov.zvdkxqpo.srkKsgUxcV": {"action": ["android.intent.action.MAIN"]}}, "Receivers": {"com.btmuugov.zvdkxqpo.core.dmdbdHrSOb": {"action": ["com.btmuugov.zvdkxqpo.core.dmdbdHrSOb.TIMER_ALARM"]}, "com.btmuugov.zvdkxqpo.core.ZVbvjkoTKb": {"action": ["com.btmuugov.zvdkxqpo.core.ZVbvjkoTKb.START", "com.btmuugov.zvdkxqpo.core.ZVbvjkoTKb.STOP"]}, "com.google.firebase.iid.FirebaseInstanceIdReceiver": {"action": ["com.google.android.c2dm.intent.RECEIVE", "com.google.android.c2dm.intent.REGISTRATION"], "category": ["com.btmuugov.zvdkxqpo"]}, "com.btmuugov.zvdkxqpo.GeyhUtfnnD": {"action": ["com.google.android.c2dm.intent.REGISTRATION", "com.google.android.c2dm.intent.RECEIVE", "com.google.android.c2dm.intent.RETRY"], "category": ["com.btmuugov.zvdkxqpo"]}, "com.btmuugov.zvdkxqpo.core.XVvTbuqgaC": {"action": ["android.app.action.DEVICE_ADMIN_ENABLED"]}, "com.btmuugov.zvdkxqpo.core.OcDjNdKuYP": {"action": ["android.intent.action.NEW_OUTGOING_CALL", "android.provider.Telephony.SMS_RECEIVED", "android.net.conn.CONNECTIVITY_CHANGE", "android.intent.action.USER_PRESENT", "android.intent.action.BOOT_COMPLETED", "android.intent.action.ACTION_SHUTDOWN", "android.intent.action.QUICKBOOT_POWERON", "com.htc.intent.action.QUICKBOOT_POWERON", "android.intent.action.PHONE_STATE", "android.intent.action.SIM_STATE_CHANGED", "android.intent.action.PACKAGE_REMOVED", "android.intent.action.PACKAGE_ADDED", "android.intent.action.AIRPLANE_MODE"]}}}, "Main Activity": "com.btmuugov.zvdkxqpo.Installer", "StringsInformation": ["https://pagead2.googlesyndication.com/pagead/gen_204?id=gmob-apps", "https://plus.google.com/", "https://www.googleapis.com/auth/games"], "Providers": ["com.google.firebase.provider.FirebaseInitProvider"], "AndroidVersionName": "1.0", "RiskIndicator": {"APK": {"DEX": 1}, "PERM": {"DEVELOPMENT": 3, "INSTANT": 3, "NORMAL": 12, "APPOP": 2, "PRE23": 2, "MONEY": 1, "SYSTEM": 3, "DANGEROUS": 4, "PREINSTALLED": 2, "CALL": 1, "SMS": 1, "INTERNET": 1, "SIGNATURE": 6, "RUNTIME": 1, "PRIVACY": 8, "GPS": 2}}, "Services": ["com.GJzEJJHlILGGJhZjLAZ.tsELPeqSEybXSSzYKj.RBkOstUgjgf", "com.sQvDQLIVarRfOifQYzt.inzxiGFIGEdAdJhE.zRFrHIiSHV", "com.QmdECneOVXQ.FJRhuwfqyzh.AYRflKfXCPqyptHQQ", "com.MEZOQhPORSydACIbjjE.jalbNTFCaklHUGklsuAw.RNgjGoMqDQ", "com.eadaxvHKsCTdFgwV.KNsZWVmCwYghd.HEFrcwXEuKepojNPzF", "com.btmuugov.zvdkxqpo.core.ZVlHaHtAPB", "com.btmuugov.zvdkxqpo.core.xyiqoegjFA", "com.btmuugov.zvdkxqpo.securechannel.QbOkKSVvWz", "com.google.firebase.iid.FirebaseInstanceIdService", "com.btmuugov.zvdkxqpo.vSAujjLZLJ", "com.btmuugov.zvdkxqpo.rzkGkilEwm", "com.btmuugov.zvdkxqpo.core.listener.LBLPdFQtRH", "com.btmuugov.zvdkxqpo.core.listener.cmuvMQIUQm", "com.btmuugov.zvdkxqpo.util.yZJfOyedqE", "com.btmuugov.zvdkxqpo.core.listener.mjqnwzljcn", "com.google.firebase.messaging.FirebaseMessagingService"], "MinSdkVersion": "19", "AndroidApplicationInfo": "APK", "TargetSdkVersion": "27", "Receivers": ["com.oVeMPfNNOVRhtIIudCSg.kHcZwfOZeUhyaC.FfJCzjmomOTwSDgtTQC", "com.fODjdNOlAb.DNKLMbODhvmlyePsWJKy.mJaBxIskuIpSspIIyvFh", "com.AlRakOoGZGY.qatVzbDJjVkFeQyWQk.gLnQQXoDgpuBA", "com.WPoGBPrurHDPDNIokoo.LlCdEldnawrjq.tFwLQdCVofO", "com.WBjlCTzlpLvPDu.QafVxzEpqOruMRlp.VHgLBwWAjhfVbIO", "com.kQchXysavyKpCpvIqz.RWhATMwefdSDYxPT.IvvLlWUUQduPMO", "com.rRnLPIpdjwRuKahriS.dqWDDGvILfY.VYEwrxtGbnXbLCcN", "com.btmuugov.zvdkxqpo.core.dmdbdHrSOb", "com.btmuugov.zvdkxqpo.core.ZVbvjkoTKb", "com.btmuugov.zvdkxqpo.core.OcDjNdKuYP", "com.btmuugov.zvdkxqpo.GeyhUtfnnD", "com.google.firebase.iid.FirebaseInstanceIdInternalReceiver", "com.google.firebase.iid.FirebaseInstanceIdReceiver", "com.btmuugov.zvdkxqpo.core.XVvTbuqgaC"], "AndroguardVersion": "3.4.0a1", "Permissions": {"android.permission.CHANGE_NETWORK_STATE": ["normal", "change network connectivity", "Allows the app to change the state of network connectivity."], "android.permission.READ_CALENDAR": ["dangerous", "Read calendar events and details", "This app can read all calendar events stored on your phone and share or save your calendar data."], "android.permission.READ_LOGS": ["signature|system|development", "read sensitive log data", "Allows the app to read from the\n        system's various log files.  This allows it to discover general\n        information about what you are doing with the phone, potentially\n        including personal or private information."], "android.permission.PROCESS_OUTGOING_CALLS": ["dangerous", "reroute outgoing calls", "Allows the app to see the\n        number being dialed during an outgoing call with the option to redirect\n        the call to a different number or abort the call altogether."], "android.permission.ACCESS_COARSE_LOCATION": ["dangerous|instant", "access approximate location\n      (network-based)", "This app can get your location based on network sources such as cell towers and Wi-Fi networks. These location services must be turned on and available on your phone for the app to be able to use them."], "android.permission.BLUETOOTH": ["normal", "pair with Bluetooth devices", "Allows the app to view the\n      configuration of the Bluetooth on the phone, and to make and accept\n      connections with paired devices."], "android.permission.CAMERA": ["dangerous|instant", "take pictures and videos", "This app can take pictures and record videos using the camera at any time."], "android.permission.INTERNET": ["normal|instant", "have full network access", "Allows the app to create\n     network sockets and use custom network protocols. The browser and other\n     applications provide means to send data to the internet, so this\n     permission is not required to send data to the internet."], "android.permission.USES_POLICY_WIPE_DATA": ["normal", "Unknown permission from android reference", "Unknown permission from android reference"], "android.permission.BLUETOOTH_ADMIN": ["normal", "access Bluetooth settings", "Allows the app to configure\n      the local Bluetooth phone, and to discover and pair with remote devices."], "android.permission.ACCESS_FINE_LOCATION": ["dangerous|instant", "access precise location (GPS and\n      network-based)", "This app can get your location based on GPS or network location sources such as cell towers and Wi-Fi networks. These location services must be turned on and available on your phone for the app to be able to use them. This may increase battery consumption."], "android.permission.PACKAGE_USAGE_STATS": ["signature|system", "update component usage statistics", "Allows the app to modify collected component usage statistics. Not for use by normal apps."], "com.google.android.c2dm.permission.RECEIVE": ["normal", "Unknown permission from android reference", "Unknown permission from android reference"], "android.permission.ACCESS_NETWORK_STATE": ["normal|instant", "view network connections", "Allows the app to view\n      information about network connections such as which networks exist and are\n      connected."], "android.permission.GET_TASKS": ["normal", "retrieve running apps", "Allows the app to retrieve information\n       about currently and recently running tasks.  This may allow the app to\n       discover information about which applications are used on the device."], "android.permission.READ_CALL_LOG": ["dangerous", "read call log", "This app can read your call history."], "android.permission.READ_SMS": ["dangerous", "read your text messages (SMS or MMS)", "This app can read all SMS (text) messages stored on your phone."], "android.permission.WRITE_EXTERNAL_STORAGE": ["dangerous", "modify or delete the contents of your SD card", "Allows the app to write to the SD card."], "android.permission.REQUEST_IGNORE_BATTERY_OPTIMIZATIONS": ["normal", "ask to ignore battery optimizations", "Allows an app to ask for permission to ignore battery optimizations for that app."], "android.permission.RECEIVE_BOOT_COMPLETED": ["normal", "run at startup", "Allows the app to\n        have itself started as soon as the system has finished booting.\n        This can make it take longer to start the phone and allow the\n        app to slow down the overall phone by always running."], "com.btmuugov.zvdkxqpo.permission.C2D_MESSAGE": ["normal", "Unknown permission from android reference", "Unknown permission from android reference"], "android.permission.BIND_DEVICE_ADMIN": ["signature", "interact with a device admin", "Allows the holder to send intents to\n        a device administrator. Should never be needed for normal apps."], "android.permission.CALL_PHONE": ["dangerous", "directly call phone numbers", "Allows the app to call phone numbers\n      without your intervention. This may result in unexpected charges or calls.\n      Note that this doesn't allow the app to call emergency numbers.\n      Malicious apps may cost you money by making calls without your\n      confirmation."], "android.permission.WRITE_SETTINGS": ["signature|preinstalled|appop|pre23", "modify system settings", "Allows the app to modify the\n        system's settings data. Malicious apps may corrupt your system's\n        configuration."], "android.permission.READ_PHONE_STATE": ["dangerous", "read phone status and identity", "Allows the app to access the phone\n      features of the device.  This permission allows the app to determine the\n      phone number and device IDs, whether a call is active, and the remote number\n      connected by a call."], "android.permission.ANSWER_PHONE_CALLS": ["dangerous|runtime", "answer phone calls", "Allows the app to answer an incoming phone call."], "android.permission.WRITE_SECURE_SETTINGS": ["signature|system|development", "modify secure system settings", "Allows the app to modify the\n        system's secure settings data. Not for use by normal apps."], "android.permission.VIBRATE": ["normal|instant", "control vibration", "Allows the app to control the vibrator."], "android.permission.ACCESS_SUPERUSER": ["normal", "Unknown permission from android reference", "Unknown permission from android reference"], "android.permission.SYSTEM_ALERT_WINDOW": ["signature|preinstalled|appop|pre23|development", "This app can appear on top of other apps", "This app can appear on top of other apps or other parts of the screen. This may interfere with normal app usage and change the way that other apps appear."], "android.permission.ACCESS_WIFI_STATE": ["normal", "view Wi-Fi connections", "Allows the app to view information\n      about Wi-Fi networking, such as whether Wi-Fi is enabled and name of\n      connected Wi-Fi devices."], "android.permission.WAKE_LOCK": ["normal|instant", "prevent phone from sleeping", "Allows the app to prevent the phone from going to sleep."], "android.permission.CHANGE_WIFI_STATE": ["normal", "connect and disconnect from Wi-Fi", "Allows the app to connect to and\n      disconnect from Wi-Fi access points and to make changes to device\n      configuration for Wi-Fi networks."], "android.permission.RECORD_AUDIO": ["dangerous|instant", "record audio", "This app can record audio using the microphone at any time."], "android.permission.READ_CONTACTS": ["dangerous", "read your contacts", "Allows the app to\n      read data about your contacts stored on your phone, including the\n      frequency with which you've called, emailed, or communicated in other ways\n      with specific individuals. This permission allows apps to save your\n      contact data, and malicious apps may share contact data without your\n      knowledge."], "android.permission.MODIFY_AUDIO_SETTINGS": ["normal", "change your audio settings", "Allows the app to modify global audio settings such as volume and which speaker is used for output."], "android.permission.SDCARD_WRITE": ["normal", "Unknown permission from android reference", "Unknown permission from android reference"]}}, "magic": "Zip archive data, at least v2.0 to extract", "compressedview": {"highest_datetime": "2021-11-01 06:06:04", "lowest_datetime": "2021-11-01 06:06:04", "num_children": 103, "extensions": {"dex": 1, "xml": 43, "MF": 1, "RSA": 1, "so": 1, "SF": 1, "png": 48}, "file_types": {"DEX": 1, "XML": 42, "PNG": 48, "unknown": 12}, "type": "APK", "children": [{"datetime": "2021-11-01 06:06:04", "sha256": "0ad21b929b030e8f78fec70e436ad2faf601f225cc9c0bb2e70078a15389a7da", "type": "unknown", "filename": "META-INF/MANIFEST.MF", "size": 10116}, {"datetime": "2021-11-01 06:06:04", "sha256": "45ddc8e8b1c236bf353a2b364c6147fcb750647b1e8371f0118c64c2a0ffd45d", "type": "unknown", "filename": "META-INF/ALIAS_NA.SF", "size": 10237}, {"datetime": "2021-11-01 06:06:04", "sha256": "44584629fb7aed47e12948c98a506b89e76f28cbc86da9597f18653bd86f290f", "type": "unknown", "filename": "META-INF/ALIAS_NA.RSA", "size": 1077}, {"detection_ratio": [0, 73], "datetime": "2021-11-01 06:06:04", "filename": "META-INF/services/com.google.protobuf.GeneratedExtensionRegistryLoader", "sha256": "a2ed855d921cb0ed7b4a3cf8b3dba75a9091341135b7b71dc1f2a187a4054c2c", "type": "unknown", "size": 150}, {"datetime": "2021-11-01 06:06:04", "sha256": "22ea6a0f0e69db5f5404a9c1e0f249a8223865fede6d7f0c02acd56d5b32c1c0", "type": "unknown", "filename": "lib/armeabi/libxefqoqpn.so", "size": 1000}, {"detection_ratio": [0, 75], "datetime": "2021-11-01 06:06:04", "filename": "res/color/common_google_signin_btn_tint.xml", "sha256": "211357cc1c13d1ac9c3156b962ca8f227a9fba2a15b1a8493c04b97cf86f455a", "type": "XML", "size": 468}, {"detection_ratio": [0, 71], "datetime": "2021-11-01 06:06:04", "filename": "res/color/common_google_signin_btn_text_dark.xml", "sha256": "565526447dc5b22db2c252ed2b4faee32588afe457b8075e6eafce281de77c5e", "type": "XML", "size": 716}, {"detection_ratio": [0, 71], "datetime": "2021-11-01 06:06:04", "filename": "res/color/common_google_signin_btn_text_light.xml", "sha256": "53616361049726a97c066f2450921496996406ed7f2a2ab22efe1b6d22279ec6", "type": "XML", "size": 716}, {"datetime": "2021-11-01 06:06:04", "sha256": "6039d74f6e42a1111249311c32f6658833a089ad9b1c2fd657363ba5904d3b7b", "type": "PNG", "filename": "res/mipmap-xxhdpi-v4/ic_launcher_adaptive.png", "size": 10176}, {"datetime": "2021-11-01 06:06:04", "sha256": "1ef3979e07d06154b216677aaec46e2ada87dfa1be4887683f5e32f8968d1080", "type": "PNG", "filename": "res/mipmap-xxhdpi-v4/ic_launcher_adaptive_round.png", "size": 16041}, {"datetime": "2021-11-01 06:06:04", "sha256": "fd6ccb1fbe6397197126100f9ef9db1ec6c1b880eed393d20668327c5af06e0d", "type": "PNG", "filename": "res/mipmap-xxhdpi-v4/ic_launcher_adaptive_foreground.png", "size": 40753}, {"detection_ratio": [0, 71], "datetime": "2021-11-01 06:06:04", "filename": "res/drawable/common_google_signin_btn_text_dark_normal.xml", "sha256": "e9db9d625b76ca3507d5723f91439e125a148d43527fd08cb26cf9e89cb363eb", "type": "XML", "size": 692}, {"detection_ratio": [0, 71], "datetime": "2021-11-01 06:06:04", "filename": "res/drawable/common_google_signin_btn_icon_dark.xml", "sha256": "8dead92db3661e96b1db885bc7930430633a4b513eaeed39a7e2c7f126e2bc71", "type": "XML", "size": 700}, {"detection_ratio": [0, 71], "datetime": "2021-11-01 06:06:04", "filename": "res/drawable/common_google_signin_btn_text_light_focused.xml", "sha256": "2615244e9bd7ccee844a8812b9d10b91ec02eb76f5fa8576a8eb1ec955d0a5c0", "type": "XML", "size": 1016}, {"detection_ratio": [0, 66], "datetime": "2021-11-01 06:06:04", "filename": "res/drawable/common_google_signin_btn_text_dark_focused.xml", "sha256": "12963c4aab7c1eee1dac30a762c08bb86de01ff7f06c7ca7bd244fdae570a358", "type": "XML", "size": 1016}, {"detection_ratio": [0, 71], "datetime": "2021-11-01 06:06:04", "filename": "res/drawable/common_google_signin_btn_icon_dark_normal.xml", "sha256": "be9e82f5f15b9396f191bb429e0756b3716fe8c51834895c57c75b26ed71f0e5", "type": "XML", "size": 652}, {"detection_ratio": [0, 71], "datetime": "2021-11-01 06:06:04", "filename": "res/drawable/common_google_signin_btn_text_light_normal.xml", "sha256": "6b3a0a30d5ad27aed390497f64e4ccb2bffe6dc890913f5c7dc1f7be95f0c0c4", "type": "XML", "size": 692}, {"detection_ratio": [0, 71], "datetime": "2021-11-01 06:06:04", "filename": "res/drawable/common_google_signin_btn_icon_light.xml", "sha256": "e1de3c2940df75d98730aa293c0b16cc240820c90ea3ab8b1b61cda284183e27", "type": "XML", "size": 700}, {"detection_ratio": [0, 69], "datetime": "2021-11-01 06:06:04", "filename": "res/drawable/common_google_signin_btn_icon_disabled.xml", "sha256": "4624fb262d19dc3c76148fd4d456f834d847655d607f339ab87c358f9e51dea5", "type": "XML", "size": 1276}, {"detection_ratio": [0, 71], "datetime": "2021-11-01 06:06:04", "filename": "res/drawable/common_google_signin_btn_text_dark.xml", "sha256": "ecbccdcc0d43f380b5c984667f3f8f8894890f2aea346ae9ab5a080673adfa84", "type": "XML", "size": 700}, {"detection_ratio": [0, 71], "datetime": "2021-11-01 06:06:04", "filename": "res/drawable/common_google_signin_btn_text_disabled.xml", "sha256": "cb58193959aae713273251d804a1f2949bd3d8da3c196b108ac34e676c69bafc", "type": "XML", "size": 1296}, {"detection_ratio": [0, 71], "datetime": "2021-11-01 06:06:04", "filename": "res/drawable/common_google_signin_btn_text_light.xml", "sha256": "f48015efda9c6442bb71e64b7bfc0ef460efbeb570f8b5b3ef7b03b371531e7e", "type": "XML", "size": 700}, {"detection_ratio": [0, 71], "datetime": "2021-11-01 06:06:04", "filename": "res/drawable/common_google_signin_btn_icon_light_normal.xml", "sha256": "53810116a704fda0e6c60404aeeb83598f815398ed9bc902be66c7193ad41d7f", "type": "XML", "size": 652}, {"detection_ratio": [0, 69], "datetime": "2021-11-01 06:06:04", "filename": "res/drawable/common_google_signin_btn_icon_light_focused.xml", "sha256": "a2c0d28645163d6b4eac25aaca6df5ff10b54e299292063abae5c5d165883904", "type": "XML", "size": 1016}, {"detection_ratio": [0, 71], "datetime": "2021-11-01 06:06:04", "filename": "res/drawable/common_google_signin_btn_icon_dark_focused.xml", "sha256": "102427f44990ca962cd5d2d3d0862155903971eee6565945ff2d6254a27d9135", "type": "XML", "size": 1016}, {"datetime": "2021-11-01 06:06:04", "sha256": "829eb9d54d256c901606f3510af1eed1c23109ed9aeeba5113f2a216b4d5f2bc", "type": "XML", "filename": "res/layout/edmmazvflu.xml", "size": 2096}, {"datetime": "2021-11-01 06:06:04", "sha256": "6dc532a518723065db5338beb848bed3f83a8fed5395c4ab97267a5825a8140d", "type": "XML", "filename": "res/layout/bzeswozdsm.xml", "size": 1280}, {"datetime": "2021-11-01 06:06:04", "sha256": "19009b608d7399c2e7fb71169697ba9b97200498e70796ac313d50346c2cabfd", "type": "XML", "filename": "res/layout/znkzinakjk.xml", "size": 964}, {"detection_ratio": [0, 74], "datetime": "2021-11-01 06:06:04", "filename": "res/layout/eapxrrkevj.xml", "sha256": "a4b0e4992464a105e8545fc796e3e0a2d769c143f15483988e542b1906e40f78", "type": "XML", "size": 104}, {"datetime": "2021-11-01 06:06:04", "sha256": "2d708a920302c733ee9487f5894d135f35f3dc1fc484dbe0d7fd7ea24bc37e08", "type": "XML", "filename": "res/layout/uninst.xml", "size": 1368}, {"datetime": "2021-11-01 06:06:04", "sha256": "ed2339c98cd3d128b03f58315c648298c6938c64a350d7392d7b47bceb6bf5de", "type": "XML", "filename": "res/layout/installer.xml", "size": 1292}, {"datetime": "2021-11-01 06:06:04", "sha256": "88c19f66e4ea7c1054fbde8da6a9648aecebc840cb3d602b82d27f83cdfa9549", "type": "XML", "filename": "res/layout/welcome_new.xml", "size": 1444}, {"detection_ratio": [0, 74], "datetime": "2021-11-01 06:06:04", "filename": "res/layout/use_purpose.xml", "sha256": "a4b0e4992464a105e8545fc796e3e0a2d769c143f15483988e542b1906e40f78", "type": "XML", "size": 104}, {"datetime": "2021-11-01 06:06:04", "sha256": "e4be1609667c66ca3db086cc00d49cb00805fd0616e5aae2d9466abf58d9c2fa", "type": "XML", "filename": "res/layout/qcqzzwzqsi.xml", "size": 492}, {"datetime": "2021-11-01 06:06:04", "sha256": "6a13dd34395daef7eeea154b1ca5949e8aa4cbd39fb2a1ddaefcdb4774df7e45", "type": "XML", "filename": "res/layout/overlay.xml", "size": 512}, {"detection_ratio": [0, 74], "datetime": "2021-11-01 06:06:04", "filename": "res/layout/fntpmmopkj.xml", "sha256": "a4b0e4992464a105e8545fc796e3e0a2d769c143f15483988e542b1906e40f78", "type": "XML", "size": 104}, {"datetime": "2021-11-01 06:06:04", "sha256": "ec868db1410257969df88ead52fc6af42bf3b27084c64ce6ce537eb134388ef8", "type": "XML", "filename": "res/layout/dclsyxzhha.xml", "size": 1176}, {"datetime": "2021-11-01 06:06:04", "sha256": "5fd916cc06d295d95fbf406615356407d2bd922fc5a468c63c7139fa8ce154d5", "type": "XML", "filename": "res/layout/szfzqfnfcr.xml", "size": 536}, {"datetime": "2021-11-01 06:06:04", "sha256": "d5bd0559f3b4199bdf935f1112929c2548dadf8fc2c2fe886083b706db7f7e91", "type": "XML", "filename": "res/layout/kysujhfvdf.xml", "size": 496}, {"datetime": "2021-11-01 06:06:04", "sha256": "f8366f7919fb291c01a0c18c78eceef50c11f7cb5d9122651040b429994544c2", "type": "XML", "filename": "res/layout/puuxfzpqua.xml", "size": 9680}, {"datetime": "2021-11-01 06:06:04", "sha256": "faf6c78b1487edb2e784eb716de11e141d6b7b07064eccfa650cddd9096c2873", "type": "XML", "filename": "res/layout/uhdjywultr.xml", "size": 3012}, {"detection_ratio": [0, 74], "datetime": "2021-11-01 06:06:04", "filename": "res/layout/dwjoihzvzw.xml", "sha256": "a4b0e4992464a105e8545fc796e3e0a2d769c143f15483988e542b1906e40f78", "type": "XML", "size": 104}, {"datetime": "2021-11-01 06:06:04", "sha256": "64dca7190e15230a0938086a3cc7abbfa1e2c0a14c7c8d85c556ab710a6b7bca", "type": "XML", "filename": "res/layout/xlzimkqsaa.xml", "size": 2020}, {"datetime": "2021-11-01 06:06:04", "sha256": "5deb91015e5063eba4f2b80e3c390e4b104197151ff44b2d441b54154326953d", "type": "XML", "filename": "res/layout/rbakhlogqfjc.xml", "size": 1424}, {"detection_ratio": [0, 75], "datetime": "2021-11-01 06:06:04", "filename": "res/drawable-hdpi-v4/common_google_signin_btn_icon_light_normal_background.9.png", "sha256": "fa32f0cdbd4819f3afe042bcf2202d993eb4a11d3ee15e632ddf7f3049e89152", "type": "PNG", "size": 760}, {"detection_ratio": [0, 76], "datetime": "2021-11-01 06:06:04", "filename": "res/drawable-hdpi-v4/common_google_signin_btn_icon_dark_normal_background.9.png", "sha256": "13c29d037153ae4db53c0a575de7d67d0f02e6814b0e36ce510fffe9709f5365", "type": "PNG", "size": 788}, {"datetime": "2021-11-01 06:06:04", "sha256": "07dd33290b1d054a2bcfe7916affcc8a8d349035b573ade5f7538b5c502164d3", "type": "PNG", "filename": "res/drawable-hdpi-v4/parentchild.png", "size": 6899}, {"datetime": "2021-11-01 06:06:04", "sha256": "8b7d4973b1edfc89f8f603c8070869884b017c09c2570b28e1b6985f55038fd5", "type": "XML", "filename": "res/drawable-hdpi-v4/bg_button.xml", "size": 608}, {"detection_ratio": [0, 76], "datetime": "2021-11-01 06:06:04", "filename": "res/drawable-hdpi-v4/googleg_disabled_color_18.png", "sha256": "30c2f27d5879907b17ce124fd29f9a665df4d083601515e38ff4d6e8295a8adf", "type": "PNG", "size": 628}, {"datetime": "2021-11-01 06:06:04", "sha256": "9c4140a2f996f58c800fee02e4a4f02a670af93bfc9a5ea28d42e9573bd9a255", "type": "PNG", "filename": "res/drawable-hdpi-v4/icon.png", "size": 9600}, {"detection_ratio": [0, 76], "datetime": "2021-11-01 06:06:04", "filename": "res/drawable-hdpi-v4/googleg_standard_color_18.png", "sha256": "496cefa4d0ceea7043c4c3d8a7856592f917d3e6d9fc95523deb57f9c394d0d8", "type": "PNG", "size": 993}, {"detection_ratio": [0, 75], "datetime": "2021-11-01 06:06:04", "filename": "res/drawable-hdpi-v4/common_google_signin_btn_text_dark_normal_background.9.png", "sha256": "301982ee72131c9deeee425aea6a3163be41c8f895977c8df1b7e3fd5c8f8d11", "type": "PNG", "size": 887}, {"detection_ratio": [0, 76], "datetime": "2021-11-01 06:06:04", "filename": "res/drawable-hdpi-v4/common_full_open_on_phone.png", "sha256": "ca57e6af6dccf996ca4d2e1edb802e85323b5d87ffe86510bbd215bb5ccf4382", "type": "PNG", "size": 818}, {"detection_ratio": [0, 75], "datetime": "2021-11-01 06:06:04", "filename": "res/drawable-hdpi-v4/common_google_signin_btn_text_light_normal_background.9.png", "sha256": "1b69a5767656daf175d9365b090f042366c946176ad2207d57493aa96ebbc169", "type": "PNG", "size": 846}, {"datetime": "2021-11-01 06:06:04", "sha256": "23063f15536329adecf184603114a9c84f62337f7588b1c3eae0f38119de69c1", "type": "PNG", "filename": "res/drawable-hdpi-v4/ic_checkbox_marked_circle.png", "size": 689}, {"datetime": "2021-11-01 06:06:04", "sha256": "8b7766f33b38dd7391b43d942ac1253d000f7bf3c154ef397dc2735b2ff6c8dd", "type": "PNG", "filename": "res/mipmap-xhdpi-v4/ic_launcher_adaptive.png", "size": 6100}, {"datetime": "2021-11-01 06:06:04", "sha256": "157d9a97fa6f1dc9a68833c75d81e7558cc0e03a4ffc63d85fac2c5b03029f7a", "type": "PNG", "filename": "res/mipmap-xhdpi-v4/ic_launcher_adaptive_round.png", "size": 9839}, {"datetime": "2021-11-01 06:06:04", "sha256": "69755746e7d6e948a9530c0e1e4b55bee2719ce0503a7332ab40bd3a97cfded2", "type": "PNG", "filename": "res/mipmap-xhdpi-v4/ic_launcher_adaptive_foreground.png", "size": 21703}, {"datetime": "2021-11-01 06:06:04", "sha256": "eff22c574576113e6f046c6169532e2b7b11847ea39f309087bc88f6f4c900c1", "type": "PNG", "filename": "res/drawable-ldpi-v4/icon.png", "size": 3349}, {"datetime": "2021-11-01 06:06:04", "sha256": "826ded7c302f2b62396b05bff28f5f6e4740caa23b3caf1ca2a1aa6f4283b52f", "type": "PNG", "filename": "res/mipmap-xxxhdpi-v4/ic_launcher_adaptive.png", "size": 15192}, {"datetime": "2021-11-01 06:06:04", "sha256": "c51b4cd7c90ac7810baaad98e7fb48bbebfeae33627aa7e2bdc395428acd62e1", "type": "PNG", "filename": "res/mipmap-xxxhdpi-v4/ic_launcher_adaptive_round.png", "size": 23746}, {"datetime": "2021-11-01 06:06:04", "sha256": "3b5cbd74cc0788bd297c7d841f2595c05145a74e75d05d20f68549232c61358a", "type": "PNG", "filename": "res/mipmap-xxxhdpi-v4/ic_launcher_adaptive_foreground.png", "size": 53982}, {"datetime": "2021-11-01 06:06:04", "sha256": "3c88c50c8e391e4d76c72a2c65cc5baddd971f503c1a6b22e1fdfa2e1f090f86", "type": "PNG", "filename": "res/mipmap-mdpi-v4/ic_launcher_adaptive.png", "size": 2604}, {"datetime": "2021-11-01 06:06:04", "sha256": "d58b293afc6064b22f3009eab9739dd2fbb07ebd70fb651a34b667f20c1cb8e0", "type": "PNG", "filename": "res/mipmap-mdpi-v4/ic_launcher_adaptive_round.png", "size": 3985}, {"datetime": "2021-11-01 06:06:04", "sha256": "0a53b69f0650154d83f4b14d0d71d668e966449a412e9280d47c3fe71964973d", "type": "PNG", "filename": "res/mipmap-mdpi-v4/ic_launcher_adaptive_foreground.png", "size": 8138}, {"datetime": "2021-11-01 06:06:04", "sha256": "a19f1ac7c1751dbe67b2a6792babf8b4198ffeb38aae6fcdab07b7de10084f40", "type": "XML", "filename": "res/xml/hitmepuwrk.xml", "size": 872}, {"datetime": "2021-11-01 06:06:04", "sha256": "c3c6db02029b43fe217fc1ae8aa40019f36bcc84f92c11f6960d66ede442f452", "type": "XML", "filename": "res/xml/ssecca.xml", "size": 556}, {"detection_ratio": [0, 76], "datetime": "2021-11-01 06:06:04", "filename": "res/drawable-xhdpi-v4/common_google_signin_btn_icon_light_normal_background.9.png", "sha256": "c09f9951d710c4c3ff40cf7d392e83287c214eccfdb42f6939ec32162eb71971", "type": "PNG", "size": 918}, {"detection_ratio": [0, 73], "datetime": "2021-11-01 06:06:04", "filename": "res/drawable-xhdpi-v4/common_google_signin_btn_icon_dark_normal_background.9.png", "sha256": "40ef875fe9f2e10a16900ad822c0dbe09e1156e8b401e946d6fe7ce3f4a4efc9", "type": "PNG", "size": 944}, {"detection_ratio": [0, 76], "datetime": "2021-11-01 06:06:04", "filename": "res/drawable-xhdpi-v4/googleg_disabled_color_18.png", "sha256": "43430468576caf34ab87d1973e32acf0eb4e6eed2aed252cc9fa067872de34f4", "type": "PNG", "size": 792}, {"detection_ratio": [0, 75], "datetime": "2021-11-01 06:06:04", "filename": "res/drawable-xhdpi-v4/googleg_standard_color_18.png", "sha256": "0c25b718297962725b5a70c81c0ae3ae55990cbf126ec18982622d351c3666dc", "type": "PNG", "size": 1233}, {"detection_ratio": [0, 73], "datetime": "2021-11-01 06:06:04", "filename": "res/drawable-xhdpi-v4/common_google_signin_btn_text_dark_normal_background.9.png", "sha256": "03cdfdb656283ec4036875df2e6d521e776f285d744fb8b7977658bdf381463c", "type": "PNG", "size": 976}, {"detection_ratio": [0, 76], "datetime": "2021-11-01 06:06:04", "filename": "res/drawable-xhdpi-v4/common_full_open_on_phone.png", "sha256": "2df4203afdab73e8e41dc7e14daf13cb61e4b255d1f6e1e57de9cfc6facf88be", "type": "PNG", "size": 516}, {"detection_ratio": [0, 73], "datetime": "2021-11-01 06:06:04", "filename": "res/drawable-xhdpi-v4/common_google_signin_btn_text_light_normal_background.9.png", "sha256": "78551d0731eff6653238c9eae3cd0b790a7028d8edbc6ac983355090c80671de", "type": "PNG", "size": 934}, {"detection_ratio": [0, 73], "datetime": "2021-11-01 06:06:04", "filename": "res/drawable-xxhdpi-v4/common_google_signin_btn_icon_light_normal_background.9.png", "sha256": "a307025c7b18029274459d68d6ccc9d4c41b9a6c92333bb000177a0cfbdca8f9", "type": "PNG", "size": 1309}, {"detection_ratio": [0, 73], "datetime": "2021-11-01 06:06:04", "filename": "res/drawable-xxhdpi-v4/common_google_signin_btn_icon_dark_normal_background.9.png", "sha256": "a843ddadfb438fdf3a2dc7cbc63ea8d3cc5c84cec6a4061cda57ee8c7f97e1c4", "type": "PNG", "size": 1339}, {"detection_ratio": [0, 73], "datetime": "2021-11-01 06:06:04", "filename": "res/drawable-xxhdpi-v4/googleg_disabled_color_18.png", "sha256": "e9968348ae655a1915d3429685fb3865986b25e825fb2e3cd1637e673fd24d8c", "type": "PNG", "size": 1068}, {"detection_ratio": [0, 73], "datetime": "2021-11-01 06:06:04", "filename": "res/drawable-xxhdpi-v4/googleg_standard_color_18.png", "sha256": "334905570e59f15fb22d846ab651e33c9c17b7557b34a8b19c53679e42219670", "type": "PNG", "size": 1894}, {"detection_ratio": [0, 73], "datetime": "2021-11-01 06:06:04", "filename": "res/drawable-xxhdpi-v4/common_google_signin_btn_text_dark_normal_background.9.png", "sha256": "2af087871bb022763bb420d35f82990bc0f6642fbe70d7f4c5d9415235c109f5", "type": "PNG", "size": 1450}, {"detection_ratio": [0, 73], "datetime": "2021-11-01 06:06:04", "filename": "res/drawable-xxhdpi-v4/common_google_signin_btn_text_light_normal_background.9.png", "sha256": "16fbcd485b3073b5a567b271e48b0e003cbd679d870faa4977440d253102a549", "type": "PNG", "size": 1400}, {"detection_ratio": [0, 73], "datetime": "2021-11-01 06:06:04", "filename": "res/drawable-mdpi-v4/common_google_signin_btn_icon_light_normal_background.9.png", "sha256": "b526394e7bf994a83870e79f6eefd190605d1c9be5db6ba3f2c7169175174911", "type": "PNG", "size": 572}, {"detection_ratio": [0, 73], "datetime": "2021-11-01 06:06:04", "filename": "res/drawable-mdpi-v4/ti_logo.png", "sha256": "e9ea8426b0adbf89b9d303a897bbe38bbbf930ffb1885dc9f41b4df9685a1cf5", "type": "PNG", "size": 67}, {"detection_ratio": [0, 76], "datetime": "2021-11-01 06:06:04", "filename": "res/drawable-mdpi-v4/common_google_signin_btn_icon_dark_normal_background.9.png", "sha256": "5a9b9b3e3ccec101d564fea14b30e636265af213068c79bb1daa4eac673cd54d", "type": "PNG", "size": 582}, {"detection_ratio": [0, 75], "datetime": "2021-11-01 06:06:04", "filename": "res/drawable-mdpi-v4/googleg_disabled_color_18.png", "sha256": "72a0204b3c9d3d82f6791586ebe58808c31be1955ffe99481dbd21c678bf0b83", "type": "PNG", "size": 462}, {"datetime": "2021-11-01 06:06:04", "sha256": "3d94205111f05f8ccc8ffbf421c569d9458214105449203c14c0f63274db78b1", "type": "PNG", "filename": "res/drawable-mdpi-v4/icon.png", "size": 5550}, {"datetime": "2021-11-01 06:06:04", "sha256": "b99bbed97e85fe2ba0ba024b25c06ef528f34dba066cf1920c0bca3c131676c9", "type": "PNG", "filename": "res/drawable-mdpi-v4/logo.png", "size": 5103}, {"detection_ratio": [0, 76], "datetime": "2021-11-01 06:06:04", "filename": "res/drawable-mdpi-v4/googleg_standard_color_18.png", "sha256": "7ad722c7e644caa240d8957a1e11fce4f7cbe82804aad83be83bf4ff80a98aa8", "type": "PNG", "size": 692}, {"detection_ratio": [0, 76], "datetime": "2021-11-01 06:06:04", "filename": "res/drawable-mdpi-v4/common_google_signin_btn_text_dark_normal_background.9.png", "sha256": "546d4f5472021e5020514b9e9f8165764b778f01e865bffada731dbc3250d812", "type": "PNG", "size": 549}, {"detection_ratio": [0, 74], "datetime": "2021-11-01 06:06:04", "filename": "res/drawable-mdpi-v4/common_google_signin_btn_text_light_normal_background.9.png", "sha256": "0e1071659e32068142e66138d0254324e8219bf4aaee43bd15f89927f8647435", "type": "PNG", "size": 528}, {"datetime": "2021-11-01 06:06:04", "sha256": "86fcf1f30dc92bde34b2450fafa464fe2fa149d76a7e73d8885f8e8d73a345d0", "type": "XML", "filename": "res/mipmap-anydpi-v26/ic_launcher_adaptive.xml", "size": 552}, {"datetime": "2021-11-01 06:06:04", "sha256": "86fcf1f30dc92bde34b2450fafa464fe2fa149d76a7e73d8885f8e8d73a345d0", "type": "XML", "filename": "res/mipmap-anydpi-v26/ic_launcher_adaptive_round.xml", "size": 552}, {"datetime": "2021-11-01 06:06:04", "sha256": "bd18ff8c79f5e7f8168b02dae888aa1e73a4dae98089fcca6055644d3ad34f1e", "type": "PNG", "filename": "res/mipmap-hdpi-v4/ic_launcher_adaptive.png", "size": 4094}, {"datetime": "2021-11-01 06:06:04", "sha256": "f1c7ed51e5a99a7a6d41d99b8092f97111abd1780a72f86ad661325e00f67b33", "type": "PNG", "filename": "res/mipmap-hdpi-v4/ic_launcher_adaptive_round.png", "size": 6748}, {"datetime": "2021-11-01 06:06:04", "sha256": "8c9ad3bd069baea4536948694cc64b2ae9fc0c1161b5cbb679434318d16d4a18", "type": "PNG", "filename": "res/mipmap-hdpi-v4/ic_launcher_adaptive_foreground.png", "size": 14566}, {"datetime": "2021-11-01 06:06:04", "sha256": "0ef7238620f209ac89d580e90781f88d6e6ff649c38e43dcba39b9f503ea5194", "type": "DEX", "filename": "classes.dex", "size": 2032924}, {"datetime": "2021-11-01 06:06:04", "sha256": "567c3596ec61c9fbde607222471e87bcf39046ba89379f74e8a8ea5504f7dddd", "type": "XML", "filename": "AndroidManifest.xml", "size": 30776}, {"datetime": "2021-11-01 06:06:04", "sha256": "ed286ce18c1a061cb9db9636e50852e63e3824fb079ad828e3815e0f695cf813", "type": "unknown", "filename": "resources.arsc", "size": 232000}, {"datetime": "2021-11-01 06:06:04", "sha256": "1b92ad67489e7ce5eb6470130da59f5bd1df8364ca72b63747b59b2e596b6243", "type": "unknown", "filename": "assets/ghdQsARiugnQKCmCP", "size": 217904}, {"datetime": "2021-11-01 06:06:04", "sha256": "2502458cd5bbc6484dcb0db892a73c480e6fa9bea68c28ae8a4e0748594a9bba", "type": "unknown", "filename": "assets/454368", "size": 149376}], "uncompressed_size": 3028180}}, "size": 1719960, "authentihash": null, "times_submitted": 1, "harmless_votes": 0, "malicious_votes": 0, "sha256": "b8be11a3855c277d82c998b40fb880ac1a4913415d9c68ccc4004a9f02608693", "type": "Android", "scans": {"Bkav": {"detected": false, "version": "1.3.0.9899", "result": null, "update": "20211102"}, "Lionic": {"detected": false, "version": "4.2", "result": null, "update": "20211103"}, "ClamAV": {"detected": false, "version": "0.104.0.0", "result": null, "update": "20211102"}, "CMC": {"detected": false, "version": "2.10.2019.1", "result": null, "update": "20211026"}, "CAT-QuickHeal": {"detected": true, "version": "14.00", "result": "Android.TiFamily.GEN44865 (PUP)", "update": "20211103"}, "McAfee": {"detected": true, "version": "6.0.6.653", "result": "Artemis!F539F058E64D", "update": "20211103"}, "ALYac": {"detected": false, "version": "1.1.3.1", "result": null, "update": "20211103"}, "Malwarebytes": {"detected": false, "version": "4.2.2.27", "result": null, "update": "20211103"}, "VIPRE": {"detected": false, "version": "96678", "result": null, "update": "20211103"}, "Sangfor": {"detected": false, "version": "2.9.0.0", "result": null, "update": "20210930"}, "K7AntiVirus": {"detected": false, "version": "11.225.39131", "result": null, "update": "20211103"}, "Alibaba": {"detected": false, "version": "0.3.0.5", "result": null, "update": "20190527"}, "K7GW": {"detected": true, "version": "11.225.39131", "result": "Trojan ( 005818341 )", "update": "20211103"}, "Trustlook": {"detected": true, "version": "1.0", "result": "Android.Malware.General (score:9)", "update": "20211103"}, "Arcabit": {"detected": false, "version": "1.0.0.886", "result": null, "update": "20211103"}, "Baidu": {"detected": false, "version": "1.0.0.2", "result": null, "update": "20190318"}, "Cyren": {"detected": false, "version": "6.3.0.2", "result": null, "update": "20211103"}, "SymantecMobileInsight": {"detected": true, "version": "2.0", "result": "AdLibrary:Generisk", "update": "20210126"}, "Symantec": {"detected": false, "version": "1.16.0.0", "result": null, "update": "20211103"}, "ESET-NOD32": {"detected": true, "version": "24229", "result": "a variant of Android/Monitor.TiFamily.Q", "update": "20211103"}, "TrendMicro-HouseCall": {"detected": false, "version": "10.0.0.1040", "result": null, "update": "20211101"}, "Avast": {"detected": false, "version": "21.1.5827.0", "result": null, "update": "20211103"}, "Cynet": {"detected": true, "version": "4.0.0.27", "result": "Malicious (score: 99)", "update": "20211103"}, "Kaspersky": {"detected": true, "version": "21.0.1.45", "result": "not-a-virus:HEUR:Monitor.AndroidOS.MonitorMinor.l", "update": "20211103"}, "BitDefender": {"detected": false, "version": "7.2", "result": null, "update": "20211103"}, "NANO-Antivirus": {"detected": false, "version": "1.0.146.25370", "result": null, "update": "20211103"}, "SUPERAntiSpyware": {"detected": false, "version": "5.6.0.1032", "result": null, "update": "20211030"}, "MicroWorld-eScan": {"detected": false, "version": "14.0.409.0", "result": null, "update": "20211103"}, "Rising": {"detected": false, "version": "25.0.0.26", "result": null, "update": "20211103"}, "Ad-Aware": {"detected": false, "version": "3.0.21.193", "result": null, "update": "20211103"}, "Emsisoft": {"detected": false, "version": "2021.5.0.7597", "result": null, "update": "20211103"}, "Comodo": {"detected": false, "version": "34044", "result": null, "update": "20211102"}, "F-Secure": {"detected": false, "version": "12.0.86.52", "result": null, "update": "20211103"}, "DrWeb": {"detected": true, "version": "7.0.52.8270", "result": "Program.MonitorMinor.2.origin", "update": "20211103"}, "Zillya": {"detected": false, "version": "2.0.0.4487", "result": null, "update": "20211102"}, "TrendMicro": {"detected": false, "version": "11.0.0.1006", "result": null, "update": "20211103"}, "McAfee-GW-Edition": {"detected": true, "version": "v2019.1.2+3728", "result": "Artemis", "update": "20211102"}, "FireEye": {"detected": false, "version": "32.44.1.0", "result": null, "update": "20211103"}, "Sophos": {"detected": false, "version": "1.4.1.0", "result": null, "update": "20211103"}, "Ikarus": {"detected": true, "version": "0.1.5.2", "result": "Monitor.AndroidOS.Bruno", "update": "20211102"}, "Avast-Mobile": {"detected": true, "version": "211102-00", "result": "APK:RepMetagen [Trj]", "update": "20211102"}, "Jiangmin": {"detected": false, "version": "16.0.100", "result": null, "update": "20211102"}, "Avira": {"detected": true, "version": "8.3.3.12", "result": "PUA/ANDR.Agent.FKAC.Gen", "update": "20211103"}, "Antiy-AVL": {"detected": false, "version": "3.0.0.1", "result": null, "update": "20211103"}, "Kingsoft": {"detected": false, "version": "2017.9.26.565", "result": null, "update": "20211103"}, "Gridinsoft": {"detected": false, "version": "1.0.60.158", "result": null, "update": "20211103"}, "Microsoft": {"detected": false, "version": "1.1.18700.4", "result": null, "update": "20211103"}, "ViRobot": {"detected": false, "version": "2014.3.20.0", "result": null, "update": "20211103"}, "ZoneAlarm": {"detected": true, "version": "1.0", "result": "not-a-virus:HEUR:Monitor.AndroidOS.MonitorMinor.l", "update": "20211102"}, "GData": {"detected": false, "version": "A:25.31229B:27.25015", "result": null, "update": "20211103"}, "BitDefenderFalx": {"detected": true, "version": "2.0.936", "result": "Android.Monitor.TiSpy.U", "update": "20210610"}, "AhnLab-V3": {"detected": true, "version": "3.21.1.10219", "result": "AppCare/Android.Tispy.1030054", "update": "20211103"}, "BitDefenderTheta": {"detected": false, "version": "7.2.37796.0", "result": null, "update": "20211021"}, "TACHYON": {"detected": false, "version": "2021-11-03.02", "result": null, "update": "20211103"}, "VBA32": {"detected": false, "version": "5.0.0", "result": null, "update": "20211102"}, "Zoner": {"detected": false, "version": "0.0.0.0", "result": null, "update": "20211102"}, "Tencent": {"detected": false, "version": "1.0.0.1", "result": null, "update": "20211103"}, "Yandex": {"detected": false, "version": "5.5.2.24", "result": null, "update": "20211103"}, "MAX": {"detected": false, "version": "2019.9.16.1", "result": null, "update": "20211103"}, "MaxSecure": {"detected": false, "version": "1.0.0.1", "result": null, "update": "20211102"}, "Fortinet": {"detected": true, "version": "6.2.142.0", "result": "Riskware/Generic.Z.1114DEA!Android", "update": "20211103"}, "Panda": {"detected": false, "version": "4.6.4.2", "result": null, "update": "20211102"}}, "tags": ["apk", "android"], "scan_id": "b8be11a3855c277d82c998b40fb880ac1a4913415d9c68ccc4004a9f02608693-1635928095", "unique_sources": 1, "positives": 17, "ssdeep": "49152:noVPS/7q/JnEktQCIxEdzYW0MP8/U1QwbXd:CPI7qtbtQCIxu8o", "md5": "f539f058e64d0f6d14c1dd96e6a8ef00", "permalink": "https://www.virustotal.com/gui/file/b8be11a3855c277d82c998b40fb880ac1a4913415d9c68ccc4004a9f02608693/detection/f-b8be11a3855c277d82c998b40fb880ac1a4913415d9c68ccc4004a9f02608693-1635928095", "sha1": "9807bfa6b9b5639eeec2df0b98e50921ce02133f", "submission": {"submitter_region": "on", "date": "2021-11-03 08:28:15", "submitter_country": "CA", "filename": "f539f058e64d0f6d14c1dd96e6a8ef00.virus"}, "response_code": 1, "community_reputation": 0, "verbose_msg": "Scan finished, information embedded", "ITW_urls": [], "last_seen": "2021-11-03 08:28:15"}