{"vhash": "45702b14bac60111cd254c7ec1ffbedd", "submission_names": ["c4ba42f8c70235bd85e91171b2038fda64fffb3349b9b37cc802318ed2a9e377.bin", "au.apk"], "scan_date": "2021-11-03 07:53:50", "first_seen": "2021-09-12 02:34:46", "total": 62, "additional_info": {"magic": "Zip archive data, at least v1.0 to extract", "exiftool": {"MIMEType": "application/zip", "ZipRequiredVersion": "10", "ZipCRC": "0xfe1d4fa9", "FileType": "ZIP", "ZipCompression": "Deflated", "ZipUncompressedSize": "18284", "ZipCompressedSize": "4006", "FileTypeExtension": "zip", "ZipFileName": "AndroidManifest.xml", "ZipBitFlag": "0x0800", "ZipModifyDate": "2021:09:11 19:40:40"}, "trid": "Java Archive (72.9%)\nZIP compressed archive (21.6%)\nPrintFox/Pagefox bitmap (640x800) (5.4%)", "positives_delta": -1, "compressedview": {"highest_datetime": "2021-09-11 19:41:00", "lowest_datetime": "2008-02-29 10:33:46", "num_children": 712, "extensions": {"dex": 1, "xml": 415, "MF": 1, "gz": 1, "RSA": 1, "so": 4, "wav": 1, "SF": 1}, "file_types": {"DEX": 1, "XML": 414, "ELF": 4, "PNG": 282, "unknown": 11}, "type": "APK", "children": [{"datetime": "2021-09-11 19:40:40", "sha256": "fd5176722a89b85212c382301f4256558e581f9537eb7ff98cdf7eb700620adc", "type": "unknown", "filename": "AndroidManifest.xml", "size": 18284}, {"detection_ratio": [11, 73], "datetime": "2021-09-02 10:32:28", "filename": "classes.dex", "sha256": "d116bde48c34929f313514205678f2804f946584241d580b0d1fcbcb9d6fa7a6", "type": "DEX", "size": 87880}, {"detection_ratio": [0, 73], "datetime": "2008-02-29 10:33:46", "filename": "lib/arm64-v8a/librskc.so", "sha256": "7663bcaca2e5925507fdccb8ef23c1300d2170006d364a6fcfd209911a76ded4", "type": "ELF", "size": 9992}, {"detection_ratio": [0, 76], "datetime": "2008-02-29 10:33:46", "filename": "lib/armeabi-v7a/librskc.so", "sha256": "3b125c525ed85488e034a639a74c6c175f2c91530940e7067a7d2bc9d5aea362", "type": "ELF", "size": 18000}, {"detection_ratio": [0, 74], "datetime": "2008-02-29 10:33:46", "filename": "lib/x86/librskc.so", "sha256": "3ceecfa55ff8ab8eeb0d99d8a84a7cace26e4bb5f20b3ec8f710bdb4647d97ef", "type": "ELF", "size": 9660}, {"detection_ratio": [0, 74], "datetime": "2008-02-29 10:33:46", "filename": "lib/x86_64/librskc.so", "sha256": "b4e943ff9fff3a51cb6b26d9d47aaff3679170e9b66e6c1aec183d1bb72e97d8", "type": "ELF", "size": 10264}, {"detection_ratio": [0, 72], "datetime": "2008-02-29 10:33:46", "filename": "okhttp3/internal/publicsuffix/publicsuffixes.gz", "sha256": "be8da686d208b34e4b3f0bf90aa2e0b7638295641132c3f0caa81b03499032ff", "type": "unknown", "size": 34000}, {"detection_ratio": [0, 73], "datetime": "2008-02-29 10:33:46", "filename": "res/anim-v21/anim0018.xml", "sha256": "59ef866d33ed377f1f8e0e1b302b111c92c01d31daab9365626e7326530de9e7", "type": "XML", "size": 616}, {"detection_ratio": [0, 73], "datetime": "2008-02-29 10:33:46", "filename": "res/anim-v21/anim0019.xml", "sha256": "9bfb9d1798832957fc2e17b8a68edc95489779958ebe916dd0614c4748f5049b", "type": "XML", "size": 616}, {"detection_ratio": [0, 73], "datetime": "2008-02-29 10:33:46", "filename": "res/anim-v21/anim001c.xml", "sha256": "7caa18edc2651cc657c69e47169605f43cb40b2ca8a0ccf689216f67ff50ac3b", "type": "XML", "size": 616}, {"detection_ratio": [0, 73], "datetime": "2008-02-29 10:33:46", "filename": "res/anim-v21/anim001d.xml", "sha256": "ca1dfc4d5cababf293d5faa7d12f87044adc230a0e1f1c3494ed0b0809e1885f", "type": "XML", "size": 616}, {"detection_ratio": [0, 73], "datetime": "2008-02-29 10:33:46", "filename": "res/anim/anim0000.xml", "sha256": "1ca9afbfad5bfdd0aef8179a31ada006ad6d32274ad6c1bd3c76e06a424069af", "type": "XML", "size": 388}, {"detection_ratio": [0, 73], "datetime": "2008-02-29 10:33:46", "filename": "res/anim/anim0001.xml", "sha256": "7722a3c50c11219dadc25702683dcdf97b421dc29df34e813ba7315a8dfaaa1d", "type": "XML", "size": 388}, {"detection_ratio": [0, 73], "datetime": "2008-02-29 10:33:46", "filename": "res/anim/anim0002.xml", "sha256": "53fda89f9290d56836fa072c2c558cd55429365f4e6a971d692bb60233c45720", "type": "XML", "size": 852}, {"detection_ratio": [0, 73], "datetime": "2008-02-29 10:33:46", "filename": "res/anim/anim0003.xml", "sha256": "b7214a13f566e887088a8e3dc59d0529662c1925a7d368143b9c9ed14a609bf6", "type": "XML", "size": 508}, {"detection_ratio": [0, 73], "datetime": "2008-02-29 10:33:46", "filename": "res/anim/anim0004.xml", "sha256": "bd4cd6ede1af3106b6061ae46a06294d26f10951413d7541ae585627a07596c7", "type": "XML", "size": 508}, {"detection_ratio": [0, 73], "datetime": "2008-02-29 10:33:46", "filename": "res/anim/anim0005.xml", "sha256": "cf0a43dae215b60188b0bbf2d961239085fcecda70df39c1ed168d9ece66ab3d", "type": "XML", "size": 852}, {"detection_ratio": [0, 73], "datetime": "2008-02-29 10:33:46", "filename": "res/anim/anim0006.xml", "sha256": "744b4d77cb05790c27dc071979477d45e4eb6104490ddbced13ccc39f19e450f", "type": "XML", "size": 396}, {"detection_ratio": [0, 73], "datetime": "2008-02-29 10:33:46", "filename": "res/anim/anim0007.xml", "sha256": "9031dd3dfd6c05cac3a2b301535e0407e01588d9e3ed848a5048a19923d1c5ea", "type": "XML", "size": 396}, {"detection_ratio": [0, 73], "datetime": "2008-02-29 10:33:46", "filename": "res/anim/anim0008.xml", "sha256": "77e54d612c362c251b9a87fba15e1451bc1fc666bd25d1a5354912545269571a", "type": "XML", "size": 396}, {"detection_ratio": [0, 73], "datetime": "2008-02-29 10:33:46", "filename": "res/anim/anim0009.xml", "sha256": "f68a823b57ce01867f086d225069b6674e638961e68c0804edeedbbec0f58719", "type": "XML", "size": 396}, {"detection_ratio": [0, 74], "datetime": "2008-02-29 10:33:46", "filename": "res/anim/anim000a.xml", "sha256": "50f225687e10c88915ccf527e235d6917b803ba8626533882a6b09eb0ce8dc0a", "type": "XML", "size": 388}, {"detection_ratio": [0, 75], "datetime": "2008-02-29 10:33:46", "filename": "res/anim/anim000b.xml", "sha256": "d9c364f0a25b36bbe191b3f00f920685d348ce4fe3000cc11a53eec17365b88f", "type": "XML", "size": 388}, {"detection_ratio": [0, 73], "datetime": "2008-02-29 10:33:46", "filename": "res/anim/anim000c.xml", "sha256": "63b1c6f406d7e9d7e1c821aadefa2fce03c6930611bd13a0dfbb3a5ac0eb2026", "type": "XML", "size": 2124}, {"detection_ratio": [0, 73], "datetime": "2008-02-29 10:33:46", "filename": "res/anim/anim000d.xml", "sha256": "54197be44eb340eba8330d763185c76113c66d8976f9b6be4c6a4a71edacc243", "type": "XML", "size": 2780}, {"detection_ratio": [0, 73], "datetime": "2008-02-29 10:33:46", "filename": "res/anim/anim000e.xml", "sha256": "9c67c393d9aee2ca469c7ea825d7ffd077df0143aaafbff38085ab881d8ce62c", "type": "XML", "size": 1196}, {"detection_ratio": [0, 73], "datetime": "2008-02-29 10:33:46", "filename": "res/anim/anim000f.xml", "sha256": "421ee91518f0a2fdc8d990e0819d0d9bed38af471ada573c3a2f9cc67f53ed27", "type": "XML", "size": 2360}, {"detection_ratio": [0, 73], "datetime": "2008-02-29 10:33:46", "filename": "res/anim/anim0010.xml", "sha256": "996a651924a398b68989a21aa9401134ab092ff9ec90f02d957df2e08b357d72", "type": "XML", "size": 2520}, {"detection_ratio": [0, 73], "datetime": "2008-02-29 10:33:46", "filename": "res/anim/anim0011.xml", "sha256": "f37934598ea1359381eeb2f739f4dee4b4b1b89552a7fc05ad8af336869ae529", "type": "XML", "size": 1196}, {"detection_ratio": [0, 73], "datetime": "2008-02-29 10:33:46", "filename": "res/anim/anim0012.xml", "sha256": "f9b04071b6e7bce00fffcb423aa5016c93a7168357258529f4a479c444ab6dcb", "type": "XML", "size": 1656}, {"detection_ratio": [0, 73], "datetime": "2008-02-29 10:33:46", "filename": "res/anim/anim0013.xml", "sha256": "cbd2f94788e3dbcd0f4313ebe23757ccccab73278babd031cd4e601794dcf142", "type": "XML", "size": 1656}, {"detection_ratio": [0, 73], "datetime": "2008-02-29 10:33:46", "filename": "res/anim/anim0014.xml", "sha256": "d8a5a31f8c1a06b62936f365b138f49b83183da6cea37f354c70b9b1337a33c7", "type": "XML", "size": 1028}, {"detection_ratio": [0, 73], "datetime": "2008-02-29 10:33:46", "filename": "res/anim/anim0015.xml", "sha256": "8fc07cc9946f78b3f06395e383e2154146e0abf09229cfe05724469933a82221", "type": "XML", "size": 1656}, {"detection_ratio": [0, 73], "datetime": "2008-02-29 10:33:46", "filename": "res/anim/anim0016.xml", "sha256": "57372647d00c435ee0d87a529d28a3890113caf39b946b87d1d9a9edaeb6516e", "type": "XML", "size": 1656}, {"detection_ratio": [0, 73], "datetime": "2008-02-29 10:33:46", "filename": "res/anim/anim0017.xml", "sha256": "988938f47216d878bb2cbd0593df829db74ad92aa986562ca191e1c7254c6e12", "type": "XML", "size": 1028}, {"detection_ratio": [0, 73], "datetime": "2008-02-29 10:33:46", "filename": "res/anim/anim0018.xml", "sha256": "1ecefa8c945dea8953c3fa6133f8d3f5617361b28cc552653f772cbd997c41bc", "type": "XML", "size": 616}, {"detection_ratio": [0, 73], "datetime": "2008-02-29 10:33:46", "filename": "res/anim/anim0019.xml", "sha256": "71152fff1fe3799759f37da7dde4fb640b434d209eaa93ad9e15e49685edcf92", "type": "XML", "size": 616}, {"detection_ratio": [0, 73], "datetime": "2008-02-29 10:33:46", "filename": "res/anim/anim001a.xml", "sha256": "5e49b1ab4430e361247b493c1fa1a5a2fc75d9411bcd243b60c0bfc86bc4b89c", "type": "XML", "size": 312}, {"detection_ratio": [0, 73], "datetime": "2008-02-29 10:33:46", "filename": "res/anim/anim001b.xml", "sha256": "3ded1769049e3a3377c419ca54f385b4a3946b42db0b36fc1ecc65a8b5816dd8", "type": "XML", "size": 312}, {"detection_ratio": [0, 73], "datetime": "2008-02-29 10:33:46", "filename": "res/anim/anim001c.xml", "sha256": "39033931c34e514b36753dc477d297074dbdeb673b53989ee4972d3d09221113", "type": "XML", "size": 616}, {"detection_ratio": [0, 73], "datetime": "2008-02-29 10:33:46", "filename": "res/anim/anim001d.xml", "sha256": "bb050e09192f6d7a80a1c9a7a44e2b1e318fc2c0faf13e498ff87c801ac0586a", "type": "XML", "size": 616}, {"detection_ratio": [0, 73], "datetime": "2008-02-29 10:33:46", "filename": "res/anim/anim001e.xml", "sha256": "a73d007d2f73ed3a1caae195eada3f8503a7574a73a20956a142c98f1a0d4d5e", "type": "XML", "size": 400}, {"detection_ratio": [0, 65], "datetime": "2008-02-29 10:33:46", "filename": "res/anim/anim001f.xml", "sha256": "c451f04a6ccc8d56ec059d4da547dafb1dfccf32748b3eafd128d49ee3add268", "type": "XML", "size": 416}, {"detection_ratio": [0, 75], "datetime": "2008-02-29 10:33:46", "filename": "res/anim/anim0020.xml", "sha256": "3f8c5fee827400c66b8f22d6b5f6c2417d529dc188acb22b45d4048ef71c79a9", "type": "XML", "size": 416}, {"detection_ratio": [0, 65], "datetime": "2008-02-29 10:33:46", "filename": "res/anim/anim0021.xml", "sha256": "c451f04a6ccc8d56ec059d4da547dafb1dfccf32748b3eafd128d49ee3add268", "type": "XML", "size": 416}, {"detection_ratio": [0, 75], "datetime": "2008-02-29 10:33:46", "filename": "res/anim/anim0022.xml", "sha256": "3f8c5fee827400c66b8f22d6b5f6c2417d529dc188acb22b45d4048ef71c79a9", "type": "XML", "size": 416}, {"datetime": "2008-02-29 10:33:46", "sha256": "e529e6e44c9b9af49814455afbc0c80dc92e028a95c900baa59d639fe6dc2572", "type": "XML", "filename": "res/animator-v21/anim0000.xml", "size": 1216}, {"detection_ratio": [0, 73], "datetime": "2008-02-29 10:33:46", "filename": "res/animator/anim0001.xml", "sha256": "4557ace702284b512026053a4297049368504ff611d7d3c1f58afca927610da0", "type": "XML", "size": 796}, {"detection_ratio": [0, 73], "datetime": "2008-02-29 10:33:46", "filename": "res/animator/anim0002.xml", "sha256": "42bed9e637dec63b802a594a29438bc77810065e068eb35ea7beb2dac8e07cfd", "type": "XML", "size": 796}, {"datetime": "2008-02-29 10:33:46", "sha256": "86a1d3fdd8419296ed8558d2978849769a37528033f0269c89e7276c8cbb5749", "type": "XML", "filename": "res/animator/anim0003.xml", "size": 2664}, {"detection_ratio": [0, 73], "datetime": "2008-02-29 10:33:46", "filename": "res/animator/anim0004.xml", "sha256": "f6828625db23f10e2bda1101738cdc5e18c92b08f84c24a01a3813895bf071fb", "type": "XML", "size": 120}, {"datetime": "2008-02-29 10:33:46", "sha256": "843d769f11f4896e3f74e910ce76530288be919f884f60d22bea27e976105f70", "type": "XML", "filename": "res/animator/anim0005.xml", "size": 1208}, {"detection_ratio": [0, 73], "datetime": "2008-02-29 10:33:46", "filename": "res/animator/anim0006.xml", "sha256": "1d3ec6cf282a7befe00cccfcefd5ab8f87c5559307ba28c391bbb220dc02e074", "type": "XML", "size": 1072}, {"detection_ratio": [0, 73], "datetime": "2008-02-29 10:33:46", "filename": "res/animator/anim0007.xml", "sha256": "7883cf4c13672f4ddc9f758da4dfc692c4bfd6c3c6d4e727c3d64b04d8559abc", "type": "XML", "size": 640}, {"detection_ratio": [0, 73], "datetime": "2008-02-29 10:33:46", "filename": "res/animator/anim0008.xml", "sha256": "766f7cf6aab6f379df4dc918f6da2881be566eadb65a86497a124ec79a860ba7", "type": "XML", "size": 608}, {"detection_ratio": [0, 73], "datetime": "2008-02-29 10:33:46", "filename": "res/animator/anim0009.xml", "sha256": "d72b2d827d7ff54a420e0254fd248fecf6b82888c11731346e95c613d769d4f1", "type": "XML", "size": 820}, {"detection_ratio": [0, 75], "datetime": "2008-02-29 10:33:46", "filename": "res/animator/anim000a.xml", "sha256": "2e9faccf9aeba7234678d485ff5aab5c9c14d1c16544d50a1653d94fbb2dc1e3", "type": "XML", "size": 2724}, {"detection_ratio": [0, 73], "datetime": "2008-02-29 10:33:46", "filename": "res/animator/anim000b.xml", "sha256": "53993d10a3097dd375801f10f7175ccc2c03b4eb34e4c2d949c32574535fad36", "type": "XML", "size": 796}, {"detection_ratio": [0, 73], "datetime": "2008-02-29 10:33:46", "filename": "res/animator/anim000c.xml", "sha256": "7d364cdda574e0484cd3946d43c12cd76108fe0f60c4ad76ef44eed46810592f", "type": "XML", "size": 796}, {"detection_ratio": [0, 73], "datetime": "2008-02-29 10:33:46", "filename": "res/animator/anim000d.xml", "sha256": "04cf8fe4f3f1cd485476d2bf6b97487fd2c4a28bfb1bd9b17d6f7542edba3a81", "type": "XML", "size": 1888}, {"detection_ratio": [0, 76], "datetime": "2008-02-29 10:33:46", "filename": "res/animator/anim000e.xml", "sha256": "a587b5ecbfdd506e61de343ba0eb12282a86c4f7e09da3a0901e645b803f6514", "type": "XML", "size": 1888}, {"detection_ratio": [0, 71], "datetime": "2008-02-29 10:33:46", "filename": "res/color-v21/color0002.xml", "sha256": "3ad171afe1e519b675e77c7d09fcc7f67ec2f3b2ea89f1b768cecd6c63e6bf09", "type": "XML", "size": 464}, {"detection_ratio": [0, 76], "datetime": "2008-02-29 10:33:46", "filename": "res/color-v23/color0002.xml", "sha256": "3b32e560b2d3c9782bb55b7b7738cca76633992766626a39f8cd01140ded4b1b", "type": "XML", "size": 500}, {"detection_ratio": [0, 73], "datetime": "2008-02-29 10:33:46", "filename": "res/color-v23/color0003.xml", "sha256": "4383e4c5e69df10f7b153ef9b35575cc0e1b3d2fe36d3544738c03e1e0c35a9a", "type": "XML", "size": 500}, {"detection_ratio": [0, 71], "datetime": "2008-02-29 10:33:46", "filename": "res/color-v23/color0004.xml", "sha256": "28135693edb0988e1c4fc168a40d94c946f010b5dc83b732f9ac01a4f76a4c5b", "type": "XML", "size": 544}, {"detection_ratio": [0, 75], "datetime": "2008-02-29 10:33:46", "filename": "res/color-v23/color0013.xml", "sha256": "e6eaf2f29b6a456c8b61c8333dd746994ef335a21d4271018186898356844726", "type": "XML", "size": 624}, {"detection_ratio": [0, 75], "datetime": "2008-02-29 10:33:46", "filename": "res/color-v23/color0014.xml", "sha256": "5b904f8796e2694760303dd7e066c6c11a8c74e08522eae3f01f56a7596934af", "type": "XML", "size": 1120}, {"detection_ratio": [0, 75], "datetime": "2008-02-29 10:33:46", "filename": "res/color-v23/color0015.xml", "sha256": "e4ae3be717daf33324f20e5a83ae3bd13cd264a39fe1fffc1d48489c1a1c54a2", "type": "XML", "size": 668}, {"detection_ratio": [0, 76], "datetime": "2008-02-29 10:33:46", "filename": "res/color-v23/color0016.xml", "sha256": "98050ad4b4828171b616091a57660d349cb0d9b4c2b260153c7c1403fae3abc2", "type": "XML", "size": 500}, {"detection_ratio": [0, 75], "datetime": "2008-02-29 10:33:46", "filename": "res/color-v23/color0017.xml", "sha256": "e4ae3be717daf33324f20e5a83ae3bd13cd264a39fe1fffc1d48489c1a1c54a2", "type": "XML", "size": 668}, {"detection_ratio": [0, 76], "datetime": "2008-02-29 10:33:46", "filename": "res/color-v23/color0018.xml", "sha256": "77f9cb0491ee6f57d1c6bdb1fee41d8847c3c1e3af0178a228ad2759ad7c8406", "type": "XML", "size": 664}, {"detection_ratio": [0, 73], "datetime": "2008-02-29 10:33:46", "filename": "res/color/color0000.xml", "sha256": "7d4dfd26cc88091c25e3b4acec3df9cf38d2c02d8714ba37f0ae49623f645d25", "type": "XML", "size": 468}, {"detection_ratio": [0, 73], "datetime": "2008-02-29 10:33:46", "filename": "res/color/color0001.xml", "sha256": "db68b79e2aee0dfd81849f31be7e8e707b23741e036414bf89021aea29575207", "type": "XML", "size": 468}, {"detection_ratio": [0, 72], "datetime": "2008-02-29 10:33:46", "filename": "res/color/color0002.xml", "sha256": "15ae9d4497638d54da10aadbb19dcc50afca7824ad171153fd46bc85933dc3b4", "type": "XML", "size": 604}, {"detection_ratio": [0, 69], "datetime": "2008-02-29 10:33:46", "filename": "res/color/color0003.xml", "sha256": "5bdd95e7923d752f232ddf7c2e0e4186e335124ec448cb006bffe05644b7e304", "type": "XML", "size": 604}, {"detection_ratio": [0, 74], "datetime": "2008-02-29 10:33:46", "filename": "res/color/color0007.xml", "sha256": "eb389861c147dbc7edc66e76400414b6ac6792f22921a4920af5d0056a45b6c0", "type": "XML", "size": 564}, {"detection_ratio": [0, 75], "datetime": "2008-02-29 10:33:46", "filename": "res/color/color0008.xml", "sha256": "a10a044db353efb36a2f4d8d3d20a759f1bb0f8ac273c23b233a0953336fe7ca", "type": "XML", "size": 564}, {"detection_ratio": [0, 74], "datetime": "2008-02-29 10:33:46", "filename": "res/color/color0009.xml", "sha256": "f0295fb65d7efb38500842f77877430ca4ccbccec187fbfc6d1667a12ff61590", "type": "XML", "size": 464}, {"detection_ratio": [0, 73], "datetime": "2008-02-29 10:33:46", "filename": "res/color/color000a.xml", "sha256": "74c8e5e96fd1a53ea8707a04c823f51a6db5e4aa3d247a9e079d7a39ff173feb", "type": "XML", "size": 464}, {"detection_ratio": [0, 70], "datetime": "2008-02-29 10:33:46", "filename": "res/color/color000b.xml", "sha256": "0a1a6f129fd7a2cf293e5b3253f09a7d7851b32f5b879b98cf7a231e589ec575", "type": "XML", "size": 464}, {"detection_ratio": [0, 67], "datetime": "2008-02-29 10:33:46", "filename": "res/color/color000c.xml", "sha256": "161653b424e3391dba8b8164b054fa37a3c5b65198b73e872609e2906dc369b0", "type": "XML", "size": 464}, {"detection_ratio": [0, 73], "datetime": "2008-02-29 10:33:46", "filename": "res/color/color000d.xml", "sha256": "1e4171edfe1875ea4887fcbb8d04c78b72de421b3367df8f715e4941ba5f1b94", "type": "XML", "size": 588}, {"detection_ratio": [0, 73], "datetime": "2008-02-29 10:33:46", "filename": "res/color/color0011.xml", "sha256": "47b4688b09743f5c6cec62d571e1a182bba3e5cf0742cdd7a6c4b469908b0c80", "type": "XML", "size": 464}, {"detection_ratio": [0, 73], "datetime": "2008-02-29 10:33:46", "filename": "res/color/color0012.xml", "sha256": "78b091556e39edf611213238ed384724fc995fa2eae76c88660475eb00e528b9", "type": "XML", "size": 464}, {"detection_ratio": [0, 73], "datetime": "2008-02-29 10:33:46", "filename": "res/color/color0013.xml", "sha256": "5d56acc668300dcd5e55ffcd74b71f5ac4ef63a5008c28eb4824ac04360a33b7", "type": "XML", "size": 728}, {"detection_ratio": [0, 73], "datetime": "2008-02-29 10:33:46", "filename": "res/color/color0014.xml", "sha256": "66e5702a0f120bd907bec958fcb58d4f65f9e7266c36c22c22c2220e233686ef", "type": "XML", "size": 1224}, {"detection_ratio": [0, 73], "datetime": "2008-02-29 10:33:46", "filename": "res/color/color0015.xml", "sha256": "bb716c52e92dbca3dd0c8c76d96f8a51c7d02c040424292fe899eea6a7f47a38", "type": "XML", "size": 772}, {"detection_ratio": [0, 73], "datetime": "2008-02-29 10:33:46", "filename": "res/color/color0016.xml", "sha256": "f55c9bb90a841b68d7b28421798820dfb4e04726d1f68a48efe91605777be6f9", "type": "XML", "size": 604}, {"detection_ratio": [0, 73], "datetime": "2008-02-29 10:33:46", "filename": "res/color/color0017.xml", "sha256": "2dba12d31a52803c65218098e187147281a930c4dd72003c67602ebcd9deb761", "type": "XML", "size": 772}, {"detection_ratio": [0, 73], "datetime": "2008-02-29 10:33:46", "filename": "res/color/color0018.xml", "sha256": "eaafed29d222c719c9faaa5743acc7597eb98bd9fa1dbfc9e7836100c8dcddda", "type": "XML", "size": 768}, {"detection_ratio": [0, 76], "datetime": "2008-02-29 10:33:46", "filename": "res/color/color002d.xml", "sha256": "166a117d6f63b5a4b77082b6842d44e4471669ccee41832480f10b4a778bb631", "type": "XML", "size": 464}, {"detection_ratio": [0, 73], "datetime": "2008-02-29 10:33:46", "filename": "res/color/color0039.xml", "sha256": "0605800789b8eecd16108225fab6967bbf5d65cdadfb8166d224223e6336089f", "type": "XML", "size": 712}, {"detection_ratio": [0, 75], "datetime": "2008-02-29 10:33:46", "filename": "res/color/color0054.xml", "sha256": "6c2bcc5a86d4c00d61ae6af9218d3dcba9536016ac0260a5b794287811323015", "type": "XML", "size": 464}, {"detection_ratio": [0, 73], "datetime": "2008-02-29 10:33:46", "filename": "res/color/color005c.xml", "sha256": "c0996c3ed11e7934d3df65df6881e0046f14c18861f92a9fcf61b3872db55543", "type": "XML", "size": 376}, {"datetime": "2008-02-29 10:33:46", "sha256": "f5688bcd4da477a6f561b9c5b0203dce26d903a4ef5c49c8c1ecf4d6a6b548fe", "type": "XML", "filename": "res/color/color0074.xml", "size": 376}, {"detection_ratio": [0, 73], "datetime": "2008-02-29 10:33:46", "filename": "res/color/color0075.xml", "sha256": "cd085e700d4de405f12a8e7f4e6133b68779f7d04264d8bcfcbed6060f5c8596", "type": "XML", "size": 376}, {"detection_ratio": [0, 73], "datetime": "2008-02-29 10:33:46", "filename": "res/color/color0076.xml", "sha256": "aa5f98563d51ea6a13bf96e6a5bf9adb7b1e56a8705f3e460ff21d9ec58eacaf", "type": "XML", "size": 376}, {"detection_ratio": [0, 73], "datetime": "2008-02-29 10:33:46", "filename": "res/color/color0077.xml", "sha256": "c0d4a81da154d220ecbce518190765012ad5d9763394c22027733855100cbdbe", "type": "XML", "size": 376}, {"detection_ratio": [0, 73], "datetime": "2008-02-29 10:33:46", "filename": "res/color/color0078.xml", "sha256": "230bf3d3338ac98c310bad3da4e43f2e509128ffecbce9f75985273989cb45f7", "type": "XML", "size": 376}, {"detection_ratio": [0, 75], "datetime": "2008-02-29 10:33:46", "filename": "res/color/color0079.xml", "sha256": "a2691a82f1e63e7a1122e4da7470db84a65341771e7ff1730ce56a598c310c40", "type": "XML", "size": 376}], "uncompressed_size": 6941353}, "androguard": {"Activities": ["dcqx.mozx.xkcyk.Bnama", "dcqx.mozx.xkcyk.Bqiaiz", "dcqx.mozx.xkcyk.aas.Bhlsz", "dcqx.mozx.xkcyk.aas.Bhssaz", "dcqx.mozx.xkcyk.aas.Bjsspz", "dcqx.mozx.xkcyk.aas.Msjs", "dcqx.mozx.xkcyk.aas.Bclsk", "dcqx.mozx.xkcyk.UaklsActivity", "dcqx.mozx.xkcyk.PllssActivity", "dcqx.mozx.xkcyk.WActivity", "dcqx.mozx.xkcyk.We2Activity", "dcqx.mozx.xkcyk.We3Activity", "cn.rs.keepalive.activity.OnePixelActivity"], "AndroidVersionCode": "1", "certificate": {"validto": "2035-07-17 01:33:46", "serialnumber": "936eacbe07f201df", "Issuer": {"DN": "C:US, CN:Android, L:Mountain View, O:Android, ST:California, OU:Android, email:android@android.com", "C": "US", "CN": "Android", "L": "Mountain View", "O": "Android", "ST": "California", "OU": "Android", "email": "android@android.com"}, "thumbprint": "61ed377e85d386a8dfee6b864bd85b0bfaa5af81", "validfrom": "2008-02-29 01:33:46", "Subject": {"DN": "C:US, CN:Android, L:Mountain View, O:Android, ST:California, OU:Android, email:android@android.com", "C": "US", "CN": "Android", "L": "Mountain View", "O": "Android", "ST": "California", "OU": "Android", "email": "android@android.com"}}, "VTAndroidInfo": 2, "AndroidApplication": 1, "Package": "dcqx.mozx.xkcyk", "intent-filters": {"Services": {"cn.rs.keepalive.service.AuthenticationService": {"action": ["android.accounts.AccountAuthenticator"]}, "cn.rs.keepalive.service.WorkService": {"action": ["cn.rs.keepalive.service"]}, "cn.rs.keepalive.service.AccountSyncService": {"action": ["android.content.SyncAdapter"]}, "dcqx.mozx.xkcyk.Baqiw": {"action": ["android.intent.action.RESPOND_VIA_MESSAGE"], "category": ["android.intent.category.DEFAULT"]}}, "Activities": {"dcqx.mozx.xkcyk.Bnama": {"action": ["android.intent.action.MAIN"], "category": ["android.intent.category.LAUNCHER"]}, "dcqx.mozx.xkcyk.Bqiaiz": {"action": ["android.intent.action.SEND", "android.intent.action.SENDTO"], "category": ["android.intent.category.BROWSABLE", "android.intent.category.APP_MESSAGING", "android.intent.category.DEFAULT"]}}, "Receivers": {"dcqx.mozx.xkcyk.Aplzxq": {"action": ["android.intent.action.BOOT_COMPLETED"], "category": ["android.intent.category.LAUNCHER"]}, "dcqx.mozx.xkcyk.Aaspsls$MyReceiver": {"action": ["com.my.submit"]}, "cn.rs.keepalive.receiver.SystemEventReceiver": {"action": ["android.intent.action.PACKAGE_ADDED", "android.intent.action.PACKAGE_REMOVED", "android.intent.action.QUICKBOOT_POWERON", "android.bluetooth.adapter.action.STATE_CHANGED", "android.net.wifi.WIFI_STATE_CHANGED", "android.net.conn.CONNECTIVITY_CHANGE", "android.intent.action.BOOT_COMPLETED", "android.intent.action.USER_PRESENT", "android.intent.action.WALLPAPER_CHANGED", "android.intent.action.PACKAGE_RESTARTED", "android.intent.action.PACKAGE_REPLACED", "android.provider.Telephony.SECRET_CODE", "android.intent.action.NEW_OUTGOING_CALL", "android.intent.action.MEDIA_MOUNTED", "android.intent.action.MEDIA_UNMOUNTED"]}, "dcqx.mozx.xkcyk.Toaosz": {"action": ["android.provider.Telephony.SMS_DELIVER"]}, "dcqx.mozx.xkcyk.Bapzlzs": {"action": ["android.provider.Telephony.WAP_PUSH_DELIVER"]}}}, "Main Activity": "dcqx.mozx.xkcyk.Bnama", "AndroidApplicationError": false, "Providers": ["cn.rs.keepalive.provider.ContentSyncProvider", "net.grandcentrix.tray.provider.TrayContentProvider"], "AndroidVersionName": "1.0.8", "RiskIndicator": {"APK": {"DEX": 1, "SHARED LIBRARIES": 4}, "PERM": {"INSTANT": 3, "PRIVACY": 6, "DANGEROUS": 4, "NORMAL": 7, "SMS": 5, "MONEY": 2, "INTERNET": 1}}, "Services": ["dcqx.mozx.xkcyk.Baqiw", "cn.rs.keepalive.service.JobSchedulerService", "cn.rs.keepalive.service.WorkService", "cn.rs.keepalive.service.DaemonService", "cn.rs.keepalive.service.DaemonService$DaemonNotificationService", "cn.rs.keepalive.service.AuthenticationService", "cn.rs.keepalive.service.AccountSyncService"], "MinSdkVersion": "19", "AndroidApplicationInfo": "APK", "TargetSdkVersion": "29", "Receivers": ["dcqx.mozx.xkcyk.Aaspsls$MyReceiver", "dcqx.mozx.xkcyk.Toaosz", "dcqx.mozx.xkcyk.Bapzlzs", "dcqx.mozx.xkcyk.Aplzxq", "cn.rs.keepalive.receiver.SystemEventReceiver"], "AndroguardVersion": "3.4.0a1", "Permissions": {"android.permission.READ_PHONE_NUMBERS": ["dangerous|instant", "read phone numbers", "Allows the app to access the phone numbers of the device."], "android.permission.RECEIVE_BOOT_COMPLETED": ["normal", "run at startup", "Allows the app to\n        have itself started as soon as the system has finished booting.\n        This can make it take longer to start the phone and allow the\n        app to slow down the overall phone by always running."], "android.permission.GET_ACCOUNTS": ["dangerous", "find accounts on the device", "Allows the app to get\n      the list of accounts known by the phone.  This may include any accounts\n      created by applications you have installed."], "android.permission.READ_PHONE_STATE": ["dangerous", "read phone status and identity", "Allows the app to access the phone\n      features of the device.  This permission allows the app to determine the\n      phone number and device IDs, whether a call is active, and the remote number\n      connected by a call."], "android.permission.WRITE_SMS": ["dangerous", "edit your text messages (SMS or MMS)", "Allows the app to write\n      to SMS messages stored on your phone or SIM card. Malicious apps\n      may delete your messages."], "android.permission.REQUEST_DELETE_PACKAGES": ["normal", "request delete packages", "Allows an application to request deletion of packages."], "android.permission.AUTHENTICATE_ACCOUNTS": ["dangerous", "create accounts and set passwords", "Allows the app\n    to use the account authenticator capabilities of the\n    AccountManager, including creating accounts and getting and\n    setting their passwords."], "android.permission.SEND_SMS": ["dangerous", "send and view SMS messages", "Allows the app to send SMS messages.\n     This may result in unexpected charges. Malicious apps may cost you money by\n     sending messages without your confirmation."], "android.permission.ACCESS_NETWORK_STATE": ["normal|instant", "view network connections", "Allows the app to view\n      information about network connections such as which networks exist and are\n      connected."], "android.permission.RECEIVE_MMS": ["dangerous", "receive text messages (MMS)", "Allows the app to receive and process MMS\n      messages. This means the app could monitor or delete messages sent to your\n      device without showing them to you."], "android.permission.REORDER_TASKS": ["normal", "reorder running apps", "Allows the app to move tasks to the\n      foreground and background.  The app may do this without your input."], "android.permission.CALL_PHONE": ["dangerous", "directly call phone numbers", "Allows the app to call phone numbers\n      without your intervention. This may result in unexpected charges or calls.\n      Note that this doesn't allow the app to call emergency numbers.\n      Malicious apps may cost you money by making calls without your\n      confirmation."], "android.permission.WRITE_SYNC_SETTINGS": ["normal", "toggle sync on and off", "Allows an app to modify the sync settings for an account.  For example, this can be used to enable sync of the People app with an account."], "android.permission.RECEIVE_SMS": ["dangerous", "receive text messages (SMS)", "Allows the app to receive and process SMS\n      messages. This means the app could monitor or delete messages sent to your\n      device without showing them to you."], "android.permission.READ_CONTACTS": ["dangerous", "read your contacts", "Allows the app to read data about your contacts stored on your phone.\n      This permission allows apps to save your contact data, and malicious apps may share contact data without your knowledge."], "android.permission.FOREGROUND_SERVICE": ["normal|instant", "run foreground service", "Allows the app to make use of foreground services."], "android.permission.INTERNET": ["normal|instant", "have full network access", "Allows the app to create\n     network sockets and use custom network protocols. The browser and other\n     applications provide means to send data to the internet, so this\n     permission is not required to send data to the internet."], "android.permission.WRITE_EXTERNAL_STORAGE": ["dangerous", "modify or delete the contents of your shared storage", "Allows the app to write the contents of your shared storage."], "android.permission.USE_FULL_SCREEN_INTENT": ["normal", "", ""], "android.permission.READ_SMS": ["dangerous", "read your text messages (SMS or MMS)", "This app can read all SMS (text) messages stored on your phone."]}}}, "size": 3357189, "authentihash": null, "times_submitted": 2, "harmless_votes": 0, "malicious_votes": 0, "sha256": "c4ba42f8c70235bd85e91171b2038fda64fffb3349b9b37cc802318ed2a9e377", "type": "Android", "scans": {"Bkav": {"detected": false, "version": "1.3.0.9899", "result": null, "update": "20211102"}, "Lionic": {"detected": true, "version": "4.2", "result": "Trojan.AndroidOS.Bray.C!c", "update": "20211103"}, "Elastic": {"detected": false, "version": "4.0.29", "result": null, "update": "20211005"}, "MicroWorld-eScan": {"detected": false, "version": "14.0.409.0", "result": null, "update": "20211103"}, "CMC": {"detected": false, "version": "2.10.2019.1", "result": null, "update": "20211026"}, "CAT-QuickHeal": {"detected": true, "version": "14.00", "result": "Android.Agent.GEN45096", "update": "20211103"}, "McAfee": {"detected": true, "version": "6.0.6.653", "result": "Artemis!9AA9ED3D4306", "update": "20211103"}, "ALYac": {"detected": false, "version": "1.1.3.1", "result": null, "update": "20211103"}, "Malwarebytes": {"detected": false, "version": "4.2.2.27", "result": null, "update": "20211103"}, "VIPRE": {"detected": false, "version": "96678", "result": null, "update": "20211103"}, "Sangfor": {"detected": false, "version": "2.9.0.0", "result": null, "update": "20210930"}, "K7AntiVirus": {"detected": false, "version": "11.225.39131", "result": null, "update": "20211103"}, "Alibaba": {"detected": true, "version": "0.3.0.5", "result": "TrojanBanker:Android/Agent.d52d45eb", "update": "20190527"}, "K7GW": {"detected": true, "version": "11.225.39131", "result": "Trojan ( 005606f31 )", "update": "20211103"}, "Trustlook": {"detected": true, "version": "1.0", "result": "Android.Malware.Trojan", "update": "20211103"}, "Arcabit": {"detected": false, "version": "1.0.0.886", "result": null, "update": "20211103"}, "Baidu": {"detected": false, "version": "1.0.0.2", "result": null, "update": "20190318"}, "Cyren": {"detected": true, "version": "6.3.0.2", "result": "AndroidOS/Trojan.RDQD-6", "update": "20211103"}, "SymantecMobileInsight": {"detected": true, "version": "2.0", "result": "AppRisk:Generisk", "update": "20210126"}, "Symantec": {"detected": true, "version": "1.16.0.0", "result": "Trojan.Gen.2", "update": "20211103"}, "ESET-NOD32": {"detected": true, "version": "24229", "result": "a variant of Android/TrojanDropper.Agent.DMJ", "update": "20211103"}, "TrendMicro-HouseCall": {"detected": false, "version": "10.0.0.1040", "result": null, "update": "20211101"}, "Avast": {"detected": false, "version": "21.1.5827.0", "result": null, "update": "20211103"}, "ClamAV": {"detected": false, "version": "0.104.0.0", "result": null, "update": "20211102"}, "Kaspersky": {"detected": true, "version": "21.0.1.45", "result": "HEUR:Trojan-Banker.AndroidOS.Bray.i", "update": "20211103"}, "BitDefender": {"detected": false, "version": "7.2", "result": null, "update": "20211103"}, "NANO-Antivirus": {"detected": true, "version": "1.0.146.25370", "result": "Trojan.Android.Mlw.jabkpa", "update": "20211103"}, "SUPERAntiSpyware": {"detected": false, "version": "5.6.0.1032", "result": null, "update": "20211030"}, "Rising": {"detected": false, "version": "25.0.0.26", "result": null, "update": "20211103"}, "Ad-Aware": {"detected": false, "version": "3.0.21.193", "result": null, "update": "20211103"}, "Emsisoft": {"detected": false, "version": "2021.5.0.7597", "result": null, "update": "20211103"}, "Comodo": {"detected": false, "version": "34044", "result": null, "update": "20211102"}, "F-Secure": {"detected": false, "version": "12.0.86.52", "result": null, "update": "20211103"}, "DrWeb": {"detected": true, "version": "7.0.52.8270", "result": "Android.Spy.4374", "update": "20211103"}, "Zillya": {"detected": false, "version": "2.0.0.4487", "result": null, "update": "20211102"}, "TrendMicro": {"detected": false, "version": "11.0.0.1006", "result": null, "update": "20211103"}, "McAfee-GW-Edition": {"detected": true, "version": "v2019.1.2+3728", "result": "Artemis!Trojan", "update": "20211102"}, "FireEye": {"detected": false, "version": "32.44.1.0", "result": null, "update": "20211103"}, "Sophos": {"detected": true, "version": "1.4.1.0", "result": "Android Packed App (PUA)", "update": "20211103"}, "Ikarus": {"detected": true, "version": "0.1.5.2", "result": "Trojan-Dropper.AndroidOS.Agent", "update": "20211102"}, "Avast-Mobile": {"detected": true, "version": "211102-00", "result": "Android:Evo-gen [Trj]", "update": "20211102"}, "Jiangmin": {"detected": false, "version": "16.0.100", "result": null, "update": "20211102"}, "Avira": {"detected": true, "version": "8.3.3.12", "result": "ANDROID/Agent.FKEC.Gen", "update": "20211103"}, "Antiy-AVL": {"detected": false, "version": "3.0.0.1", "result": null, "update": "20211103"}, "Kingsoft": {"detected": false, "version": "2017.9.26.565", "result": null, "update": "20211103"}, "Gridinsoft": {"detected": false, "version": "1.0.60.158", "result": null, "update": "20211103"}, "Microsoft": {"detected": true, "version": "1.1.18700.4", "result": "TrojanSpy:AndroidOS/Bray.A!MTB", "update": "20211103"}, "ViRobot": {"detected": false, "version": "2014.3.20.0", "result": null, "update": "20211103"}, "ZoneAlarm": {"detected": false, "version": "1.0", "result": null, "update": "20211102"}, "GData": {"detected": false, "version": "A:25.31229B:27.25015", "result": null, "update": "20211103"}, "BitDefenderFalx": {"detected": true, "version": "2.0.936", "result": "Android.Riskware.Agent.JME", "update": "20210610"}, "AhnLab-V3": {"detected": true, "version": "3.21.1.10219", "result": "Trojan/Android.FakeCop.1052141", "update": "20211103"}, "BitDefenderTheta": {"detected": false, "version": "7.2.37796.0", "result": null, "update": "20211021"}, "TACHYON": {"detected": false, "version": "2021-11-03.02", "result": null, "update": "20211103"}, "VBA32": {"detected": false, "version": "5.0.0", "result": null, "update": "20211102"}, "Zoner": {"detected": false, "version": "0.0.0.0", "result": null, "update": "20211102"}, "Tencent": {"detected": true, "version": "1.0.0.1", "result": "a.privacy.emial.d", "update": "20211103"}, "Yandex": {"detected": false, "version": "5.5.2.24", "result": null, "update": "20211103"}, "MAX": {"detected": false, "version": "2019.9.16.1", "result": null, "update": "20211103"}, "MaxSecure": {"detected": false, "version": "1.0.0.1", "result": null, "update": "20211102"}, "Fortinet": {"detected": true, "version": "6.2.142.0", "result": "Android/Agent.DUI!tr", "update": "20211103"}, "Panda": {"detected": false, "version": "4.6.4.2", "result": null, "update": "20211102"}}, "tags": ["apk", "android", "reflection", "contains-elf"], "scan_id": "c4ba42f8c70235bd85e91171b2038fda64fffb3349b9b37cc802318ed2a9e377-1635926030", "unique_sources": 2, "positives": 23, "ssdeep": "49152:Bq3mAp20nzHoBoyj6F4NRIyquYboMKC5XxuwWVg8OiHteKOoHXi4LUoA5Lw9zFHX:OpzHQoyyyjwxpXxuwWCvKxy4G89pfW4X", "md5": "9aa9ed3d4306190664fee0a483388cdb", "permalink": "https://www.virustotal.com/gui/file/c4ba42f8c70235bd85e91171b2038fda64fffb3349b9b37cc802318ed2a9e377/detection/f-c4ba42f8c70235bd85e91171b2038fda64fffb3349b9b37cc802318ed2a9e377-1635926030", "sha1": "ae4c7faa98df5a8fa32e8884cada92033773b8e1", "submission": {"submitter_region": "62", "date": "2021-11-03 07:53:50", "submitter_country": "IT", "filename": "c4ba42f8c70235bd85e91171b2038fda64fffb3349b9b37cc802318ed2a9e377.bin"}, "response_code": 1, "community_reputation": 0, "verbose_msg": "Scan finished, information embedded", "ITW_urls": [], "last_seen": "2021-11-03 07:53:50"}