{"vhash": "847ff3aa0568d9afe172ec1cf3ac35bf", "submission_names": ["/ibk.apk", "d4822e4de0540f8d7cd603128b1cadfb82f8bb6dede186bd140c1e137f2c4f50_ylZLcUp.apk"], "scan_date": "2021-11-03 09:12:48", "first_seen": "2021-10-20 08:44:12", "total": 57, "additional_info": {"magic": "Zip archive data", "exiftool": {"MIMEType": "application/zip", "ZipRequiredVersion": "0", "ZipCRC": "0x67ed0762", "FileType": "ZIP", "ZipCompression": "Deflated", "ZipUncompressedSize": "55", "ZipCompressedSize": "51", "FileTypeExtension": "zip", "ZipFileName": "META-INF/com/android/build/gradle/app-metadata.properties", "ZipBitFlag": "0", "ZipModifyDate": "1981:01:01 01:01:02"}, "trid": "Android Package (57.0%)\nJava Archive (20.0%)\nSweet Home 3D design (generic) (15.5%)\nZIP compressed archive (5.9%)\nPrintFox/Pagefox bitmap (640x800) (1.4%)", "positives_delta": 11, "compressedview": {"highest_datetime": "2021-10-20 13:18:20", "lowest_datetime": "1981-01-01 01:01:02", "num_children": 771, "extensions": {"bin": 1, "dex": 1, "MF": 1, "xml": 421, "RSA": 1, "jpg": 1, "gz": 1, "dat": 1, "so": 8, "wav": 1, "SF": 1, "png": 267}, "file_types": {"DEX": 1, "XML": 421, "unknown": 74, "ELF": 8, "JPG": 2, "Java Bytecode": 1, "PNG": 264}, "type": "APK", "children": [{"detection_ratio": [0, 73], "datetime": "1981-01-01 01:01:02", "filename": "META-INF/com/android/build/gradle/app-metadata.properties", "sha256": "cceca076293291271e34eee3c67e11f7c6578561f1435934d852a1138ca83f1d", "type": "unknown", "size": 55}, {"detection_ratio": [4, 73], "datetime": "2021-10-20 13:18:20", "filename": "classes.dex", "sha256": "256216483e504066e775f427ed6f60778afdc2c28566b15a2f186dbae7d77e64", "type": "DEX", "size": 979087}, {"datetime": "2021-10-20 13:18:20", "sha256": "00f3f5827885dcb9c90483fe841da7c72cad8f1b0102943cef8075958a285960", "type": "ELF", "filename": "lib/arm64-v8a/librtmp-jni.so", "size": 786120}, {"datetime": "2021-10-20 13:18:20", "sha256": "29ec6ac9e2cdc126d36f5491574123ac6e5389fb8dcdd8ef7f968c953cf1548b", "type": "ELF", "filename": "lib/armeabi-v7a/librtmp-jni.so", "size": 575440}, {"datetime": "2021-10-20 13:18:20", "sha256": "bc8a6ce42698197357304f7afd40ba955b9e2eb6a17a29f688929f2d6f01b0ab", "type": "ELF", "filename": "lib/x86/librtmp-jni.so", "size": 359960}, {"detection_ratio": [0, 73], "datetime": "2021-10-20 13:18:20", "filename": "lib/x86_64/librtmp-jni.so", "sha256": "355f2a003bad266805e5cc5b48c86a5ed542cd7638247632d11e213d21a56768", "type": "ELF", "size": 356840}, {"datetime": "2021-10-20 13:18:16", "sha256": "d313ff3d410d349d52611ba96a7da32b2abad1a145034b9e3a2f1d73e20fe37b", "type": "unknown", "filename": "assets/images/banner1.png", "size": 56911}, {"datetime": "2021-10-20 13:18:16", "sha256": "76ed6af38e9b3597cfa20620714120d007ffab20e53d322ac49c331a6b7f8919", "type": "unknown", "filename": "assets/images/top.png", "size": 135522}, {"datetime": "2021-10-20 13:18:16", "sha256": "4f9c37280a7e053e0a63038a5bfb481dcdbc928fdeb19a20b1e770bd07afb3e1", "type": "unknown", "filename": "assets/images/top2.png", "size": 14915}, {"datetime": "2021-10-20 13:18:16", "sha256": "1ced68b0a5cfab465206455da3d443a75a4d41140ffa4dca2e8a40727c34d1f4", "type": "unknown", "filename": "assets/web_main.html", "size": 1358}, {"datetime": "2021-10-20 13:18:16", "sha256": "92035915aab2817111f7c635226552b5a7fbe7782a0e163d05928767671945ec", "type": "unknown", "filename": "assets/web_order.html", "size": 4110}, {"datetime": "2021-10-20 13:18:16", "sha256": "9a1765db8de5413538f8d09de6a134bfd05a2faa2ea49dfba4c161aa10a364ed", "type": "XML", "filename": "AndroidManifest.xml", "size": 16604}, {"detection_ratio": [0, 73], "datetime": "1981-01-01 01:01:02", "filename": "res/-A.png", "sha256": "ca4f1a1fb757f2a43b213914da7b135db9f00221e877ecf61abd22cb4136c4ff", "type": "PNG", "size": 421}, {"datetime": "1981-01-01 01:01:02", "sha256": "9b26014f6db8115445c42d4d7e62fb610227da79c13ce92e1423ddbf554a1775", "type": "XML", "filename": "res/-Y.xml", "size": 1396}, {"datetime": "1981-01-01 01:01:02", "sha256": "9e054cc02f1869591056a618e08eeb3b2f21bc88a1d21a1081b39c3d3ad014d9", "type": "XML", "filename": "res/-c.xml", "size": 528}, {"detection_ratio": [0, 75], "datetime": "1981-01-01 01:01:02", "filename": "res/-l.png", "sha256": "65b4b6e22b9ea2865bcc6eb2afc460a645cc39f642d6eaecea5a69b794813396", "type": "PNG", "size": 251}, {"datetime": "1981-01-01 01:01:02", "sha256": "341857d8fa783df1f30df77cac6efc5c17831a87e2e3d31c9483fdc734314738", "type": "XML", "filename": "res/-o.xml", "size": 532}, {"datetime": "1981-01-01 01:01:02", "sha256": "74e0ebe512729924fb9f0cd347c221214c0160b47445a7e410dc69c272b5d527", "type": "XML", "filename": "res/-u.xml", "size": 1100}, {"detection_ratio": [0, 75], "datetime": "1981-01-01 01:01:02", "filename": "res/-v.png", "sha256": "10db3e5a773571a4eda7d0bf0f4bb9e46b89298c283958855c59c25589ee7113", "type": "PNG", "size": 203}, {"detection_ratio": [0, 73], "datetime": "1981-01-01 01:01:02", "filename": "res/06.png", "sha256": "5ced2ab774853050255d7309e10b76217813d56f3f8ab8fb73ac3f635d90c676", "type": "PNG", "size": 404}, {"detection_ratio": [0, 74], "datetime": "1981-01-01 01:01:02", "filename": "res/09.9.png", "sha256": "21f0b55280be10b187ceff8edef4a5a7047683e6e9fcf47de410aa3839f41094", "type": "PNG", "size": 212}, {"detection_ratio": [0, 73], "datetime": "1981-01-01 01:01:02", "filename": "res/0H.9.png", "sha256": "c56ab9375b149ba1c5ee268f22b3cf6507bb47986f628391500fba38147dab28", "type": "PNG", "size": 207}, {"detection_ratio": [0, 75], "datetime": "1981-01-01 01:01:02", "filename": "res/0I.png", "sha256": "2fa524cda78d7ebd66164a896a042277b7a56b8658fb318fc700a114cb04f7b2", "type": "PNG", "size": 432}, {"datetime": "1981-01-01 01:01:02", "sha256": "77d8b299eb4e76d5a1f3848cddfd64dcbd1892e447ffebb7112e239d4bb39240", "type": "XML", "filename": "res/0M.xml", "size": 1400}, {"datetime": "1981-01-01 01:01:02", "sha256": "14054cba40313316806b69a22037295142482600a6c32b40c1f28cbcc2768c44", "type": "XML", "filename": "res/0N.xml", "size": 592}, {"detection_ratio": [0, 72], "datetime": "1981-01-01 01:01:02", "filename": "res/0b.xml", "sha256": "a39e6bf52b9bcd0a4b6b060fa9e63a348ecdac774d2a37255708849e1a0d10fd", "type": "XML", "size": 464}, {"detection_ratio": [0, 73], "datetime": "1981-01-01 01:01:02", "filename": "res/0t.png", "sha256": "509264704725c5d7a5161e2880990beaecc119be5e1a667d543a08acce5d6e67", "type": "PNG", "size": 327}, {"detection_ratio": [0, 73], "datetime": "1981-01-01 01:01:02", "filename": "res/0w.xml", "sha256": "2df3e0fe809521b7b725c6bcee3dce7c13ae855535544b2ea77f6af1033625d0", "type": "XML", "size": 1144}, {"detection_ratio": [0, 75], "datetime": "1981-01-01 01:01:02", "filename": "res/11.png", "sha256": "5a6ca1d0d2fea53813da5b3c9037408087f9f753f58dd2e128a4a48f7689769f", "type": "PNG", "size": 159}, {"detection_ratio": [0, 73], "datetime": "1981-01-01 01:01:02", "filename": "res/1L.xml", "sha256": "e618d2ffe965ae475f462281a349c0177b76bc95c1d0bac219325873a2b51ad7", "type": "XML", "size": 2660}, {"datetime": "1981-01-01 01:01:02", "sha256": "7ee3f68b436b5633f4932c73921ec05fd0b436a319a7737445b946f9e1623f04", "type": "XML", "filename": "res/1N.xml", "size": 836}, {"detection_ratio": [0, 72], "datetime": "1981-01-01 01:01:02", "filename": "res/1V.xml", "sha256": "911314f2e59c61de979da621f99a0ada7fa3e7d80da66d53bf71263b0cb1626d", "type": "XML", "size": 336}, {"detection_ratio": [0, 73], "datetime": "1981-01-01 01:01:02", "filename": "res/1u.xml", "sha256": "005b9002f91605d0ddfecd55b6da1b1b39e23dfd3c0965960fc1f0c45dea529d", "type": "XML", "size": 400}, {"detection_ratio": [0, 72], "datetime": "1981-01-01 01:01:02", "filename": "res/1y.xml", "sha256": "976c8b16e6a0728e6389e244e8f8e27d2c5dc8b55a4d20e6d4735a49a1058743", "type": "XML", "size": 516}, {"datetime": "1981-01-01 01:01:02", "sha256": "5f5f0ae211714b77d759179f3077a8e034bd184ba91757936eb22879492e93c2", "type": "XML", "filename": "res/23.xml", "size": 312}, {"detection_ratio": [0, 73], "datetime": "1981-01-01 01:01:02", "filename": "res/2C.9.png", "sha256": "5d4161bf9482b5d2a2346cd3fa2739ec3203d995bebac02e89a732943368bbfc", "type": "PNG", "size": 207}, {"detection_ratio": [0, 72], "datetime": "1981-01-01 01:01:02", "filename": "res/2D.xml", "sha256": "44246e967feecb0ca01223340810cde966e0fa2d87f36fce8ba6ef7c32fd464d", "type": "XML", "size": 940}, {"detection_ratio": [0, 73], "datetime": "1981-01-01 01:01:02", "filename": "res/2a.png", "sha256": "3f4396ad18482d483a073b29004dcac7e70a630a9fbd53dcf85e85c42bdeaaa3", "type": "PNG", "size": 513}, {"datetime": "1981-01-01 01:01:02", "sha256": "cf0aa4961bacb4a28a6afc62cf6276ae500a1d6abdf6c15cf9cfe84e84c7f9a0", "type": "XML", "filename": "res/2p.xml", "size": 420}, {"detection_ratio": [0, 72], "datetime": "1981-01-01 01:01:02", "filename": "res/2p1.xml", "sha256": "645fbc2399ed6916b2fb953e48b69628938626c82537e6be3b25e5d6012e6020", "type": "XML", "size": 616}, {"datetime": "1981-01-01 01:01:02", "sha256": "a5b5b5d47e1893ede7f7564836379a6f3dffb35aaee56ce16ee377910b88cca9", "type": "XML", "filename": "res/30.xml", "size": 1172}, {"detection_ratio": [0, 75], "datetime": "1981-01-01 01:01:02", "filename": "res/33.9.png", "sha256": "0f8db605d63bf1d6d35fd647d592ac4e70c9a712ff5d1c2114c8d58a88b8228a", "type": "PNG", "size": 2463}, {"detection_ratio": [0, 72], "datetime": "1981-01-01 01:01:02", "filename": "res/36.xml", "sha256": "0774a7e609941b8a3bc6a7daa009cea6266db51c052c88b8fafdc51fd328ad95", "type": "XML", "size": 468}, {"datetime": "1981-01-01 01:01:02", "sha256": "b0863b94ae80a1d4e368feceb1acfb133e3738c3b79fa666b61f9bf37dae4974", "type": "XML", "filename": "res/38.xml", "size": 1224}, {"detection_ratio": [0, 73], "datetime": "1981-01-01 01:01:02", "filename": "res/3B.xml", "sha256": "9c6cba46748f3cb25c7de063d0c72313fdf528cfb4458591be5334bdca990c86", "type": "XML", "size": 400}, {"detection_ratio": [0, 75], "datetime": "1981-01-01 01:01:02", "filename": "res/3D.png", "sha256": "d449f91355eac92dcaeabdca61f9a9f874ec62a6883bb0753cabc723546e7a8f", "type": "PNG", "size": 348}, {"detection_ratio": [0, 73], "datetime": "1981-01-01 01:01:02", "filename": "res/3_.png", "sha256": "6151450ece3ab9667213c3987b6d8fffa25baf9ff43d53bcd9c94fd8ea7616d0", "type": "PNG", "size": 197}, {"datetime": "1981-01-01 01:01:02", "sha256": "606d3592d3dc81ffd68151df4c7603193628700d27852c9a2b39fa5ebe3dc70d", "type": "XML", "filename": "res/3c.xml", "size": 640}, {"detection_ratio": [0, 74], "datetime": "1981-01-01 01:01:02", "filename": "res/3f.png", "sha256": "8c6e2a3c33890d72be345310e6e531778c25b9c9b143762c6c2bdee88f5fb0d0", "type": "PNG", "size": 262}, {"datetime": "1981-01-01 01:01:02", "sha256": "1c604ddc6f3e77e3519b138436a3addf41846e62e2405f86ad20409c255a6b96", "type": "XML", "filename": "res/3h.xml", "size": 492}, {"datetime": "1981-01-01 01:01:02", "sha256": "b2ab4fc02b133d6bdf949fd79392d1e46120177e1ab94de1975bbd0b5957d423", "type": "XML", "filename": "res/3i.xml", "size": 588}, {"datetime": "1981-01-01 01:01:02", "sha256": "9b12d102d75b364cdf58f801b4470b71d840bc228c4d1807153c7a26a5ac5da1", "type": "XML", "filename": "res/3m.xml", "size": 532}, {"detection_ratio": [0, 73], "datetime": "1981-01-01 01:01:02", "filename": "res/3x.xml", "sha256": "ae23fba6ef2b4fcebd693a631493535c2668d3f05a4738d2390c4097e245c223", "type": "XML", "size": 408}, {"detection_ratio": [0, 73], "datetime": "1981-01-01 01:01:02", "filename": "res/41.xml", "sha256": "fe1ff1e8f0a304f4548325530ed1f2c95044d61a542ab8757eb935b04c6a2f56", "type": "XML", "size": 644}, {"datetime": "1981-01-01 01:01:02", "sha256": "887bbf650befd2f07808222913a4838a84abce947e35fee168754191b3211865", "type": "XML", "filename": "res/43.xml", "size": 388}, {"detection_ratio": [0, 73], "datetime": "1981-01-01 01:01:02", "filename": "res/49.png", "sha256": "3dbbad926d540586d6bd1230f3293108774c95e73f6604f0bbf88c3a11530223", "type": "PNG", "size": 585}, {"detection_ratio": [0, 73], "datetime": "1981-01-01 01:01:02", "filename": "res/4C.xml", "sha256": "c039f810a5b6429035cca5c0017d69a2d8ed31fc6c027e56d866c93bb46f45da", "type": "XML", "size": 400}, {"datetime": "1981-01-01 01:01:02", "sha256": "57ee2399159c07480dfe1c8766a1a64d863777cdf30c7f04066cc6d9316a6455", "type": "XML", "filename": "res/4G.xml", "size": 576}, {"datetime": "1981-01-01 01:01:02", "sha256": "38f92dc77163b31cc05181aa82e3336d03a221b3fe74440a25421416761085f0", "type": "XML", "filename": "res/4W.xml", "size": 1228}, {"detection_ratio": [0, 73], "datetime": "1981-01-01 01:01:02", "filename": "res/4_.9.png", "sha256": "378694706fb7256dd2248e2af854efd71ec7e8885f61da2e16a2bd32fcf3d0a9", "type": "PNG", "size": 167}, {"detection_ratio": [0, 73], "datetime": "1981-01-01 01:01:02", "filename": "res/4e.png", "sha256": "afbcaede66a97ddc9b54c4d9891c09415cb6944d79c4c1ae8440cda553963957", "type": "PNG", "size": 420}, {"detection_ratio": [0, 74], "datetime": "1981-01-01 01:01:02", "filename": "res/55.png", "sha256": "f4a3af86cce6ea60d9c08c506693461dc60e9fb22d7c01c80386f00b23698659", "type": "PNG", "size": 461}, {"datetime": "1981-01-01 01:01:02", "sha256": "63a05821b9208dfa715362fc14f64b827ef51424703e7fc848d1fb8acf0828ab", "type": "XML", "filename": "res/5A.xml", "size": 1440}, {"detection_ratio": [0, 73], "datetime": "1981-01-01 01:01:02", "filename": "res/5J.png", "sha256": "5eca0280bd38a6887b6e41765cf5da573133874625001eb90156eaeb35fbe088", "type": "PNG", "size": 227}, {"detection_ratio": [0, 75], "datetime": "1981-01-01 01:01:02", "filename": "res/5j.9.png", "sha256": "fa50162bdb3501c6b50cfa36c14dab9c94e48d57f558607ec9858124d70412f9", "type": "PNG", "size": 181}, {"detection_ratio": [0, 75], "datetime": "1981-01-01 01:01:02", "filename": "res/5z.9.png", "sha256": "8c6846f4105ef1c02107e842142e9ce60b08819296e9510b2d0c12cf4560c5e1", "type": "PNG", "size": 245}, {"datetime": "1981-01-01 01:01:02", "sha256": "3b59866b875b11058baa88738d70b6c20ac8b424badb0aa201d367fbe4226cd8", "type": "XML", "filename": "res/65.xml", "size": 528}, {"datetime": "1981-01-01 01:01:02", "sha256": "c5164ae8c48d35b7a2c87eb59b9d10215dc3541c6c7425e9de10e9f76401d034", "type": "PNG", "filename": "res/6F.png", "size": 1481}, {"detection_ratio": [0, 73], "datetime": "1981-01-01 01:01:02", "filename": "res/6I.png", "sha256": "24f5db226f1cd56e5e775f82c37f65f3d1eec9091b26b74861629caf0019c3bd", "type": "PNG", "size": 753}, {"datetime": "1981-01-01 01:01:02", "sha256": "23629af9005bb5ed43d5f6722b5eb9bba7a2859ea7974c5d1ba9f312a1cf2307", "type": "XML", "filename": "res/6J.xml", "size": 1176}, {"datetime": "1981-01-01 01:01:02", "sha256": "c68b738753dfa9794ae1dd2d0c8c8a9b8e3a26c8bf4a2d5a0c901e39b2a7cf66", "type": "XML", "filename": "res/6e.xml", "size": 388}, {"detection_ratio": [0, 73], "datetime": "1981-01-01 01:01:02", "filename": "res/6w.9.png", "sha256": "49903073ab23abfc11a55e1333eb2905c743e1b382006c27c15434fd76e0207c", "type": "PNG", "size": 171}, {"detection_ratio": [0, 73], "datetime": "1981-01-01 01:01:02", "filename": "res/72.9.png", "sha256": "a933aaebbeae489dea84e78e7fbc4079fdfda576fbdeb339401fda6cdc03e764", "type": "PNG", "size": 186}, {"datetime": "1981-01-01 01:01:02", "sha256": "bab3ae9b215a9741eda91f62bcbfca8334c846b7b77313d42294221ea827fdc0", "type": "PNG", "filename": "res/74.png", "size": 1481}, {"detection_ratio": [0, 75], "datetime": "1981-01-01 01:01:02", "filename": "res/741.png", "sha256": "35700fbbb3249978afe821da76ef59dbc2cc41cb12da4fe3f9e17746d4ecd430", "type": "PNG", "size": 1269}, {"datetime": "1981-01-01 01:01:02", "sha256": "599cd617112eefcc76b71740a9c1ebdd65e5f10991214e851974a7506a9f7ac0", "type": "XML", "filename": "res/75.xml", "size": 1868}, {"datetime": "1981-01-01 01:01:02", "sha256": "aabd8c091f7824901b8611f0184e7f07fd1d484de85ffaaeb59c591d6e342ccb", "type": "XML", "filename": "res/7E.xml", "size": 264}, {"detection_ratio": [0, 74], "datetime": "1981-01-01 01:01:02", "filename": "res/7F.9.png", "sha256": "2e3d70230977af37c6d7739899a73e63937eebdfe6d802f1a957c43c2f2ab131", "type": "PNG", "size": 484}, {"datetime": "1981-01-01 01:01:02", "sha256": "95b6f62d9d32a4162322ce3b5d578a8cc04b82e98a2b5966e945faa2bc1fb343", "type": "XML", "filename": "res/7I.xml", "size": 624}, {"detection_ratio": [0, 73], "datetime": "1981-01-01 01:01:02", "filename": "res/7M.png", "sha256": "d83543f0c82b62cf499f2618ad99431f9ef50da60b415980ec8e0e50b90e3893", "type": "PNG", "size": 513}, {"detection_ratio": [0, 73], "datetime": "1981-01-01 01:01:02", "filename": "res/7P.9.png", "sha256": "475f03b3ccff04fce91a7a912142d150a000b1d011da003745dc2c0e3f5fb092", "type": "PNG", "size": 229}, {"detection_ratio": [0, 73], "datetime": "1981-01-01 01:01:02", "filename": "res/7T.9.png", "sha256": "3633ec99d66aae4332f9a6b2dbd3480513433001a8eec0e796d2bcb69d75b73f", "type": "PNG", "size": 204}, {"datetime": "1981-01-01 01:01:02", "sha256": "491dd69426535fa3e78fae0bfc143df7ece645ca80e18bea131a01dfdaa2e877", "type": "XML", "filename": "res/7W.xml", "size": 488}, {"detection_ratio": [0, 73], "datetime": "1981-01-01 01:01:02", "filename": "res/7u.xml", "sha256": "0ab3bc82b3b9fd8499202cafe3d494a9f66fba248d01e90b90e932c8849947cc", "type": "XML", "size": 328}, {"detection_ratio": [0, 73], "datetime": "1981-01-01 01:01:02", "filename": "res/83.xml", "sha256": "4cdb19a98a545d6b5410379b9df49caff5626a7437b638df3a9957240228cf94", "type": "XML", "size": 700}, {"detection_ratio": [0, 73], "datetime": "1981-01-01 01:01:02", "filename": "res/8T.png", "sha256": "dc08af9d14e6b673bf9f31c248236f0457b322464036647473e3a32a23773f0e", "type": "PNG", "size": 272}, {"detection_ratio": [0, 74], "datetime": "1981-01-01 01:01:02", "filename": "res/8V.9.png", "sha256": "559bf783d765c02338e97952bdc9c6689c7ff99090b8c9813369118da8b080f0", "type": "PNG", "size": 221}, {"datetime": "1981-01-01 01:01:02", "sha256": "ea12b20deb9959c5e1693a00002d76ec64223dac31fce60866ff8facf13c102d", "type": "XML", "filename": "res/8_.xml", "size": 1208}, {"datetime": "1981-01-01 01:01:02", "sha256": "bec7ab4f69e91b054220a4b5b6286842c558d34a0abede010c3113c888daddc7", "type": "XML", "filename": "res/8s.xml", "size": 548}, {"detection_ratio": [0, 73], "datetime": "1981-01-01 01:01:02", "filename": "res/8w.9.png", "sha256": "a04708369abe0920ded20d87d58aebf6992ebb67efefa248a8421895efc5353f", "type": "PNG", "size": 280}, {"detection_ratio": [0, 73], "datetime": "1981-01-01 01:01:02", "filename": "res/93.9.png", "sha256": "d27af435101ca4cbec0c840bd30687918cd39eb83aab1487420855623a45998b", "type": "PNG", "size": 247}, {"datetime": "1981-01-01 01:01:02", "sha256": "2a9a8844dc63607b3d4ed9b81e69b704fb3ad792697530a8d5bc9a85bb83c0b6", "type": "XML", "filename": "res/99.xml", "size": 752}, {"datetime": "1981-01-01 01:01:02", "sha256": "e2b742226e038dc920712950cf5c94433340c74b206c490c06be0117d966967e", "type": "XML", "filename": "res/9A.xml", "size": 440}, {"detection_ratio": [0, 73], "datetime": "1981-01-01 01:01:02", "filename": "res/9I.png", "sha256": "ab07f37b6decfb6d159c9674538e3895892a77d99caf8d84b196a77d5893e341", "type": "PNG", "size": 668}, {"detection_ratio": [0, 71], "datetime": "1981-01-01 01:01:02", "filename": "res/9O.xml", "sha256": "fe64f6b1ef4d6da6890a260c93f418ebc7decbec6cd64499b86a7e5ea2c47f73", "type": "XML", "size": 1116}, {"detection_ratio": [0, 73], "datetime": "1981-01-01 01:01:02", "filename": "res/9V.png", "sha256": "71a2ba63a5d4e91f7c14324fa1c3eb9290b73cb7b3c7828018d05adb1cfaab45", "type": "PNG", "size": 593}, {"datetime": "1981-01-01 01:01:02", "sha256": "3e2fa42041755f97793720eb088c8c0b457fdecc46ef50d66228276456ac5972", "type": "XML", "filename": "res/9V.xml", "size": 460}, {"detection_ratio": [0, 73], "datetime": "1981-01-01 01:01:02", "filename": "res/9X.9.png", "sha256": "a0d63ec76ec21d40fe96a4b6fb4f4aac5b61a6b63a63472dab055e0d9e9890b1", "type": "PNG", "size": 200}, {"detection_ratio": [0, 74], "datetime": "1981-01-01 01:01:02", "filename": "res/9o.png", "sha256": "b7b075fb1b7a44a0426dc719ed5919441f31e7e1af9d3441b70263b94196468f", "type": "PNG", "size": 513}, {"detection_ratio": [0, 74], "datetime": "1981-01-01 01:01:02", "filename": "res/9t.png", "sha256": "0eed99d0a5e36a468b557605e6ccea495c029f3569844a45f4b5d8dadd77d4a7", "type": "PNG", "size": 984}], "uncompressed_size": 9952737}, "androguard": {"Activities": ["com.fanjun.keeplive.activity.OnePixelActivity", "com.securegroup.assistant.PhoneCallActivity", "com.securegroup.assistant.MainActivity"], "AndroidVersionCode": "1", "certificate": {"validto": "2046-09-28 18:54:45", "serialnumber": "2b2e6de6", "Issuer": {"DN": "C:111, CN:ibkv1, L:ccc, O:bbb, ST:ddd, OU:aaa", "C": "111", "CN": "ibkv1", "L": "ccc", "O": "bbb", "ST": "ddd", "OU": "aaa"}, "thumbprint": "98c07caf46a05e30cd3a7c5c5a320de631cf10b6", "validfrom": "2021-10-04 18:54:45", "Subject": {"DN": "C:111, CN:ibkv1, L:ccc, O:bbb, ST:ddd, OU:aaa", "C": "111", "CN": "ibkv1", "L": "ccc", "O": "bbb", "ST": "ddd", "OU": "aaa"}}, "VTAndroidInfo": 2, "AndroidApplication": 1, "Package": "com.securegroup.assistant", "intent-filters": {"Services": {"com.securegroup.assistant.service.PhoneCallScreenService": {"action": ["android.telecom.CallScreeningService"]}, "com.securegroup.assistant.service.PhoneService": {"action": ["com.securegroup.assistant.IPhoneService"]}, "com.securegroup.assistant.service.PhoneConnectionService": {"action": ["android.telecom.ConnectionService"]}, "com.securegroup.assistant.service.PhoneManagerService": {"action": ["android.accessibilityservice.AccessibilityService"]}, "com.securegroup.assistant.service.PhoneCallService": {"action": ["android.telecom.InCallService"]}}, "Activities": {"com.securegroup.assistant.MainActivity": {"action": ["android.intent.action.MAIN"], "category": ["android.intent.category.LAUNCHER"]}, "com.securegroup.assistant.PhoneCallActivity": {"action": ["android.intent.action.DIAL"], "category": ["android.intent.category.DEFAULT"]}}, "Receivers": {"com.securegroup.assistant.receiver.PhoneStateReceiver": {"action": ["android.intent.action.PHONE_STATE"]}, "com.securegroup.assistant.receiver.RebootReceiver": {"action": ["android.intent.action.BOOT_COMPLETED", "android.intent.action.SCREEN_ON", "android.intent.action.MEDIA_MOUNTED", "android.intent.action.MEDIA_UNMOUNTED", "android.intent.action.MEDIA_EJECT", "android.intent.ACTION_MEDIA_SCANNER_SCAN_FILE"]}}}, "Main Activity": "com.securegroup.assistant.MainActivity", "AndroidApplicationError": false, "AndroidVersionName": "1.1.1", "RiskIndicator": {"APK": {"DEX": 1, "SHARED LIBRARIES": 4}, "PERM": {"PRIVACY": 8, "DANGEROUS": 6, "INTERNET": 1, "SMS": 2, "MONEY": 1, "NORMAL": 8, "GPS": 2}}, "Services": ["com.fanjun.keeplive.service.LocalService", "com.fanjun.keeplive.service.HideForegroundService", "com.fanjun.keeplive.service.JobHandlerService", "com.fanjun.keeplive.service.RemoteService", "com.securegroup.assistant.service.PhoneManagerService", "com.securegroup.assistant.service.PhoneCallScreenService", "com.securegroup.assistant.service.PhoneConnectionService", "com.securegroup.assistant.service.PhoneService", "com.securegroup.assistant.service.PhoneCallService", "com.securegroup.assistant.service.PhoneListenerService"], "MinSdkVersion": "22", "AndroidApplicationInfo": "APK", "TargetSdkVersion": "22", "Receivers": ["com.fanjun.keeplive.receiver.NotificationClickReceiver", "com.securegroup.assistant.receiver.PhoneStateReceiver", "com.securegroup.assistant.receiver.RebootReceiver"], "AndroguardVersion": "3.4.0a1", "Permissions": {"android.permission.REQUEST_DELETE_PACKAGES": ["normal", "Unknown permission from android reference", "Unknown permission from android reference"], "android.permission.DISABLE_KEYGUARD": ["dangerous", "disable your screen lock", "Allows the app to disable the\n      keylock and any associated password security.  For example, the phone\n      disables the keylock when receiving an incoming phone call, then\n      re-enables the keylock when the call is finished."], "android.permission.READ_SMS": ["dangerous", "read your text messages (SMS or MMS)", "Allows the app to read SMS\n      messages stored on your phone or SIM card. This allows the app to read all\n      SMS messages, regardless of content or confidentiality."], "android.permission.START_ACTIVITIES_FROM_BACKGROUND": ["normal", "Unknown permission from android reference", "Unknown permission from android reference"], "android.permission.ACCESS_COARSE_LOCATION": ["dangerous", "approximate location\n      (network-based)", "Allows the app to get your\n      approximate location. This location is derived by location services using\n      network location sources such as cell towers and Wi-Fi. These location\n      services must be turned on and available to your device for the app to\n      use them. Apps may use this to determine approximately where you\n      are."], "android.permission.QUERY_ALL_PACKAGES": ["normal", "Unknown permission from android reference", "Unknown permission from android reference"], "android.permission.CAMERA": ["dangerous", "take pictures and videos", "Allows the app to take pictures and videos\n      with the camera.  This permission allows the app to use the camera at any\n      time without your confirmation."], "android.permission.INTERNET": ["dangerous", "full network access", "Allows the app to create\n     network sockets and use custom network protocols. The browser and other\n     applications provide means to send data to the internet, so this\n     permission is not required to send data to the internet."], "android.permission.MANAGE_OWN_CALLS": ["normal", "Unknown permission from android reference", "Unknown permission from android reference"], "android.permission.ACCESS_FINE_LOCATION": ["dangerous", "precise location (GPS and\n      network-based)", "Allows the app to get your\n      precise location using the Global Positioning System (GPS) or network\n      location sources such as cell towers and Wi-Fi. These location services\n      must be turned on and available to your device for the app to use them.\n      Apps may use this to determine where you are, and may consume additional\n      battery power."], "android.permission.SEND_SMS": ["dangerous", "send SMS messages", "Allows the app to send SMS messages.\n     This may result in unexpected charges. Malicious apps may cost you money by\n     sending messages without your confirmation."], "android.permission.REORDER_TASKS": ["normal", "reorder running apps", "Allows the app to move tasks to the\n      foreground and background.  The app may do this without your input."], "android.permission.ACCESS_NETWORK_STATE": ["normal", "view network connections", "Allows the app to view\n      information about network connections such as which networks exist and are\n      connected."], "android.permission.WRITE_CALL_LOG": ["dangerous", "write call log", "Allows the app to modify your phone's call log, including data about incoming and outgoing calls.\n        Malicious apps may use this to erase or modify your call log."], "android.permission.GET_TASKS": ["normal", "retrieve running apps", "Allows the app to retrieve information\n       about currently and recently running tasks.  This may allow the app to\n       discover information about which applications are used on the device."], "android.permission.READ_CALL_LOG": ["dangerous", "read call log", "Allows the app to read\n      your phone's call log, including data about incoming and outgoing calls.\n      This permission allows apps to save your call log data, and malicious apps\n      may share call log data without your knowledge."], "android.permission.ACCESS_BACKGROUND_LOCATION": ["normal", "Unknown permission from android reference", "Unknown permission from android reference"], "android.permission.MANAGE_EXTERNAL_STORAGE": ["normal", "Unknown permission from android reference", "Unknown permission from android reference"], "android.permission.WRITE_EXTERNAL_STORAGE": ["dangerous", "modify or delete the contents of your SD card", "Allows the app to write to the SD card."], "android.permission.REQUEST_IGNORE_BATTERY_OPTIMIZATIONS": ["normal", "Unknown permission from android reference", "Unknown permission from android reference"], "android.permission.READ_PHONE_NUMBERS": ["normal", "Unknown permission from android reference", "Unknown permission from android reference"], "android.permission.READ_EXTERNAL_STORAGE": ["normal", "read the contents of your SD card", "Allows the app to read the contents of your SD card."], "android.permission.RECEIVE_BOOT_COMPLETED": ["normal", "run at startup", "Allows the app to\n        have itself started as soon as the system has finished booting.\n        This can make it take longer to start the phone and allow the\n        app to slow down the overall phone by always running."], "android.permission.BIND_CALL_REDIRECTION_SERVICE": ["normal", "Unknown permission from android reference", "Unknown permission from android reference"], "android.permission.CALL_PHONE": ["dangerous", "directly call phone numbers", "Allows the app to call phone numbers\n      without your intervention. This may result in unexpected charges or calls.\n      Note that this doesn't allow the app to call emergency numbers.\n      Malicious apps may cost you money by making calls without your\n      confirmation."], "android.permission.READ_PHONE_STATE": ["dangerous", "read phone status and identity", "Allows the app to access the phone\n      features of the device.  This permission allows the app to determine the\n      phone number and device IDs, whether a call is active, and the remote number\n      connected by a call."], "android.permission.FOREGROUND_SERVICE": ["normal", "Unknown permission from android reference", "Unknown permission from android reference"], "android.permission.WRITE_CONTACTS": ["dangerous", "modify your contacts", "Allows the app to\n    modify the data about your contacts stored on your phone, including the\n    frequency with which you've called, emailed, or communicated in other ways\n    with specific contacts. This permission allows apps to delete contact\n    data."], "android.permission.SYSTEM_ALERT_WINDOW": ["dangerous", "draw over other apps", "Allows the app to draw on top of other\n        applications or parts of the user interface.  They may interfere with your\n        use of the interface in any application, or change what you think you are\n        seeing in other applications."], "android.permission.ACCESS_WIFI_STATE": ["normal", "view Wi-Fi connections", "Allows the app to view information\n      about Wi-Fi networking, such as whether Wi-Fi is enabled and name of\n      connected Wi-Fi devices."], "android.permission.WAKE_LOCK": ["normal", "prevent phone from sleeping", "Allows the app to prevent the phone from going to sleep."], "android.permission.RECORD_AUDIO": ["dangerous", "record audio", "Allows the app to record audio with the\n      microphone.  This permission allows the app to record audio at any time\n      without your confirmation."], "android.permission.READ_CONTACTS": ["dangerous", "read your contacts", "Allows the app to\n      read data about your contacts stored on your phone, including the\n      frequency with which you've called, emailed, or communicated in other ways\n      with specific individuals. This permission allows apps to save your\n      contact data, and malicious apps may share contact data without your\n      knowledge."], "android.permission.MODIFY_AUDIO_SETTINGS": ["normal", "change your audio settings", "Allows the app to modify global audio settings such as volume and which speaker is used for output."], "android.permission.ANSWER_PHONE_CALLS": ["normal", "Unknown permission from android reference", "Unknown permission from android reference"]}}}, "size": 7225742, "authentihash": null, "times_submitted": 2, "harmless_votes": 0, "malicious_votes": 0, "sha256": "d4822e4de0540f8d7cd603128b1cadfb82f8bb6dede186bd140c1e137f2c4f50", "type": "Android", "scans": {"Bkav": {"detected": false, "version": "1.3.0.9899", "result": null, "update": "20211102"}, "Lionic": {"detected": true, "version": "4.2", "result": "SUSPICIOUS", "update": "20211103"}, "Elastic": {"detected": false, "version": "4.0.29", "result": null, "update": "20211005"}, "ClamAV": {"detected": false, "version": "0.104.0.0", "result": null, "update": "20211102"}, "CMC": {"detected": false, "version": "2.10.2019.1", "result": null, "update": "20211026"}, "CAT-QuickHeal": {"detected": true, "version": "14.00", "result": "Android.Fakecalls.A3fe5", "update": "20211103"}, "McAfee": {"detected": true, "version": "6.0.6.653", "result": "Artemis!C601B36C59EE", "update": "20211103"}, "Malwarebytes": {"detected": false, "version": "4.2.2.27", "result": null, "update": "20211103"}, "VIPRE": {"detected": false, "version": "96678", "result": null, "update": "20211103"}, "K7AntiVirus": {"detected": false, "version": "11.225.39131", "result": null, "update": "20211103"}, "Alibaba": {"detected": true, "version": "0.3.0.5", "result": "TrojanBanker:Android/Fakecalls.4642ca8d", "update": "20190527"}, "K7GW": {"detected": true, "version": "11.225.39131", "result": "Trojan ( 0001140e1 )", "update": "20211103"}, "Trustlook": {"detected": true, "version": "1.0", "result": "Android.Malware.General (score:4)", "update": "20211103"}, "Arcabit": {"detected": false, "version": "1.0.0.886", "result": null, "update": "20211103"}, "Baidu": {"detected": false, "version": "1.0.0.2", "result": null, "update": "20190318"}, "Cyren": {"detected": false, "version": "6.3.0.2", "result": null, "update": "20211103"}, "SymantecMobileInsight": {"detected": true, "version": "2.0", "result": "AppRisk:Generisk", "update": "20210126"}, "Symantec": {"detected": true, "version": "1.16.0.0", "result": "Trojan.Gen.2", "update": "20211103"}, "ESET-NOD32": {"detected": true, "version": "24229", "result": "a variant of Generik.JNUDYRH", "update": "20211103"}, "TrendMicro-HouseCall": {"detected": false, "version": "10.0.0.1040", "result": null, "update": "20211101"}, "Avast": {"detected": false, "version": "21.1.5827.0", "result": null, "update": "20211103"}, "Cynet": {"detected": true, "version": "4.0.0.27", "result": "Malicious (score: 99)", "update": "20211103"}, "BitDefender": {"detected": false, "version": "7.2", "result": null, "update": "20211103"}, "NANO-Antivirus": {"detected": false, "version": "1.0.146.25370", "result": null, "update": "20211103"}, "SUPERAntiSpyware": {"detected": false, "version": "5.6.0.1032", "result": null, "update": "20211030"}, "MicroWorld-eScan": {"detected": false, "version": "14.0.409.0", "result": null, "update": "20211103"}, "Rising": {"detected": false, "version": "25.0.0.26", "result": null, "update": "20211103"}, "Emsisoft": {"detected": false, "version": "2021.5.0.7597", "result": null, "update": "20211103"}, "Comodo": {"detected": false, "version": "34044", "result": null, "update": "20211102"}, "F-Secure": {"detected": false, "version": "12.0.86.52", "result": null, "update": "20211103"}, "DrWeb": {"detected": true, "version": "7.0.52.8270", "result": "Android.Spy.918.origin", "update": "20211103"}, "Zillya": {"detected": false, "version": "2.0.0.4487", "result": null, "update": "20211102"}, "TrendMicro": {"detected": false, "version": "11.0.0.1006", "result": null, "update": "20211103"}, "McAfee-GW-Edition": {"detected": true, "version": "v2019.1.2+3728", "result": "Artemis!Trojan", "update": "20211102"}, "Sophos": {"detected": true, "version": "1.4.1.0", "result": "Andr/Xgen-AST", "update": "20211103"}, "Ikarus": {"detected": true, "version": "0.1.5.2", "result": "Trojan-Spy.AndroidOS.FakeCop", "update": "20211102"}, "Jiangmin": {"detected": false, "version": "16.0.100", "result": null, "update": "20211102"}, "Avira": {"detected": true, "version": "8.3.3.12", "result": "ANDROID/SpyAgent.FKGC.Gen", "update": "20211103"}, "MAX": {"detected": false, "version": "2019.9.16.1", "result": null, "update": "20211103"}, "Antiy-AVL": {"detected": false, "version": "3.0.0.1", "result": null, "update": "20211103"}, "Kingsoft": {"detected": false, "version": "2017.9.26.565", "result": null, "update": "20211103"}, "Gridinsoft": {"detected": false, "version": "1.0.60.158", "result": null, "update": "20211103"}, "Microsoft": {"detected": true, "version": "1.1.18700.4", "result": "Trojan:Script/Wacatac.B!ml", "update": "20211103"}, "ViRobot": {"detected": false, "version": "2014.3.20.0", "result": null, "update": "20211103"}, "ZoneAlarm": {"detected": false, "version": "1.0", "result": null, "update": "20211102"}, "Avast-Mobile": {"detected": true, "version": "211102-00", "result": "Android:Evo-gen [Trj]", "update": "20211102"}, "BitDefenderFalx": {"detected": true, "version": "2.0.936", "result": "Android.Trojan.Agent.gQMSE", "update": "20210610"}, "AhnLab-V3": {"detected": true, "version": "3.21.1.10219", "result": "Trojan/Android.Kaishi.1045149", "update": "20211103"}, "VBA32": {"detected": false, "version": "5.0.0", "result": null, "update": "20211102"}, "TACHYON": {"detected": false, "version": "2021-11-03.02", "result": null, "update": "20211103"}, "Zoner": {"detected": false, "version": "0.0.0.0", "result": null, "update": "20211102"}, "Tencent": {"detected": true, "version": "1.0.0.1", "result": "Win32.Trojan.Generik.Svqn", "update": "20211103"}, "Yandex": {"detected": false, "version": "5.5.2.24", "result": null, "update": "20211103"}, "SentinelOne": {"detected": false, "version": "6.3.0.2", "result": null, "update": "20211028"}, "MaxSecure": {"detected": false, "version": "1.0.0.1", "result": null, "update": "20211102"}, "Fortinet": {"detected": true, "version": "6.2.142.0", "result": "Android/Agent.BVS!tr", "update": "20211103"}, "Panda": {"detected": false, "version": "4.6.4.2", "result": null, "update": "20211102"}}, "tags": ["apk", "android", "contains-elf"], "scan_id": "d4822e4de0540f8d7cd603128b1cadfb82f8bb6dede186bd140c1e137f2c4f50-1635930768", "unique_sources": 2, "positives": 21, "ssdeep": "98304:v5AkOo3SnWxSxvgmNeTQILXzmlrGh8vlHfrBPmHxobKjqlZ7DPC/iAf0BJURfjNX:1S/ATQQXyCGvOHx3LIVdKttIls", "md5": "c601b36c59eeb88b1007d6cc6fc7ed99", "permalink": "https://www.virustotal.com/gui/file/d4822e4de0540f8d7cd603128b1cadfb82f8bb6dede186bd140c1e137f2c4f50/detection/f-d4822e4de0540f8d7cd603128b1cadfb82f8bb6dede186bd140c1e137f2c4f50-1635930768", "sha1": "a09795d142181c8efd3c2c669ce0362598ae41c7", "submission": {"submitter_region": "?", "date": "2021-11-03 09:12:48", "submitter_country": "US", "filename": "/ibk.apk"}, "response_code": 1, "community_reputation": 0, "verbose_msg": "Scan finished, information embedded", "ITW_urls": [], "last_seen": "2021-11-03 09:12:48"}