{"vhash": "f9c663e3ca6d18a5426f215f4ae45df6", "submission_names": ["/1/e/f/ef2b71a80e2a4a696d2504a19b0400153b623bba4064b8dab1504dbdb28ecf20.file"], "scan_date": "2021-11-03 08:17:00", "first_seen": "2021-11-03 08:17:00", "total": 61, "additional_info": {"exiftool": {"MIMEType": "application/zip", "ZipRequiredVersion": "20", "ZipCRC": "0xad57459e", "FileType": "ZIP", "ZipCompression": "Deflated", "ZipUncompressedSize": "4528", "ZipCompressedSize": "1315", "FileTypeExtension": "zip", "ZipFileName": "AndroidManifest.xml", "ZipBitFlag": "0x0808", "ZipModifyDate": "2021:11:01 16:23:40"}, "trid": "Android Package (48.1%)\nJava Archive (16.8%)\nVYM Mind Map (15.6%)\nSweet Home 3D design (generic) (13.1%)\nZIP compressed archive (5.0%)", "androguard": {"Activities": ["com.eternity.etersave.MainActivity"], "AndroidVersionCode": "1", "certificate": {"validto": "2090-01-31 22:13:20", "serialnumber": "153c7e4d", "Issuer": {"DN": "C:lt, CN:eternity cool, L:yes, O:eternity, ST:lt, OU:eternity", "C": "lt", "CN": "eternity cool", "L": "yes", "O": "eternity", "ST": "lt", "OU": "eternity"}, "thumbprint": "a797497b7b2207ca99e4e0cadb5674066c4491b5", "validfrom": "2021-02-17 22:13:20", "Subject": {"DN": "C:lt, CN:eternity cool, L:yes, O:eternity, ST:lt, OU:eternity", "C": "lt", "CN": "eternity cool", "L": "yes", "O": "eternity", "ST": "lt", "OU": "eternity"}}, "VTAndroidInfo": 2, "AndroidApplication": 1, "Package": "com.eternity.etersave", "AndroidApplicationError": false, "intent-filters": {"Activities": {"com.eternity.etersave.MainActivity": {"action": ["android.intent.action.MAIN"], "category": ["android.intent.category.LAUNCHER"]}}, "Receivers": {"com.eternity.etersave.Startup": {"action": ["android.intent.action.BOOT_COMPLETED", "android.intent.action.QUICKBOOT_POWERON", "android.intent.action.BOOT", "android.intent.action.LOCKED_BOOT_COMPLETED", "com.htc.intent.action.QUICKBOOT_POWERON"], "category": ["android.intent.category.DEFAULT"]}}}, "Main Activity": "com.eternity.etersave.MainActivity", "StringsInformation": ["http://schemas.android.com/apk/res-auto", "http://schemas.android.com/apk/res/android", "https://eternitypr.net/api/accounts"], "AndroidVersionName": "1.0", "RiskIndicator": {"APK": {"DEX": 1}, "PERM": {"DANGEROUS": 1, "INTERNET": 1, "INSTANT": 2, "NORMAL": 3}}, "Services": ["com.eternity.etersave.Trace"], "MinSdkVersion": "21", "AndroidApplicationInfo": "APK", "TargetSdkVersion": "30", "Receivers": ["com.eternity.etersave.Startup"], "AndroguardVersion": "3.4.0a1", "Permissions": {"android.permission.FOREGROUND_SERVICE": ["normal|instant", "run foreground service", "Allows the app to make use of foreground services."], "android.permission.READ_EXTERNAL_STORAGE": ["dangerous", "read the contents of your shared storage", "Allows the app to read the contents of your shared storage."], "android.permission.RECEIVE_BOOT_COMPLETED": ["normal", "run at startup", "Allows the app to\n        have itself started as soon as the system has finished booting.\n        This can make it take longer to start the phone and allow the\n        app to slow down the overall phone by always running."], "android.permission.ACCESS_NETWORK_STATE": ["normal|instant", "view network connections", "Allows the app to view\n      information about network connections such as which networks exist and are\n      connected."], "android.permission.INTERNET": ["normal|instant", "have full network access", "Allows the app to create\n     network sockets and use custom network protocols. The browser and other\n     applications provide means to send data to the internet, so this\n     permission is not required to send data to the internet."]}}, "magic": "Zip archive data, at least v2.0 to extract", "compressedview": {"highest_datetime": "2021-11-01 16:23:40", "lowest_datetime": "2021-11-01 16:23:40", "num_children": 592, "extensions": {"dex": 1, "xml": 410, "MF": 1, "RSA": 1, "SF": 1, "png": 170}, "file_types": {"DEX": 1, "XML": 410, "PNG": 170, "unknown": 11}, "type": "APK", "children": [{"detection_ratio": [2, 72], "datetime": "2021-11-01 16:23:40", "filename": "AndroidManifest.xml", "sha256": "a1aeb26ee15a08ef226115e4ec3c6e185fd6d28da8c3fa17a99b209e2c19e805", "type": "XML", "size": 4528}, {"detection_ratio": [15, 73], "datetime": "2021-11-01 16:23:40", "filename": "classes.dex", "sha256": "1d07561fe1febed72eb7a19167a5a5a0c8ed8e47efee2c1816d842de5a9dd9cc", "type": "DEX", "size": 1346324}, {"detection_ratio": [0, 73], "datetime": "2021-11-01 16:23:40", "filename": "kotlin/annotation/annotation.kotlin_builtins", "sha256": "f7c93e7067ca12ba9b3d94c6e540e4c23cb6fdd8c9aff704b553caba650fc357", "type": "unknown", "size": 926}, {"detection_ratio": [0, 72], "datetime": "2021-11-01 16:23:40", "filename": "kotlin/collections/collections.kotlin_builtins", "sha256": "539b85c2403f6ef0638161ad99df7b11256412e9411335ed2ea3931a3efd7c76", "type": "unknown", "size": 3685}, {"detection_ratio": [0, 73], "datetime": "2021-11-01 16:23:40", "filename": "kotlin/coroutines/coroutines.kotlin_builtins", "sha256": "59a6d632b8a9f5dba26f2a689c3865e195351df7c3c08aa1669fe0df9f9eb883", "type": "unknown", "size": 200}, {"detection_ratio": [0, 73], "datetime": "2021-11-01 16:23:40", "filename": "kotlin/internal/internal.kotlin_builtins", "sha256": "5086a7454ae0e987a5f568b9d23ab5091e159eea0bd7a0e5f272a15c908e49c4", "type": "unknown", "size": 758}, {"detection_ratio": [0, 73], "datetime": "2021-11-01 16:23:40", "filename": "kotlin/kotlin.kotlin_builtins", "sha256": "9c33cf0796e59d5f74461344a4e9a299aa6cfef7ece63c883302bda9450c3da8", "type": "unknown", "size": 14151}, {"detection_ratio": [0, 72], "datetime": "2021-11-01 16:23:40", "filename": "kotlin/ranges/ranges.kotlin_builtins", "sha256": "335182cac7851f803916c3c7b171d1f9627f5546528fb3c7c4e0ab0f8b9fcd53", "type": "unknown", "size": 2301}, {"detection_ratio": [0, 73], "datetime": "2021-11-01 16:23:40", "filename": "kotlin/reflect/reflect.kotlin_builtins", "sha256": "09f61ebf84332081e0293f348ab0ef3f1835f23a51711a0d6d4ef7fd4ec8b9d7", "type": "unknown", "size": 2338}, {"detection_ratio": [0, 73], "datetime": "2021-11-01 16:23:40", "filename": "res/anim/abc_fade_in.xml", "sha256": "b39bd36f60eb0971042ca7c44f74c8632cc13d173006b8ac476d1fa9c2b3a0bf", "type": "XML", "size": 396}, {"detection_ratio": [0, 73], "datetime": "2021-11-01 16:23:40", "filename": "res/anim/abc_fade_out.xml", "sha256": "7c8a664e8a0278f5f419cd79a0be2911e4b60b7eb6a4f046d07fdfebb6f0e26e", "type": "XML", "size": 396}, {"detection_ratio": [0, 76], "datetime": "2021-11-01 16:23:40", "filename": "res/anim/abc_grow_fade_in_from_bottom.xml", "sha256": "847c4b9b272324dddeaf9bdb90787838c426c10ec3ca04327bf21992702e4927", "type": "XML", "size": 860}, {"detection_ratio": [0, 76], "datetime": "2021-11-01 16:23:40", "filename": "res/anim/abc_popup_enter.xml", "sha256": "f3d5b264ab7b8213bea2d57e7d1627c81a828c08b96a9cd9dc1a8d60407606a0", "type": "XML", "size": 512}, {"detection_ratio": [0, 73], "datetime": "2021-11-01 16:23:40", "filename": "res/anim/abc_popup_exit.xml", "sha256": "f878fa9317f552a08520ab8a51e5ef51a1e52ec6a18d9ecc2c86e27bbac946bf", "type": "XML", "size": 512}, {"detection_ratio": [0, 73], "datetime": "2021-11-01 16:23:40", "filename": "res/anim/abc_shrink_fade_out_from_bottom.xml", "sha256": "91d90025fec36f290ce9f82ccad93d2dde22e197c528c7d2a51043cc8faa2d29", "type": "XML", "size": 860}, {"detection_ratio": [0, 72], "datetime": "2021-11-01 16:23:40", "filename": "res/anim/abc_slide_in_bottom.xml", "sha256": "3880c0702acc86125fcd80e8428480d1ae68da6bc2fb6e68f747feb09690317b", "type": "XML", "size": 400}, {"detection_ratio": [0, 73], "datetime": "2021-11-01 16:23:40", "filename": "res/anim/abc_slide_in_top.xml", "sha256": "b3161dd883fe5581196ebcf3aaf4bf86c089ee35fa5685378f079371f8d921f8", "type": "XML", "size": 400}, {"detection_ratio": [0, 73], "datetime": "2021-11-01 16:23:40", "filename": "res/anim/abc_slide_out_bottom.xml", "sha256": "990845ccb15c806c88454f1884252f0bd892ce3da7307bd24ab5ba7ff38ccc09", "type": "XML", "size": 400}, {"detection_ratio": [0, 73], "datetime": "2021-11-01 16:23:40", "filename": "res/anim/abc_slide_out_top.xml", "sha256": "a1f0676b37172e4a02c9b8ae8d88e241e95af6eead8d606382cb784c60709fb4", "type": "XML", "size": 400}, {"detection_ratio": [0, 72], "datetime": "2021-11-01 16:23:40", "filename": "res/anim/abc_tooltip_enter.xml", "sha256": "b0f9a2b86b2b989b3ae80f462ca1c3650313eb7a871d75a3e3a2218025a657a3", "type": "XML", "size": 396}, {"detection_ratio": [0, 66], "datetime": "2021-11-01 16:23:40", "filename": "res/anim/abc_tooltip_exit.xml", "sha256": "19061a865b92857e8aa87d9c2cf4bd23957bdd2f4989d84ba169608da967100d", "type": "XML", "size": 396}, {"detection_ratio": [0, 74], "datetime": "2021-11-01 16:23:40", "filename": "res/anim/btn_checkbox_to_checked_box_inner_merged_animation.xml", "sha256": "525fced77f9a74d6e6c60bae2a53f22378ef44e99c857863687d8d8e671985f9", "type": "XML", "size": 2128}, {"detection_ratio": [0, 74], "datetime": "2021-11-01 16:23:40", "filename": "res/anim/btn_checkbox_to_checked_box_outer_merged_animation.xml", "sha256": "699baa2354ad857b38862451a0ca8745503eabf93d992662ae500e2a57fd5ad6", "type": "XML", "size": 2788}, {"detection_ratio": [0, 74], "datetime": "2021-11-01 16:23:40", "filename": "res/anim/btn_checkbox_to_checked_icon_null_animation.xml", "sha256": "c673a858d0fcb8404f32d8a1587adff44c75c6e51ce004ed22268e5043c8369f", "type": "XML", "size": 1204}, {"detection_ratio": [0, 74], "datetime": "2021-11-01 16:23:40", "filename": "res/anim/btn_checkbox_to_unchecked_box_inner_merged_animation.xml", "sha256": "8e658b54c4914e1751fd25967b948f23f8ec08325d616ecbbe90c2c29543f889", "type": "XML", "size": 2368}, {"detection_ratio": [0, 75], "datetime": "2021-11-01 16:23:40", "filename": "res/anim/btn_checkbox_to_unchecked_check_path_merged_animation.xml", "sha256": "c0108101d9e5edeb7528169e828edb65f116c00e1618096ed75690787e52db83", "type": "XML", "size": 2528}, {"detection_ratio": [0, 75], "datetime": "2021-11-01 16:23:40", "filename": "res/anim/btn_checkbox_to_unchecked_icon_null_animation.xml", "sha256": "132af793f9c964a754846b9a7649b827d09dce9446e6bc67ffc5b05dfac70744", "type": "XML", "size": 1204}, {"detection_ratio": [0, 75], "datetime": "2021-11-01 16:23:40", "filename": "res/anim/btn_radio_to_off_mtrl_dot_group_animation.xml", "sha256": "2309c1a3ba7d201e6aa4cbb2de1d5ea03206cd0993977e2744a0e9ee9264231a", "type": "XML", "size": 1664}, {"detection_ratio": [0, 75], "datetime": "2021-11-01 16:23:40", "filename": "res/anim/btn_radio_to_off_mtrl_ring_outer_animation.xml", "sha256": "b72c20b0f6dd6157eb2a6741ba581683066054200e2ca52817a124c9e301dc38", "type": "XML", "size": 1664}, {"detection_ratio": [0, 75], "datetime": "2021-11-01 16:23:40", "filename": "res/anim/btn_radio_to_off_mtrl_ring_outer_path_animation.xml", "sha256": "cfc5331c9247f47559381be2d529b7bff3d6442b061daf3db476ea4a49ccb3c2", "type": "XML", "size": 1036}, {"detection_ratio": [0, 75], "datetime": "2021-11-01 16:23:40", "filename": "res/anim/btn_radio_to_on_mtrl_dot_group_animation.xml", "sha256": "2227926458fc0b583ab5ef8dbd0471f9bdcaf7d7f7bedecee47e56e9228fbb7f", "type": "XML", "size": 1664}, {"detection_ratio": [0, 75], "datetime": "2021-11-01 16:23:40", "filename": "res/anim/btn_radio_to_on_mtrl_ring_outer_animation.xml", "sha256": "5a2d5b6a7b16ae1693955cb292b739624c0d1eaa12c627692dc477cc38aa28df", "type": "XML", "size": 1664}, {"detection_ratio": [0, 75], "datetime": "2021-11-01 16:23:40", "filename": "res/anim/btn_radio_to_on_mtrl_ring_outer_path_animation.xml", "sha256": "49074ccf0c8c5dbc64064d51bb351ce0b8a5d1025afafc0cbb5d4161ce466027", "type": "XML", "size": 1036}, {"detection_ratio": [0, 72], "datetime": "2021-11-01 16:23:40", "filename": "res/anim/design_bottom_sheet_slide_in.xml", "sha256": "91bd03d9f52fa2ba1204577a6033a57c4b4e20174777f523896bbd494863e14c", "type": "XML", "size": 620}, {"detection_ratio": [0, 72], "datetime": "2021-11-01 16:23:40", "filename": "res/anim/design_bottom_sheet_slide_out.xml", "sha256": "9e30621b9595d22492babe6ffdedd6808895c647713212f257e6247553fc4715", "type": "XML", "size": 620}, {"detection_ratio": [0, 75], "datetime": "2021-11-01 16:23:40", "filename": "res/anim/design_snackbar_in.xml", "sha256": "e51333b36709fc571ffa6834d5eb6fee34be3b2a7c68cca065b3db42d4708a45", "type": "XML", "size": 320}, {"detection_ratio": [0, 76], "datetime": "2021-11-01 16:23:40", "filename": "res/anim/design_snackbar_out.xml", "sha256": "6fe281171a101b2f1e7261a30293d1f9e26400f24344fffb9cb1c3e0883b406e", "type": "XML", "size": 320}, {"detection_ratio": [0, 73], "datetime": "2021-11-01 16:23:40", "filename": "res/anim/fragment_fast_out_extra_slow_in.xml", "sha256": "16cad0343970940cff7f476565e0b8ff9d7e8e9cc27bc4d66ffe873af9e22265", "type": "XML", "size": 372}, {"detection_ratio": [0, 73], "datetime": "2021-11-01 16:23:40", "filename": "res/anim/mtrl_bottom_sheet_slide_in.xml", "sha256": "521bf61c738fee7601ad2b0040c02090b7e20efee76cc133fde917ebc1cfd659", "type": "XML", "size": 620}, {"detection_ratio": [0, 73], "datetime": "2021-11-01 16:23:40", "filename": "res/anim/mtrl_bottom_sheet_slide_out.xml", "sha256": "5502cf8496ec80b1b6bffbf75371a940e6a1c7e056d078baea88054c0bffdacb", "type": "XML", "size": 620}, {"detection_ratio": [0, 73], "datetime": "2021-11-01 16:23:40", "filename": "res/anim/mtrl_card_lowers_interpolator.xml", "sha256": "c35b2317aaa0751ac4eb7b513fa7e81fe58dcad0674228f638f17b88fe63de9d", "type": "XML", "size": 408}, {"datetime": "2021-11-01 16:23:40", "sha256": "bfb2ce23657e2af2d545f26ee428e6aa61ee5165349041fb32f4465e02a91f92", "type": "XML", "filename": "res/animator/design_appbar_state_list_animator.xml", "size": 1224}, {"detection_ratio": [0, 76], "datetime": "2021-11-01 16:23:40", "filename": "res/animator/design_fab_hide_motion_spec.xml", "sha256": "bb63fe87d3c33015f1ffb01409382a06272fb3d2cc174ff385cace4769caf536", "type": "XML", "size": 804}, {"detection_ratio": [0, 75], "datetime": "2021-11-01 16:23:40", "filename": "res/animator/design_fab_show_motion_spec.xml", "sha256": "bfa04926baa4dbf06554dec56f8df5e7dbbf14b85826da2927dccad2b06ec437", "type": "XML", "size": 804}, {"detection_ratio": [0, 73], "datetime": "2021-11-01 16:23:40", "filename": "res/animator/fragment_close_enter.xml", "sha256": "36baedfcf6900a09b8ff6d198b601dd66e51a5da88ee6398ba5f6513212b7d76", "type": "XML", "size": 1136}, {"detection_ratio": [0, 73], "datetime": "2021-11-01 16:23:40", "filename": "res/animator/fragment_close_exit.xml", "sha256": "daeeae75d6c8889fb82788d707251998ca5254c236117f6698c98651258ad922", "type": "XML", "size": 1136}, {"detection_ratio": [0, 73], "datetime": "2021-11-01 16:23:40", "filename": "res/animator/fragment_fade_enter.xml", "sha256": "2118279a350ce240df55c4ad7034959090325f57cf465d5421a7ae03c614e798", "type": "XML", "size": 460}, {"detection_ratio": [0, 73], "datetime": "2021-11-01 16:23:40", "filename": "res/animator/fragment_fade_exit.xml", "sha256": "73181f87b1d31d675857ef6199b7b8e39eebfd177699d5b6acc1b94520d505ab", "type": "XML", "size": 460}, {"detection_ratio": [0, 73], "datetime": "2021-11-01 16:23:40", "filename": "res/animator/fragment_open_enter.xml", "sha256": "8e99903a8c313e311b0d7e1da0efdd264b1b737173f2b671cd94ab4bd0eda5d2", "type": "XML", "size": 1136}, {"detection_ratio": [0, 67], "datetime": "2021-11-01 16:23:40", "filename": "res/animator/fragment_open_exit.xml", "sha256": "15b5d2608f9f2093ebac9ccfdb40364a6735ebe408f9a37911fa3427c99d2307", "type": "XML", "size": 1136}, {"detection_ratio": [0, 74], "datetime": "2021-11-01 16:23:40", "filename": "res/animator/linear_indeterminate_line1_head_interpolator.xml", "sha256": "4ad901cb9c7f87821137922b8cce5c8a0806a1ee934204a3833007fe1c274465", "type": "XML", "size": 408}, {"detection_ratio": [0, 73], "datetime": "2021-11-01 16:23:40", "filename": "res/animator/linear_indeterminate_line1_tail_interpolator.xml", "sha256": "ecdddcd4ea37d2ba77ceb06ae3cef9872f6f446160e02522e4795c9cb065a556", "type": "XML", "size": 408}, {"detection_ratio": [0, 73], "datetime": "2021-11-01 16:23:40", "filename": "res/animator/linear_indeterminate_line2_head_interpolator.xml", "sha256": "470dc9a88c1b6fd7bf2ccb07098455b876e90c578c7d5845497ae7101a98c232", "type": "XML", "size": 408}, {"detection_ratio": [0, 74], "datetime": "2021-11-01 16:23:40", "filename": "res/animator/linear_indeterminate_line2_tail_interpolator.xml", "sha256": "da31fbd8abfcd69daee7f2d2fefac3dfa18a04ced92e85a9f7b128714f27ebc8", "type": "XML", "size": 408}, {"datetime": "2021-11-01 16:23:40", "sha256": "789209c0e796578113814efb002495eef9f645fa83cd96fd8723c51e627da932", "type": "XML", "filename": "res/animator/mtrl_btn_state_list_anim.xml", "size": 2672}, {"detection_ratio": [0, 76], "datetime": "2021-11-01 16:23:40", "filename": "res/animator/mtrl_btn_unelevated_state_list_anim.xml", "sha256": "5cfdfa07e2825a0ab3623b8879c93b3ccad43a02e2ed51e60a335e0757335537", "type": "XML", "size": 112}, {"datetime": "2021-11-01 16:23:40", "sha256": "b35201580c94110e200ac378a4a76cff7ed30c58186dddedc3b3d7274a8691d2", "type": "XML", "filename": "res/animator/mtrl_card_state_list_anim.xml", "size": 1216}, {"datetime": "2021-11-01 16:23:40", "sha256": "aa2c20b75eecc73ea1fb4209036da01e7f3105b48ebf68697a839d85ba19a705", "type": "XML", "filename": "res/animator/mtrl_chip_state_list_anim.xml", "size": 1076}, {"detection_ratio": [0, 74], "datetime": "2021-11-01 16:23:40", "filename": "res/animator/mtrl_extended_fab_change_size_collapse_motion_spec.xml", "sha256": "f8f6a82e3dd3e81243bf20267a0b87365aa47145f447caab6c5b1e794bac48ee", "type": "XML", "size": 1120}, {"detection_ratio": [0, 74], "datetime": "2021-11-01 16:23:40", "filename": "res/animator/mtrl_extended_fab_change_size_expand_motion_spec.xml", "sha256": "4f8f49de0886ad7e0660a601dd3c806233d6414c8b65dcc6539cbefe98405746", "type": "XML", "size": 1120}, {"detection_ratio": [0, 74], "datetime": "2021-11-01 16:23:40", "filename": "res/animator/mtrl_extended_fab_hide_motion_spec.xml", "sha256": "284cc521538f22f697fb3c4c5ef92c37a1d89087f76b6c98ca7adb69e93acb0e", "type": "XML", "size": 612}, {"detection_ratio": [0, 75], "datetime": "2021-11-01 16:23:40", "filename": "res/animator/mtrl_extended_fab_show_motion_spec.xml", "sha256": "65ac49f2d4c6e55782329b3adae48e95dfc0ec287dcc4958613ab8cd38f075e3", "type": "XML", "size": 824}, {"datetime": "2021-11-01 16:23:40", "sha256": "b758a1a9733fcde2c750ed5f2bf918b447a2fd81574e219734340cfb48d13678", "type": "XML", "filename": "res/animator/mtrl_extended_fab_state_list_animator.xml", "size": 2732}, {"detection_ratio": [0, 74], "datetime": "2021-11-01 16:23:40", "filename": "res/animator/mtrl_fab_hide_motion_spec.xml", "sha256": "f2e0a17d180bf30499552347af0dbf1d67752683c1b49f39df59165e72d75d42", "type": "XML", "size": 804}, {"detection_ratio": [0, 72], "datetime": "2021-11-01 16:23:40", "filename": "res/animator/mtrl_fab_show_motion_spec.xml", "sha256": "0a60c9ca690672b3c28bdabacf6ad5009d5ea5a8df7ace86575ecfda1e63d4d0", "type": "XML", "size": 804}, {"detection_ratio": [0, 74], "datetime": "2021-11-01 16:23:40", "filename": "res/animator/mtrl_fab_transformation_sheet_collapse_spec.xml", "sha256": "bd2369b327dfdcc78e1d30ad1c74ffb64ae7d3a033a6a3ff9257e8f87d72ffb9", "type": "XML", "size": 1892}, {"detection_ratio": [0, 69], "datetime": "2021-11-01 16:23:40", "filename": "res/animator/mtrl_fab_transformation_sheet_expand_spec.xml", "sha256": "b825679712c2e3998d94f04fa120cc797d0828a4c7d81861eabcaeaf5ed24681", "type": "XML", "size": 1892}, {"detection_ratio": [0, 70], "datetime": "2021-11-01 16:23:40", "filename": "res/color/abc_background_cache_hint_selector_material_dark.xml", "sha256": "bd1e5ae4b9c76860fb2c5ad2d9f2e14bc53111a0914918eb2781d3b86d160e55", "type": "XML", "size": 472}, {"detection_ratio": [0, 72], "datetime": "2021-11-01 16:23:40", "filename": "res/color/abc_background_cache_hint_selector_material_light.xml", "sha256": "6a6128ae662708c52f5a8a5fe4224471dd38e5da37469ac384d32ee3d8ed317b", "type": "XML", "size": 472}, {"datetime": "2021-11-01 16:23:40", "sha256": "b4081325a1dd13263596474d4d9bb5ec13a675a2cbc02c4cd3b0b8b4ca7b6883", "type": "XML", "filename": "res/color/abc_btn_colored_borderless_text_material.xml", "size": 468}, {"detection_ratio": [0, 73], "datetime": "2021-11-01 16:23:40", "filename": "res/color/abc_btn_colored_text_material.xml", "sha256": "170fd79da72e155f4a4b4e7c788ef9323e58577d1dd544d4dad4bfea6af79cb2", "type": "XML", "size": 608}, {"detection_ratio": [0, 71], "datetime": "2021-11-01 16:23:40", "filename": "res/color/abc_hint_foreground_material_dark.xml", "sha256": "04f4c4065bb3069a70c10481639446e7fc988201b625114735c698e707279389", "type": "XML", "size": 568}, {"detection_ratio": [0, 76], "datetime": "2021-11-01 16:23:40", "filename": "res/color/abc_hint_foreground_material_light.xml", "sha256": "05353eb08b71993dca2bab4e83cd8e61f42eadc4af62e9e7e2a25cf5536618b8", "type": "XML", "size": 568}, {"detection_ratio": [0, 73], "datetime": "2021-11-01 16:23:40", "filename": "res/color/abc_primary_text_disable_only_material_dark.xml", "sha256": "234cd5bc5d510e2422e08ffc45a9c46a4f4102ab281e0ae7f726ad091c419aa6", "type": "XML", "size": 468}, {"detection_ratio": [0, 73], "datetime": "2021-11-01 16:23:40", "filename": "res/color/abc_primary_text_disable_only_material_light.xml", "sha256": "3b65da6d7fb95c7b596f5afd54fc1c0128a8eaed8959a64b658264147baa71ff", "type": "XML", "size": 468}, {"detection_ratio": [0, 73], "datetime": "2021-11-01 16:23:40", "filename": "res/color/abc_primary_text_material_dark.xml", "sha256": "be4244e220961f129e0373f24aeede2dfc2b0b085a2ae0759f2b2563df07fb49", "type": "XML", "size": 468}, {"detection_ratio": [0, 70], "datetime": "2021-11-01 16:23:40", "filename": "res/color/abc_primary_text_material_light.xml", "sha256": "5411cf1cfbc8129c58441e9da2119913a950d440b10c81dfcef62e864a14f293", "type": "XML", "size": 468}, {"detection_ratio": [0, 74], "datetime": "2021-11-01 16:23:40", "filename": "res/color/abc_search_url_text.xml", "sha256": "1987beaba82048c73d4893444298dd029896f86c03726e503e202b4d99576cba", "type": "XML", "size": 596}, {"detection_ratio": [0, 65], "datetime": "2021-11-01 16:23:40", "filename": "res/color/abc_secondary_text_material_dark.xml", "sha256": "17b112fc84b420598f812a72f846fc15c7a0903480dd9b11f799dcd838837f6a", "type": "XML", "size": 468}, {"detection_ratio": [0, 65], "datetime": "2021-11-01 16:23:40", "filename": "res/color/abc_secondary_text_material_light.xml", "sha256": "6896590a9e8e09318f48f8be63fef99fa28dcbc2614e041bc7b33f6b47446dc5", "type": "XML", "size": 468}, {"datetime": "2021-11-01 16:23:40", "sha256": "5517d3473c68c7a8c19bdde7f9012e951983ff557461aa6c86124543e7ba20ec", "type": "XML", "filename": "res/color/abc_tint_btn_checkable.xml", "size": 732}, {"datetime": "2021-11-01 16:23:40", "sha256": "23b14a140fe7fa6e45dcc7b3d3799ad8614db7104721340db11b6fe020a5d9e9", "type": "XML", "filename": "res/color/abc_tint_default.xml", "size": 1232}, {"datetime": "2021-11-01 16:23:40", "sha256": "d5dad0a837844262a78eb2fbe75981aa1e020368a87b0d265249a27320a1b29a", "type": "XML", "filename": "res/color/abc_tint_edittext.xml", "size": 776}, {"datetime": "2021-11-01 16:23:40", "sha256": "fcac0f126adea3caac58cff5fde6c992336b42ae042b8a0adea3cbe0ac19999e", "type": "XML", "filename": "res/color/abc_tint_seek_thumb.xml", "size": 608}, {"datetime": "2021-11-01 16:23:40", "sha256": "d5dad0a837844262a78eb2fbe75981aa1e020368a87b0d265249a27320a1b29a", "type": "XML", "filename": "res/color/abc_tint_spinner.xml", "size": 776}, {"datetime": "2021-11-01 16:23:40", "sha256": "a5b6fb435838795815f82ec2bfea85ca446cd8905c36e12bfd48283adcf51032", "type": "XML", "filename": "res/color/abc_tint_switch_track.xml", "size": 772}, {"datetime": "2021-11-01 16:23:40", "sha256": "7b5e63e2513267c2b8acbef24a84d5b26d5fdf32b86c701777837c87b1f05da2", "type": "XML", "filename": "res/color/checkbox_themeable_attribute_color.xml", "size": 468}, {"datetime": "2021-11-01 16:23:40", "sha256": "ce6469de7ceb4d8e7c1768892bbce4d7cde1202d354eaa2fe86dc33c978765f9", "type": "XML", "filename": "res/color/design_box_stroke_color.xml", "size": 716}, {"datetime": "2021-11-01 16:23:40", "sha256": "f113704e41a3b3904cb437516772e7c20a142f7abfdbd7ed48bc701425a6f4dd", "type": "XML", "filename": "res/color/design_error.xml", "size": 468}, {"detection_ratio": [0, 75], "datetime": "2021-11-01 16:23:40", "filename": "res/color/design_icon_tint.xml", "sha256": "f77fb2eab60b1191f51b0d64dfd400efa6ebda696ea2de8b90c9cf2af2d27e94", "type": "XML", "size": 380}, {"detection_ratio": [0, 74], "datetime": "2021-11-01 16:23:40", "filename": "res/color/material_cursor_color.xml", "sha256": "139a6b0a3dce42c1831fa376d6ae358322e9376be57ec91f9ae699d5cca4ff51", "type": "XML", "size": 344}, {"datetime": "2021-11-01 16:23:40", "sha256": "49604578a1fc58cbbb217ba94f6f89eff87507820c6647c4ab09959178f4a2ab", "type": "XML", "filename": "res/color/material_on_background_disabled.xml", "size": 380}, {"datetime": "2021-11-01 16:23:40", "sha256": "b9d940f8201451af6b6592e688c3fdd741ce94db410bb26417c67d281d567d71", "type": "XML", "filename": "res/color/material_on_background_emphasis_high_type.xml", "size": 380}, {"datetime": "2021-11-01 16:23:40", "sha256": "fa7f1ea394a6b640df8a6746bdebee3a7540c06c493d6b24bc5b0d21e4b0afcd", "type": "XML", "filename": "res/color/material_on_background_emphasis_medium.xml", "size": 380}, {"detection_ratio": [0, 73], "datetime": "2021-11-01 16:23:40", "filename": "res/color/material_on_primary_disabled.xml", "sha256": "5f78c4909bf03d0b56694a289c85264fb62008a6bcdd62a7a14dd46142139c66", "type": "XML", "size": 380}, {"detection_ratio": [0, 72], "datetime": "2021-11-01 16:23:40", "filename": "res/color/material_on_primary_emphasis_high_type.xml", "sha256": "4d0bb47a35ee4bcc1542057a9707d98ae7acb690d11fa4f3186b2341ebfe55fd", "type": "XML", "size": 380}, {"detection_ratio": [0, 73], "datetime": "2021-11-01 16:23:40", "filename": "res/color/material_on_primary_emphasis_medium.xml", "sha256": "48e7a7f8dce6eb42344283d08f56cf68a29a60a91f4a73e702fca894c2a03aa2", "type": "XML", "size": 380}, {"detection_ratio": [0, 74], "datetime": "2021-11-01 16:23:40", "filename": "res/color/material_on_surface_disabled.xml", "sha256": "6214a16f6d830b8c2ca169786c1e9f4bfe2b126dccebbe5dc6d1613d2cba2a1a", "type": "XML", "size": 380}, {"detection_ratio": [0, 74], "datetime": "2021-11-01 16:23:40", "filename": "res/color/material_on_surface_emphasis_high_type.xml", "sha256": "c7bed29873fc01eec63aa9240b2ac82010301c64b7a5010525a0a74eb3ed028c", "type": "XML", "size": 380}, {"datetime": "2021-11-01 16:23:40", "sha256": "3e2d1544d0e43d1a13786f0bcf7c128295a8f36569df00a98d25d97c484ae85f", "type": "XML", "filename": "res/color/material_on_surface_emphasis_medium.xml", "size": 380}], "uncompressed_size": 2385867}}, "size": 1467913, "authentihash": null, "times_submitted": 1, "harmless_votes": 0, "malicious_votes": 0, "sha256": "ef2b71a80e2a4a696d2504a19b0400153b623bba4064b8dab1504dbdb28ecf20", "type": "Android", "scans": {"Bkav": {"detected": false, "version": "1.3.0.9899", "result": null, "update": "20211102"}, "Lionic": {"detected": true, "version": "4.2", "result": "Trojan.AndroidOS.Savestealer.C!c", "update": "20211103"}, "ClamAV": {"detected": false, "version": "0.104.0.0", "result": null, "update": "20211102"}, "CMC": {"detected": false, "version": "2.10.2019.1", "result": null, "update": "20211026"}, "CAT-QuickHeal": {"detected": true, "version": "14.00", "result": "Android.Savestealer.GEN44503", "update": "20211103"}, "McAfee": {"detected": true, "version": "6.0.6.653", "result": "Artemis!98A8B909EAD5", "update": "20211103"}, "Malwarebytes": {"detected": false, "version": "4.2.2.27", "result": null, "update": "20211103"}, "VIPRE": {"detected": false, "version": "96678", "result": null, "update": "20211103"}, "Sangfor": {"detected": false, "version": "2.9.0.0", "result": null, "update": "20210930"}, "K7AntiVirus": {"detected": false, "version": "11.225.39131", "result": null, "update": "20211103"}, "Alibaba": {"detected": false, "version": "0.3.0.5", "result": null, "update": "20190527"}, "K7GW": {"detected": true, "version": "11.225.39131", "result": "Trojan ( 005800e31 )", "update": "20211103"}, "Trustlook": {"detected": true, "version": "1.0", "result": "Android.Malware.General (score:6)", "update": "20211103"}, "Arcabit": {"detected": false, "version": "1.0.0.886", "result": null, "update": "20211103"}, "Baidu": {"detected": false, "version": "1.0.0.2", "result": null, "update": "20190318"}, "Cyren": {"detected": false, "version": "6.3.0.2", "result": null, "update": "20211103"}, "SymantecMobileInsight": {"detected": false, "version": "2.0", "result": null, "update": "20210126"}, "Symantec": {"detected": false, "version": "1.16.0.0", "result": null, "update": "20211103"}, "ESET-NOD32": {"detected": true, "version": "24229", "result": "a variant of Android/Spy.Savestealer.B", "update": "20211103"}, "TrendMicro-HouseCall": {"detected": false, "version": "10.0.0.1040", "result": null, "update": "20211101"}, "Avast": {"detected": false, "version": "21.1.5827.0", "result": null, "update": "20211103"}, "Cynet": {"detected": true, "version": "4.0.0.27", "result": "Malicious (score: 99)", "update": "20211103"}, "Kaspersky": {"detected": true, "version": "21.0.1.45", "result": "HEUR:Trojan.AndroidOS.Savestealer.b", "update": "20211103"}, "BitDefender": {"detected": false, "version": "7.2", "result": null, "update": "20211103"}, "NANO-Antivirus": {"detected": true, "version": "1.0.146.25370", "result": "Trojan.Android.Hidden.ixujgw", "update": "20211103"}, "SUPERAntiSpyware": {"detected": false, "version": "5.6.0.1032", "result": null, "update": "20211030"}, "MicroWorld-eScan": {"detected": false, "version": "14.0.409.0", "result": null, "update": "20211103"}, "Rising": {"detected": false, "version": "25.0.0.26", "result": null, "update": "20211103"}, "Ad-Aware": {"detected": false, "version": "3.0.21.193", "result": null, "update": "20211103"}, "Emsisoft": {"detected": false, "version": "2021.5.0.7597", "result": null, "update": "20211103"}, "Comodo": {"detected": false, "version": "34044", "result": null, "update": "20211102"}, "F-Secure": {"detected": false, "version": "12.0.86.52", "result": null, "update": "20211103"}, "DrWeb": {"detected": true, "version": "7.0.52.8270", "result": "Android.Hidden.9171", "update": "20211103"}, "Zillya": {"detected": true, "version": "2.0.0.4487", "result": "Trojan.Savestealer.Android.9", "update": "20211102"}, "TrendMicro": {"detected": false, "version": "11.0.0.1006", "result": null, "update": "20211103"}, "McAfee-GW-Edition": {"detected": true, "version": "v2019.1.2+3728", "result": "Artemis!Trojan", "update": "20211102"}, "FireEye": {"detected": false, "version": "32.44.1.0", "result": null, "update": "20211103"}, "Sophos": {"detected": true, "version": "1.4.1.0", "result": "Andr/Xgen-ASP", "update": "20211103"}, "Ikarus": {"detected": true, "version": "0.1.5.2", "result": "Trojan.AndroidOS.Savestealer", "update": "20211102"}, "Avast-Mobile": {"detected": true, "version": "211102-00", "result": "Android:Evo-gen [Trj]", "update": "20211102"}, "Jiangmin": {"detected": false, "version": "16.0.100", "result": null, "update": "20211102"}, "Avira": {"detected": true, "version": "8.3.3.12", "result": "ANDROID/Savesteal.YBC.Gen", "update": "20211103"}, "Antiy-AVL": {"detected": false, "version": "3.0.0.1", "result": null, "update": "20211103"}, "Kingsoft": {"detected": true, "version": "2017.9.26.565", "result": "Android.Troj.hideIcon.fo.(kcloud)", "update": "20211103"}, "Gridinsoft": {"detected": false, "version": "1.0.60.158", "result": null, "update": "20211103"}, "Microsoft": {"detected": true, "version": "1.1.18700.4", "result": "Program:AndroidOS/Multiverze", "update": "20211103"}, "ViRobot": {"detected": false, "version": "2014.3.20.0", "result": null, "update": "20211103"}, "ZoneAlarm": {"detected": true, "version": "1.0", "result": "HEUR:Trojan.AndroidOS.Savestealer.b", "update": "20211102"}, "GData": {"detected": false, "version": "A:25.31229B:27.25015", "result": null, "update": "20211103"}, "BitDefenderFalx": {"detected": true, "version": "2.0.936", "result": "Android.Riskware.Agent.JBN", "update": "20210610"}, "AhnLab-V3": {"detected": true, "version": "3.21.1.10219", "result": "Trojan/Android.Savestealer.1020132", "update": "20211103"}, "BitDefenderTheta": {"detected": false, "version": "7.2.37796.0", "result": null, "update": "20211021"}, "TACHYON": {"detected": false, "version": "2021-11-03.02", "result": null, "update": "20211103"}, "VBA32": {"detected": false, "version": "5.0.0", "result": null, "update": "20211102"}, "Zoner": {"detected": false, "version": "0.0.0.0", "result": null, "update": "20211102"}, "Tencent": {"detected": false, "version": "1.0.0.1", "result": null, "update": "20211103"}, "Yandex": {"detected": false, "version": "5.5.2.24", "result": null, "update": "20211103"}, "MAX": {"detected": false, "version": "2019.9.16.1", "result": null, "update": "20211103"}, "MaxSecure": {"detected": false, "version": "1.0.0.1", "result": null, "update": "20211102"}, "Fortinet": {"detected": true, "version": "6.2.142.0", "result": "Android/Savestealer.B!tr.spy", "update": "20211103"}, "Panda": {"detected": false, "version": "4.6.4.2", "result": null, "update": "20211102"}}, "tags": ["apk", "android"], "scan_id": "ef2b71a80e2a4a696d2504a19b0400153b623bba4064b8dab1504dbdb28ecf20-1635927420", "unique_sources": 1, "positives": 22, "ssdeep": "24576:RMyCmG1KjvknYekn3nHtxowyIj7Ygrq89bqzb0DftUOmAqHfreTAJwj:q/11OvLtn33FweqmjDfWV5Hfrec6j", "md5": "a481aadb5a375b03636577c56fd33040", "permalink": "https://www.virustotal.com/gui/file/ef2b71a80e2a4a696d2504a19b0400153b623bba4064b8dab1504dbdb28ecf20/detection/f-ef2b71a80e2a4a696d2504a19b0400153b623bba4064b8dab1504dbdb28ecf20-1635927420", "sha1": "565a82b566e5483c7b74f971253a92b613980a9a", "submission": {"submitter_region": "?", "date": "2021-11-03 08:17:00", "submitter_country": "US", "filename": "/1/e/f/ef2b71a80e2a4a696d2504a19b0400153b623bba4064b8dab1504dbdb28ecf20.file"}, "response_code": 1, "community_reputation": 0, "verbose_msg": "Scan finished, information embedded", "ITW_urls": [], "last_seen": "2021-11-03 08:17:00"}