{"vhash": "a72ca24a0eb6824081609263ffc49813", "submission_names": ["105997.apk"], "scan_date": "2021-11-01 15:38:30", "first_seen": "2021-11-01 15:38:30", "total": 62, "additional_info": {"exiftool": {"MIMEType": "application/zip", "ZipRequiredVersion": "20", "ZipCRC": "0x794a66eb", "FileType": "ZIP", "ZipCompression": "Deflated", "ZipUncompressedSize": "41946", "ZipCompressedSize": "12015", "FileTypeExtension": "zip", "ZipFileName": "META-INF/MANIFEST.MF", "ZipBitFlag": "0x0808", "ZipModifyDate": "2020:12:17 21:08:26"}, "trid": "Android Package (57.0%)\nJava Archive (20.0%)\nSweet Home 3D design (generic) (15.5%)\nZIP compressed archive (5.9%)\nPrintFox/Pagefox bitmap (640x800) (1.4%)", "androguard": {"Activities": ["com.example.administrator.myapplication.MainActivity"], "AndroidVersionCode": "437", "certificate": {"validto": "2116-11-11 07:13:43", "serialnumber": "1f1ce198", "Issuer": {"DN": "C:z, CN:lz, L:z, O:z, ST:zz, OU:zz", "C": "z", "CN": "lz", "L": "z", "O": "z", "ST": "zz", "OU": "zz"}, "thumbprint": "887ce6b725b8f4a20e9c173bda9e7367fd2ed32d", "validfrom": "2016-12-05 07:13:43", "Subject": {"DN": "C:z, CN:lz, L:z, O:z, ST:zz, OU:zz", "C": "z", "CN": "lz", "L": "z", "O": "z", "ST": "zz", "OU": "zz"}}, "VTAndroidInfo": 2, "AndroidApplication": 1, "Package": "com.aytwdn995.bnw995dty", "AndroidApplicationError": false, "intent-filters": {"Activities": {"com.example.administrator.myapplication.MainActivity": {"action": ["android.intent.action.MAIN"], "category": ["android.intent.category.LAUNCHER"]}}}, "Main Activity": "com.example.administrator.myapplication.MainActivity", "StringsInformation": ["http://schemas.android.com/apk/res/android", "https://m.cq6y.com"], "AndroidVersionName": "1.437", "RiskIndicator": {"APK": {"DEX": 1}, "PERM": {"INTERNET": 1, "EPHEMERAL": 2, "NORMAL": 2}}, "MinSdkVersion": "19", "AndroidApplicationInfo": "APK", "TargetSdkVersion": "26", "AndroguardVersion": "3.4.0a1", "Permissions": {"android.permission.WAKE_LOCK": ["normal|ephemeral", "prevent phone from sleeping", "Allows the app to prevent the phone from going to sleep."], "android.permission.ACCESS_NETWORK_STATE": ["normal|ephemeral", "view network connections", "Allows the app to view\n      information about network connections such as which networks exist and are\n      connected."], "android.permission.INTERNET": ["normal|ephemeral", "have full network access", "Allows the app to create\n     network sockets and use custom network protocols. The browser and other\n     applications provide means to send data to the internet, so this\n     permission is not required to send data to the internet."], "com.google.android.c2dm.permission.RECEIVE": ["normal", "Unknown permission from android reference", "Unknown permission from android reference"]}}, "magic": "Zip archive data, at least v2.0 to extract", "compressedview": {"highest_datetime": "2020-12-17 21:08:26", "lowest_datetime": "1980-01-01 08:00:00", "num_children": 401, "extensions": {"dex": 1, "xml": 142, "MF": 1, "RSA": 1, "SF": 1, "png": 254}, "file_types": {"DEX": 1, "XML": 142, "PNG": 254, "unknown": 4}, "type": "APK", "children": [{"datetime": "2020-12-17 21:08:26", "sha256": "6a36704a2da216dd25fa9e7fa4cd8dca7376613ccf0cf59a7cf37266ea4b93ea", "type": "unknown", "filename": "META-INF/MANIFEST.MF", "size": 41946}, {"datetime": "2020-12-17 21:08:26", "sha256": "bbb4151f33a5af3dd650db7f833c1b197fb38ea9458dada2993edb55ab443ff8", "type": "unknown", "filename": "META-INF/AIZIXING.SF", "size": 42067}, {"datetime": "2020-12-17 21:08:26", "sha256": "2f1aff1981f6cced62fe14aaad2fd65a39708f2d6a68d05f63551c04a051eb57", "type": "unknown", "filename": "META-INF/AIZIXING.RSA", "size": 1271}, {"datetime": "1980-01-01 08:00:00", "sha256": "01695f64390e638fd0c10a3eae83445ad7af17ce4edf68754a73fa8f11d831a9", "type": "XML", "filename": "AndroidManifest.xml", "size": 2888}, {"detection_ratio": [16, 74], "datetime": "1980-01-01 08:00:00", "filename": "classes.dex", "sha256": "0ac96074af6ab302c8c24930cbe02a2b8a2abf03240aef9d1fc83a5dc11c257d", "type": "DEX", "size": 2148868}, {"detection_ratio": [0, 73], "datetime": "1980-01-01 08:00:00", "filename": "res/anim/abc_fade_in.xml", "sha256": "b39bd36f60eb0971042ca7c44f74c8632cc13d173006b8ac476d1fa9c2b3a0bf", "type": "XML", "size": 396}, {"detection_ratio": [0, 73], "datetime": "1980-01-01 08:00:00", "filename": "res/anim/abc_fade_out.xml", "sha256": "7c8a664e8a0278f5f419cd79a0be2911e4b60b7eb6a4f046d07fdfebb6f0e26e", "type": "XML", "size": 396}, {"detection_ratio": [0, 74], "datetime": "1980-01-01 08:00:00", "filename": "res/anim/abc_grow_fade_in_from_bottom.xml", "sha256": "e1dd63dad3d6ee5eb94348c6695d095234ec298675472a7b065d21728ef98e6f", "type": "XML", "size": 860}, {"detection_ratio": [0, 75], "datetime": "1980-01-01 08:00:00", "filename": "res/anim/abc_popup_enter.xml", "sha256": "3720a48cffd538db5c4088d910af28f09e8dcd43568ff6d99cc8c84111018ec4", "type": "XML", "size": 512}, {"detection_ratio": [0, 75], "datetime": "1980-01-01 08:00:00", "filename": "res/anim/abc_popup_exit.xml", "sha256": "0be24dea7fe8f2206475fdac8b7e15fe6c7e4749f06c3615d6c96bf3173c5d23", "type": "XML", "size": 512}, {"detection_ratio": [0, 75], "datetime": "1980-01-01 08:00:00", "filename": "res/anim/abc_shrink_fade_out_from_bottom.xml", "sha256": "1b1db13df8fa8e90e89febc9230ec7c928f3d84b49bc0c24146e6205a3d460fa", "type": "XML", "size": 860}, {"detection_ratio": [0, 72], "datetime": "1980-01-01 08:00:00", "filename": "res/anim/abc_slide_in_bottom.xml", "sha256": "3880c0702acc86125fcd80e8428480d1ae68da6bc2fb6e68f747feb09690317b", "type": "XML", "size": 400}, {"detection_ratio": [0, 73], "datetime": "1980-01-01 08:00:00", "filename": "res/anim/abc_slide_in_top.xml", "sha256": "b3161dd883fe5581196ebcf3aaf4bf86c089ee35fa5685378f079371f8d921f8", "type": "XML", "size": 400}, {"detection_ratio": [0, 73], "datetime": "1980-01-01 08:00:00", "filename": "res/anim/abc_slide_out_bottom.xml", "sha256": "990845ccb15c806c88454f1884252f0bd892ce3da7307bd24ab5ba7ff38ccc09", "type": "XML", "size": 400}, {"detection_ratio": [0, 73], "datetime": "1980-01-01 08:00:00", "filename": "res/anim/abc_slide_out_top.xml", "sha256": "a1f0676b37172e4a02c9b8ae8d88e241e95af6eead8d606382cb784c60709fb4", "type": "XML", "size": 400}, {"detection_ratio": [0, 57], "datetime": "1980-01-01 08:00:00", "filename": "res/color-v11/abc_background_cache_hint_selector_material_dark.xml", "sha256": "2549956bc813f4adb2e95d85e8168b3442aa9ebaa7b523559eba12dfc344fa8c", "type": "XML", "size": 472}, {"detection_ratio": [0, 71], "datetime": "1980-01-01 08:00:00", "filename": "res/color-v11/abc_background_cache_hint_selector_material_light.xml", "sha256": "80cbd7c8aac125df3ecd7277c52276e8d6f36132e407677c923942f36b0482a2", "type": "XML", "size": 472}, {"detection_ratio": [0, 71], "datetime": "1980-01-01 08:00:00", "filename": "res/color-v23/abc_btn_colored_borderless_text_material.xml", "sha256": "da9f77a2bccf65bae366183565433eb82be530706f4beb6529db96ed7b686e23", "type": "XML", "size": 504}, {"detection_ratio": [0, 74], "datetime": "1980-01-01 08:00:00", "filename": "res/color-v23/abc_btn_colored_text_material.xml", "sha256": "e321a4387db75ed0c5a4854b4ac576aa5a7692e17dd710d0421380ed877c0244", "type": "XML", "size": 504}, {"detection_ratio": [0, 59], "datetime": "1980-01-01 08:00:00", "filename": "res/color-v23/abc_color_highlight_material.xml", "sha256": "1206ef8c2bdb8468e30478d164590d8570fa95505bdfdfc6855807e1868e0e90", "type": "XML", "size": 548}, {"detection_ratio": [0, 68], "datetime": "1980-01-01 08:00:00", "filename": "res/color-v23/abc_tint_btn_checkable.xml", "sha256": "ca4308888b9be9a28d32e0fa0568ec0eccf81eba54f0ac11e6583db6271b5910", "type": "XML", "size": 628}, {"detection_ratio": [0, 70], "datetime": "1980-01-01 08:00:00", "filename": "res/color-v23/abc_tint_default.xml", "sha256": "d7136ccd818b799282321fde2afee51c78d506775366c63e49a843f105713a1e", "type": "XML", "size": 1128}, {"detection_ratio": [0, 70], "datetime": "1980-01-01 08:00:00", "filename": "res/color-v23/abc_tint_edittext.xml", "sha256": "fc901d3048e2f4879a3c2d4af574ece75f9a457aadd789d6ba856930f46ad2da", "type": "XML", "size": 672}, {"detection_ratio": [0, 73], "datetime": "1980-01-01 08:00:00", "filename": "res/color-v23/abc_tint_seek_thumb.xml", "sha256": "701d5dff41ba6b5ccbd14197f1287e2f93be972106926e9f4b3566d09809853d", "type": "XML", "size": 504}, {"detection_ratio": [0, 70], "datetime": "1980-01-01 08:00:00", "filename": "res/color-v23/abc_tint_spinner.xml", "sha256": "fc901d3048e2f4879a3c2d4af574ece75f9a457aadd789d6ba856930f46ad2da", "type": "XML", "size": 672}, {"detection_ratio": [0, 75], "datetime": "1980-01-01 08:00:00", "filename": "res/color-v23/abc_tint_switch_thumb.xml", "sha256": "73778efa691420bb7584b47ec1063516180897aa7b89a2db05d54a2b271be812", "type": "XML", "size": 628}, {"detection_ratio": [0, 69], "datetime": "1980-01-01 08:00:00", "filename": "res/color-v23/abc_tint_switch_track.xml", "sha256": "b64a5dc5805cee673dccc7c583cb53242c375ad4f7dd22d53dcfc39390c578ac", "type": "XML", "size": 668}, {"detection_ratio": [0, 74], "datetime": "1980-01-01 08:00:00", "filename": "res/color/abc_btn_colored_borderless_text_material.xml", "sha256": "e34f833c8bfd0c42cc26799ddd3f8940d9ad1cbda7979918946a5d674b0f3e34", "type": "XML", "size": 608}, {"detection_ratio": [0, 74], "datetime": "1980-01-01 08:00:00", "filename": "res/color/abc_btn_colored_text_material.xml", "sha256": "86fed967241a47a0baab07607fd53787834bb7e25ab43259a71f6937e64d7d70", "type": "XML", "size": 608}, {"detection_ratio": [0, 74], "datetime": "1980-01-01 08:00:00", "filename": "res/color/abc_hint_foreground_material_dark.xml", "sha256": "dfb93d7e36d326c7da46e3454a4d467939a1cb99e7d490194e8398bf16fcf1c3", "type": "XML", "size": 568}, {"detection_ratio": [0, 75], "datetime": "1980-01-01 08:00:00", "filename": "res/color/abc_hint_foreground_material_light.xml", "sha256": "202e947ea2dcec20256b81b9f02227d44d1e39380b53ce2f5eb1518e0c14829f", "type": "XML", "size": 568}, {"detection_ratio": [0, 75], "datetime": "1980-01-01 08:00:00", "filename": "res/color/abc_primary_text_disable_only_material_dark.xml", "sha256": "bf3c7e8fa38031ef8ee75628c0a57763d0863b2ab90f6be8e52716a4dd95deca", "type": "XML", "size": 468}, {"detection_ratio": [0, 75], "datetime": "1980-01-01 08:00:00", "filename": "res/color/abc_primary_text_disable_only_material_light.xml", "sha256": "6e8efc46cf56f2b5ef15205320128c00b0498670b1b6c10eecfaa3f60f43c4c1", "type": "XML", "size": 468}, {"detection_ratio": [0, 75], "datetime": "1980-01-01 08:00:00", "filename": "res/color/abc_primary_text_material_dark.xml", "sha256": "85a6f83dcebcaa138640d9391a706fdf8a18d2174f3eb7bdf0fd8f442242eb39", "type": "XML", "size": 468}, {"detection_ratio": [0, 75], "datetime": "1980-01-01 08:00:00", "filename": "res/color/abc_primary_text_material_light.xml", "sha256": "e2c95bcffd26d8ad97a56f862971879244eaae1752e4608dfb4e6b8b23840713", "type": "XML", "size": 468}, {"detection_ratio": [0, 75], "datetime": "1980-01-01 08:00:00", "filename": "res/color/abc_search_url_text.xml", "sha256": "e062d00f73b379042d2a034c6659064a299b55ba54beb0bf2f811dbd12efac61", "type": "XML", "size": 596}, {"detection_ratio": [0, 75], "datetime": "1980-01-01 08:00:00", "filename": "res/color/abc_secondary_text_material_dark.xml", "sha256": "f4a92a5b1bfa8b2f56bb8889936800a39fed0989a9b83205a2fb2a7f02910fa6", "type": "XML", "size": 468}, {"detection_ratio": [0, 75], "datetime": "1980-01-01 08:00:00", "filename": "res/color/abc_secondary_text_material_light.xml", "sha256": "77460bf5eaf6d3d02656e5b1661ef87cca23129131bfa24f59bce2dc49fc4357", "type": "XML", "size": 468}, {"detection_ratio": [0, 76], "datetime": "1980-01-01 08:00:00", "filename": "res/color/abc_tint_btn_checkable.xml", "sha256": "38e2cfd0c8f189be216271682f85a4478739a6a5410a25efc67ba9fd81b597d0", "type": "XML", "size": 732}, {"detection_ratio": [0, 67], "datetime": "1980-01-01 08:00:00", "filename": "res/color/abc_tint_default.xml", "sha256": "cddcd19326fb0c7eee390eabf32b396a28b8b50c027c2a2c1a78e24580985115", "type": "XML", "size": 1232}, {"detection_ratio": [0, 74], "datetime": "1980-01-01 08:00:00", "filename": "res/color/abc_tint_edittext.xml", "sha256": "61c1b8d2328f8ec66556be99c9c1150723c46cf279d9fb170b4a0c286732b525", "type": "XML", "size": 776}, {"detection_ratio": [0, 70], "datetime": "1980-01-01 08:00:00", "filename": "res/color/abc_tint_seek_thumb.xml", "sha256": "16f371fd494a96fa676afbe4eda4b21908169675685ae74703ec8dbee9e552c0", "type": "XML", "size": 608}, {"detection_ratio": [0, 74], "datetime": "1980-01-01 08:00:00", "filename": "res/color/abc_tint_spinner.xml", "sha256": "61c1b8d2328f8ec66556be99c9c1150723c46cf279d9fb170b4a0c286732b525", "type": "XML", "size": 776}, {"detection_ratio": [0, 71], "datetime": "1980-01-01 08:00:00", "filename": "res/color/abc_tint_switch_thumb.xml", "sha256": "f773e20673250e42a9bac04d9642095925f50afb40a2b8d9425e47f86f8e30f5", "type": "XML", "size": 732}, {"detection_ratio": [0, 72], "datetime": "1980-01-01 08:00:00", "filename": "res/color/abc_tint_switch_track.xml", "sha256": "c8f47a3545ce41354d26eacc957f607c21822bde0cf4c05ddf57e86562600ab6", "type": "XML", "size": 772}, {"detection_ratio": [0, 73], "datetime": "1980-01-01 08:00:00", "filename": "res/color/switch_thumb_material_dark.xml", "sha256": "d597ca1e16dcbad6c420e6c450f4dc092bd70e4d4348b1b64dca4951adae43ff", "type": "XML", "size": 468}, {"detection_ratio": [0, 69], "datetime": "1980-01-01 08:00:00", "filename": "res/color/switch_thumb_material_light.xml", "sha256": "7bee808019fef9342c738a41088ac7657364cba8d404113e6594f1011843e749", "type": "XML", "size": 468}, {"detection_ratio": [0, 73], "datetime": "1980-01-01 08:00:00", "filename": "res/drawable-hdpi-v4/abc_ab_share_pack_mtrl_alpha.9.png", "sha256": "e6592b2185ef50276d24326c7731fe349998b903569c29fc7676b911d70d1b1f", "type": "PNG", "size": 292}, {"detection_ratio": [0, 75], "datetime": "1980-01-01 08:00:00", "filename": "res/drawable-hdpi-v4/abc_btn_check_to_on_mtrl_000.png", "sha256": "ddc61305597383be60a8e1ec1841932942c92f3c1720c6f9490da63a084c1a5f", "type": "PNG", "size": 305}, {"detection_ratio": [0, 75], "datetime": "1980-01-01 08:00:00", "filename": "res/drawable-hdpi-v4/abc_btn_check_to_on_mtrl_015.png", "sha256": "ad617187537c1bc753b1d20ae4747a11cd5aa13d02c9da874321dc09361fdbb0", "type": "PNG", "size": 548}, {"detection_ratio": [0, 75], "datetime": "1980-01-01 08:00:00", "filename": "res/drawable-hdpi-v4/abc_btn_radio_to_on_mtrl_000.png", "sha256": "442d02638b8fad7863d38c43b701793d9cb1755280dbf44be3920fc19a389001", "type": "PNG", "size": 621}, {"detection_ratio": [0, 75], "datetime": "1980-01-01 08:00:00", "filename": "res/drawable-hdpi-v4/abc_btn_radio_to_on_mtrl_015.png", "sha256": "cf62578a2d4b857425800cc9cffad1cbb724b965d237776d99f56a7b472f0c95", "type": "PNG", "size": 752}, {"detection_ratio": [0, 73], "datetime": "1980-01-01 08:00:00", "filename": "res/drawable-hdpi-v4/abc_btn_switch_to_on_mtrl_00001.9.png", "sha256": "43fa1cc6146ab0abaf9496f5c61f85a07d604f0d25b87b55af56163f07e6f0ba", "type": "PNG", "size": 1253}, {"detection_ratio": [0, 73], "datetime": "1980-01-01 08:00:00", "filename": "res/drawable-hdpi-v4/abc_btn_switch_to_on_mtrl_00012.9.png", "sha256": "5faf5b68b0627a5a245501940940301e0595d1830cb2f5694231dcd752c1b46e", "type": "PNG", "size": 1431}, {"detection_ratio": [0, 73], "datetime": "1980-01-01 08:00:00", "filename": "res/drawable-hdpi-v4/abc_cab_background_top_mtrl_alpha.9.png", "sha256": "5873753caf5ace4740d84c7a3da3b708e85d398843a2d695641fe6f9d12d0d70", "type": "PNG", "size": 244}, {"detection_ratio": [0, 74], "datetime": "1980-01-01 08:00:00", "filename": "res/drawable-hdpi-v4/abc_ic_commit_search_api_mtrl_alpha.png", "sha256": "5fdffb3fa44d5ad6365994e41d2904217a825e95007ec3dd3fc0569cb7c505a5", "type": "PNG", "size": 225}, {"detection_ratio": [0, 74], "datetime": "1980-01-01 08:00:00", "filename": "res/drawable-hdpi-v4/abc_ic_menu_copy_mtrl_am_alpha.png", "sha256": "e1930bb2fc547323cd56b0825a10d9d236502e48eac14297ecf82df6c40a2926", "type": "PNG", "size": 280}, {"detection_ratio": [0, 74], "datetime": "1980-01-01 08:00:00", "filename": "res/drawable-hdpi-v4/abc_ic_menu_cut_mtrl_alpha.png", "sha256": "fe9951faab1cc5e224bb62a81df6550322704340b77ca97f379ce63006d24557", "type": "PNG", "size": 583}, {"detection_ratio": [0, 75], "datetime": "1980-01-01 08:00:00", "filename": "res/drawable-hdpi-v4/abc_ic_menu_paste_mtrl_am_alpha.png", "sha256": "5d718e9ca71197c5c3b7d1efb53e65903f72989ccfa424fb7fa838ae550cf41a", "type": "PNG", "size": 359}, {"detection_ratio": [0, 74], "datetime": "1980-01-01 08:00:00", "filename": "res/drawable-hdpi-v4/abc_ic_menu_selectall_mtrl_alpha.png", "sha256": "1b229f011fa942b53d955567083d2c3e0331146efb5f767f4eb92ddf1f5e9531", "type": "PNG", "size": 269}, {"detection_ratio": [0, 75], "datetime": "1980-01-01 08:00:00", "filename": "res/drawable-hdpi-v4/abc_ic_menu_share_mtrl_alpha.png", "sha256": "31b1e219ba4ba5db77c87235010c299896f9b393f67d7bc599bed22b657d5d90", "type": "PNG", "size": 791}, {"detection_ratio": [0, 75], "datetime": "1980-01-01 08:00:00", "filename": "res/drawable-hdpi-v4/abc_ic_star_black_16dp.png", "sha256": "e7c9d0588af165b7aa92098685b85f41c6852bff2435c9e8937704302da8f34b", "type": "PNG", "size": 493}, {"detection_ratio": [0, 75], "datetime": "1980-01-01 08:00:00", "filename": "res/drawable-hdpi-v4/abc_ic_star_black_36dp.png", "sha256": "108bd44ff1c509da8ab966c201c28efff5a9104dbd1d284b3e27943891476ed8", "type": "PNG", "size": 974}, {"detection_ratio": [0, 75], "datetime": "1980-01-01 08:00:00", "filename": "res/drawable-hdpi-v4/abc_ic_star_black_48dp.png", "sha256": "3be35c7d843879bd75b4628f64238efb6c1f79defaac1a97dce0427846766a96", "type": "PNG", "size": 1234}, {"detection_ratio": [0, 75], "datetime": "1980-01-01 08:00:00", "filename": "res/drawable-hdpi-v4/abc_ic_star_half_black_16dp.png", "sha256": "15210093d688cb5f52c5ca791bf0b091be806ca480d844a91ffc9e349fde6b79", "type": "PNG", "size": 349}, {"detection_ratio": [0, 75], "datetime": "1980-01-01 08:00:00", "filename": "res/drawable-hdpi-v4/abc_ic_star_half_black_36dp.png", "sha256": "e8206107e523d9b8b1f84d9c1047c0cf2c9de7423ccb34dc445a93f89cae9545", "type": "PNG", "size": 621}, {"detection_ratio": [0, 75], "datetime": "1980-01-01 08:00:00", "filename": "res/drawable-hdpi-v4/abc_ic_star_half_black_48dp.png", "sha256": "e803dce240b2a403701a45be483cc2dc3e198a7d3e7cf724b3005aeb871d1918", "type": "PNG", "size": 783}, {"detection_ratio": [0, 74], "datetime": "1980-01-01 08:00:00", "filename": "res/drawable-hdpi-v4/abc_list_divider_mtrl_alpha.9.png", "sha256": "0ef7b3d9f9d890a48e4fccc0db07315bd6fcca7049452e20a27a69bd22080415", "type": "PNG", "size": 167}, {"detection_ratio": [0, 73], "datetime": "1980-01-01 08:00:00", "filename": "res/drawable-hdpi-v4/abc_list_focused_holo.9.png", "sha256": "c0ada573d94407b4a4b6b6894ae307002ec289d807ea37e9819409bc83f2f944", "type": "PNG", "size": 248}, {"detection_ratio": [0, 73], "datetime": "1980-01-01 08:00:00", "filename": "res/drawable-hdpi-v4/abc_list_longpressed_holo.9.png", "sha256": "991dc7798084e79a39381d9f26d4c9ec54c010d8147ad0d30dca6eba656e9cac", "type": "PNG", "size": 229}, {"detection_ratio": [0, 75], "datetime": "1980-01-01 08:00:00", "filename": "res/drawable-hdpi-v4/abc_list_pressed_holo_dark.9.png", "sha256": "fd832e86a797d1a091980c729f5dec718273a0b9c478124ba995b604ce31f580", "type": "PNG", "size": 229}, {"detection_ratio": [0, 76], "datetime": "1980-01-01 08:00:00", "filename": "res/drawable-hdpi-v4/abc_list_pressed_holo_light.9.png", "sha256": "37392304e444c3248f7e380224afb5bf7e05b70dba5c55e7845c3bffda620565", "type": "PNG", "size": 229}, {"detection_ratio": [0, 73], "datetime": "1980-01-01 08:00:00", "filename": "res/drawable-hdpi-v4/abc_list_selector_disabled_holo_dark.9.png", "sha256": "0e9e09031c8c167d59d89f8e0767aad05025fdc764b9764d900f0c4cf24e6194", "type": "PNG", "size": 247}, {"detection_ratio": [0, 73], "datetime": "1980-01-01 08:00:00", "filename": "res/drawable-hdpi-v4/abc_list_selector_disabled_holo_light.9.png", "sha256": "9f793fa98620addc94df47961a67a2d4096cdf7452578756d26bf65044173959", "type": "PNG", "size": 247}, {"detection_ratio": [0, 70], "datetime": "1980-01-01 08:00:00", "filename": "res/drawable-hdpi-v4/abc_menu_hardkey_panel_mtrl_mult.9.png", "sha256": "9774271e279ffdb6373192f55cb6d99447228ccb1b47c536ff06eae4d687b641", "type": "PNG", "size": 1203}, {"detection_ratio": [0, 73], "datetime": "1980-01-01 08:00:00", "filename": "res/drawable-hdpi-v4/abc_popup_background_mtrl_mult.9.png", "sha256": "884957a078d7c2c824dc5fb7673b8a1c24331e53ecc3fa98abed022a4bd3786d", "type": "PNG", "size": 1493}, {"detection_ratio": [0, 75], "datetime": "1980-01-01 08:00:00", "filename": "res/drawable-hdpi-v4/abc_scrubber_control_off_mtrl_alpha.png", "sha256": "3e93c22fa1cd88063d71f1be8de7b58d89baf33458b02017dab6e4d9f3636a49", "type": "PNG", "size": 257}, {"detection_ratio": [0, 74], "datetime": "1980-01-01 08:00:00", "filename": "res/drawable-hdpi-v4/abc_scrubber_control_to_pressed_mtrl_000.png", "sha256": "1d6d4260643eb5735a0f3c75fe52f575cee5f42c3af3ce42dc54acc929e586a8", "type": "PNG", "size": 270}, {"detection_ratio": [0, 74], "datetime": "1980-01-01 08:00:00", "filename": "res/drawable-hdpi-v4/abc_scrubber_control_to_pressed_mtrl_005.png", "sha256": "9b96b614b00c3e140092567c1cc3caf3276766314de202d98dabd2d63cab9de9", "type": "PNG", "size": 386}, {"detection_ratio": [0, 73], "datetime": "1980-01-01 08:00:00", "filename": "res/drawable-hdpi-v4/abc_scrubber_primary_mtrl_alpha.9.png", "sha256": "3de382d7b258e78c418768461cec9a2349ef89a2dbb278b5a4276cd5d35de79e", "type": "PNG", "size": 232}, {"detection_ratio": [0, 72], "datetime": "1980-01-01 08:00:00", "filename": "res/drawable-hdpi-v4/abc_scrubber_track_mtrl_alpha.9.png", "sha256": "9db1dc6a5067e5e95daae76906a05d6118afdd3a7d8315f5ad71908f13205612", "type": "PNG", "size": 223}, {"detection_ratio": [0, 73], "datetime": "1980-01-01 08:00:00", "filename": "res/drawable-hdpi-v4/abc_spinner_mtrl_am_alpha.9.png", "sha256": "00eb85d1efbcc9e36a08d49ce953db6021a8b33cb7b9e952c209644d426b2d87", "type": "PNG", "size": 416}, {"detection_ratio": [0, 73], "datetime": "1980-01-01 08:00:00", "filename": "res/drawable-hdpi-v4/abc_switch_track_mtrl_alpha.9.png", "sha256": "50a7511f8553a334f258b9dad46e950888b9fa16cc51e2d4e82f3036f3200237", "type": "PNG", "size": 544}, {"detection_ratio": [0, 73], "datetime": "1980-01-01 08:00:00", "filename": "res/drawable-hdpi-v4/abc_tab_indicator_mtrl_alpha.9.png", "sha256": "a10e9b9b4af5d2e756d4325aee1070a552d511a84779d0e2c2eebdb0c3f871c7", "type": "PNG", "size": 217}, {"detection_ratio": [0, 74], "datetime": "1980-01-01 08:00:00", "filename": "res/drawable-hdpi-v4/abc_text_select_handle_left_mtrl_dark.png", "sha256": "7e961b4dd339e62a4a5333c87a2b2c52c70fc59d7f598f605d2a68d3022e6e0e", "type": "PNG", "size": 277}, {"detection_ratio": [0, 74], "datetime": "1980-01-01 08:00:00", "filename": "res/drawable-hdpi-v4/abc_text_select_handle_left_mtrl_light.png", "sha256": "c7a9e8f4b746243321649495cb3ec6f4b926c0062ddbe12f8e05d6ee69a4ddfa", "type": "PNG", "size": 277}, {"detection_ratio": [0, 74], "datetime": "1980-01-01 08:00:00", "filename": "res/drawable-hdpi-v4/abc_text_select_handle_middle_mtrl_dark.png", "sha256": "47d390a2361d21b501a19359137cce2610d4ee2d699afee13f5c332956e399ca", "type": "PNG", "size": 653}, {"detection_ratio": [0, 75], "datetime": "1980-01-01 08:00:00", "filename": "res/drawable-hdpi-v4/abc_text_select_handle_middle_mtrl_light.png", "sha256": "461c00b1a6c75cac26d5038eb14066f1dc0634592f1259a0e53b2986c380c9ba", "type": "PNG", "size": 653}, {"detection_ratio": [0, 75], "datetime": "1980-01-01 08:00:00", "filename": "res/drawable-hdpi-v4/abc_text_select_handle_right_mtrl_dark.png", "sha256": "f98ffd2688b071f7417d1ac369421679d403f77c45a6d7c61cdeace2c3ba2dbe", "type": "PNG", "size": 277}, {"detection_ratio": [0, 75], "datetime": "1980-01-01 08:00:00", "filename": "res/drawable-hdpi-v4/abc_text_select_handle_right_mtrl_light.png", "sha256": "fcd78484a4509b83544a452089b4a9429b1c2c5992b59fc6c1501783ecfaade5", "type": "PNG", "size": 277}, {"detection_ratio": [0, 73], "datetime": "1980-01-01 08:00:00", "filename": "res/drawable-hdpi-v4/abc_textfield_activated_mtrl_alpha.9.png", "sha256": "53e2ecd2feeec480f0f1782b8de5602728966be04a1aa88743970980e17a9b09", "type": "PNG", "size": 209}, {"detection_ratio": [0, 73], "datetime": "1980-01-01 08:00:00", "filename": "res/drawable-hdpi-v4/abc_textfield_default_mtrl_alpha.9.png", "sha256": "a897c41c12db75f128bd4af212cb0130ca61f3b402b306e0fd8d4c861037508a", "type": "PNG", "size": 219}, {"detection_ratio": [0, 73], "datetime": "1980-01-01 08:00:00", "filename": "res/drawable-hdpi-v4/abc_textfield_search_activated_mtrl_alpha.9.png", "sha256": "21e26480ecb86c49a924c90497e8b6dee874300fcd2e2502cb7fa0412fff54ac", "type": "PNG", "size": 206}, {"detection_ratio": [0, 73], "datetime": "1980-01-01 08:00:00", "filename": "res/drawable-hdpi-v4/abc_textfield_search_default_mtrl_alpha.9.png", "sha256": "ed683ae70835c5634ecb5eab47b3966be9234e5e6ec00edbd476131733b4b081", "type": "PNG", "size": 207}, {"detection_ratio": [0, 74], "datetime": "1980-01-01 08:00:00", "filename": "res/drawable-hdpi-v4/notification_bg_low_normal.9.png", "sha256": "21f0b55280be10b187ceff8edef4a5a7047683e6e9fcf47de410aa3839f41094", "type": "PNG", "size": 212}, {"detection_ratio": [0, 73], "datetime": "1980-01-01 08:00:00", "filename": "res/drawable-hdpi-v4/notification_bg_low_pressed.9.png", "sha256": "859dbbc97eecb8c52d4a4cd299511d947ad9fd704687818d5c84a803b46eacda", "type": "PNG", "size": 229}, {"detection_ratio": [0, 74], "datetime": "1980-01-01 08:00:00", "filename": "res/drawable-hdpi-v4/notification_bg_normal.9.png", "sha256": "0c6328c7b2420570a7ec38b3beb3bac9a29d895ac1ab7239315aba7266418593", "type": "PNG", "size": 212}, {"detection_ratio": [0, 73], "datetime": "1980-01-01 08:00:00", "filename": "res/drawable-hdpi-v4/notification_bg_normal_pressed.9.png", "sha256": "bbe825fae7ad565073981bb22700d71837708b515ebe99fe2fd0ed5ba5928a0f", "type": "PNG", "size": 229}, {"detection_ratio": [0, 72], "datetime": "1980-01-01 08:00:00", "filename": "res/drawable-hdpi-v4/notify_panel_notification_icon_bg.png", "sha256": "a3d6ba61761e3957ef14110a4fb26fa2d0255605acf496e7133093e01392a069", "type": "PNG", "size": 93}, {"detection_ratio": [0, 75], "datetime": "1980-01-01 08:00:00", "filename": "res/drawable-ldrtl-hdpi-v17/abc_ic_menu_copy_mtrl_am_alpha.png", "sha256": "0b0a289c80203add42c4a10f6ba71ff8af08d156142284700052fb42851f430a", "type": "PNG", "size": 279}], "uncompressed_size": 2841148}}, "size": 1513084, "authentihash": null, "times_submitted": 1, "harmless_votes": 0, "malicious_votes": 0, "sha256": "fdad7d4704194cbd0590a54a9757d5d8b79c0219b0844682aede2a6ab43bae2f", "type": "Android", "scans": {"Bkav": {"detected": false, "version": "1.3.0.9899", "result": null, "update": "20211101"}, "Lionic": {"detected": true, "version": "4.2", "result": "Riskware.AndroidOS.Dnotua.z!c", "update": "20211101"}, "ClamAV": {"detected": false, "version": "0.104.0.0", "result": null, "update": "20211101"}, "CMC": {"detected": false, "version": "2.10.2019.1", "result": null, "update": "20211026"}, "CAT-QuickHeal": {"detected": true, "version": "14.00", "result": "Android.Dnotua.L (PUP)", "update": "20211101"}, "McAfee": {"detected": true, "version": "6.0.6.653", "result": "Artemis!E92883F17EFA", "update": "20211101"}, "ALYac": {"detected": false, "version": "1.1.3.1", "result": null, "update": "20211101"}, "Malwarebytes": {"detected": false, "version": "4.2.2.27", "result": null, "update": "20211101"}, "VIPRE": {"detected": false, "version": "96640", "result": null, "update": "20211101"}, "Sangfor": {"detected": true, "version": "2.9.0.0", "result": "Malware.Android-Script.Save.edd86cf3", "update": "20210930"}, "K7AntiVirus": {"detected": false, "version": "11.224.39100", "result": null, "update": "20211101"}, "BitDefender": {"detected": false, "version": "7.2", "result": null, "update": "20211101"}, "K7GW": {"detected": true, "version": "11.224.39100", "result": "Adware ( 005307db1 )", "update": "20211101"}, "Trustlook": {"detected": false, "version": "1.0", "result": null, "update": "20211101"}, "Arcabit": {"detected": false, "version": "1.0.0.886", "result": null, "update": "20211101"}, "Baidu": {"detected": false, "version": "1.0.0.2", "result": null, "update": "20190318"}, "Cyren": {"detected": true, "version": "6.3.0.2", "result": "AndroidOS/Trojan.PAJJ-3", "update": "20211101"}, "SymantecMobileInsight": {"detected": false, "version": "2.0", "result": null, "update": "20210126"}, "Symantec": {"detected": false, "version": "1.16.0.0", "result": null, "update": "20211101"}, "ESET-NOD32": {"detected": false, "version": "24220", "result": null, "update": "20211101"}, "TrendMicro-HouseCall": {"detected": false, "version": "10.0.0.1040", "result": null, "update": "20211101"}, "Avast": {"detected": true, "version": "21.1.5827.0", "result": "Android:Dnotua-CF [Adw]", "update": "20211101"}, "Cynet": {"detected": true, "version": "4.0.0.27", "result": "Malicious (score: 99)", "update": "20211101"}, "Kaspersky": {"detected": true, "version": "21.0.1.45", "result": "not-a-virus:HEUR:RiskTool.AndroidOS.Dnotua.aacf", "update": "20211101"}, "Alibaba": {"detected": false, "version": "0.3.0.5", "result": null, "update": "20190527"}, "NANO-Antivirus": {"detected": false, "version": "1.0.146.25370", "result": null, "update": "20211101"}, "SUPERAntiSpyware": {"detected": false, "version": "5.6.0.1032", "result": null, "update": "20211030"}, "MicroWorld-eScan": {"detected": false, "version": "14.0.409.0", "result": null, "update": "20211101"}, "Rising": {"detected": false, "version": "25.0.0.26", "result": null, "update": "20211101"}, "Ad-Aware": {"detected": false, "version": "3.0.21.193", "result": null, "update": "20211101"}, "Emsisoft": {"detected": false, "version": "2021.5.0.7597", "result": null, "update": "20211101"}, "Comodo": {"detected": false, "version": "34041", "result": null, "update": "20211101"}, "F-Secure": {"detected": false, "version": "12.0.86.52", "result": null, "update": "20211101"}, "DrWeb": {"detected": false, "version": "7.0.52.8270", "result": null, "update": "20211101"}, "Zillya": {"detected": true, "version": "2.0.0.4484", "result": "Tool.Dnotua.Android.3642", "update": "20211029"}, "McAfee-GW-Edition": {"detected": false, "version": "v2019.1.2+3728", "result": null, "update": "20211101"}, "FireEye": {"detected": false, "version": "32.44.1.0", "result": null, "update": "20211101"}, "Sophos": {"detected": false, "version": "1.4.1.0", "result": null, "update": "20211101"}, "Ikarus": {"detected": false, "version": "0.1.5.2", "result": null, "update": "20211101"}, "Avast-Mobile": {"detected": true, "version": "211101-00", "result": "Android:Dnotua-CF [Adw]", "update": "20211101"}, "Jiangmin": {"detected": false, "version": "16.0.100", "result": null, "update": "20211031"}, "Avira": {"detected": true, "version": "8.3.3.12", "result": "ADWARE/ANDR.Dnotua.FRXX.Gen", "update": "20211101"}, "Antiy-AVL": {"detected": false, "version": "3.0.0.1", "result": null, "update": "20211101"}, "Kingsoft": {"detected": false, "version": "2017.9.26.565", "result": null, "update": "20211101"}, "Gridinsoft": {"detected": false, "version": "1.0.60.158", "result": null, "update": "20211101"}, "Microsoft": {"detected": true, "version": "1.1.18700.4", "result": "Ransom:Win32/Eris", "update": "20211101"}, "ViRobot": {"detected": false, "version": "2014.3.20.0", "result": null, "update": "20211101"}, "ZoneAlarm": {"detected": false, "version": "1.0", "result": null, "update": "20211101"}, "GData": {"detected": false, "version": "A:25.31211B:27.24994", "result": null, "update": "20211101"}, "BitDefenderFalx": {"detected": true, "version": "2.0.936", "result": "Android.Riskware.FakeApp.JG", "update": "20210610"}, "AhnLab-V3": {"detected": false, "version": "3.21.1.10219", "result": null, "update": "20211101"}, "BitDefenderTheta": {"detected": false, "version": "7.2.37796.0", "result": null, "update": "20211021"}, "TACHYON": {"detected": false, "version": "2021-11-01.02", "result": null, "update": "20211101"}, "VBA32": {"detected": false, "version": "5.0.0", "result": null, "update": "20211101"}, "Zoner": {"detected": false, "version": "0.0.0.0", "result": null, "update": "20211031"}, "Tencent": {"detected": false, "version": "1.0.0.1", "result": null, "update": "20211101"}, "Yandex": {"detected": false, "version": "5.5.2.24", "result": null, "update": "20211101"}, "MAX": {"detected": false, "version": "2019.9.16.1", "result": null, "update": "20211101"}, "MaxSecure": {"detected": true, "version": "1.0.0.1", "result": "Android.WIN32.Dnotua.aacf", "update": "20211030"}, "Fortinet": {"detected": true, "version": "6.2.142.0", "result": "Riskware/Dnotua!Android", "update": "20211101"}, "AVG": {"detected": true, "version": "21.1.5827.0", "result": "Android:Dnotua-CF [Adw]", "update": "20211101"}, "Panda": {"detected": false, "version": "4.6.4.2", "result": null, "update": "20211101"}}, "tags": ["reflection", "apk", "runtime-modules", "telephony", "clipboard", "android"], "scan_id": "fdad7d4704194cbd0590a54a9757d5d8b79c0219b0844682aede2a6ab43bae2f-1635781110", "unique_sources": 1, "positives": 17, "ssdeep": "24576:tv0XD9RunNMOOIbCo3Ugc94f07UgEeoseE0vEyPVFFPPOu13fmf+:tv0zDunaOhEgYWCy5Wu13D", "md5": "83818c46affcf4daca410ea63cd0862c", "permalink": "https://www.virustotal.com/gui/file/fdad7d4704194cbd0590a54a9757d5d8b79c0219b0844682aede2a6ab43bae2f/detection/f-fdad7d4704194cbd0590a54a9757d5d8b79c0219b0844682aede2a6ab43bae2f-1635781110", "sha1": "ec51106df3a8084070c044b470eacd829d4db4fa", "submission": {"submitter_region": "?", "date": "2021-11-01 15:38:30", "submitter_country": "US", "filename": "105997.apk"}, "response_code": 1, "community_reputation": 0, "verbose_msg": "Scan finished, information embedded", "ITW_urls": ["https://www.cq6y.com/downfile/yx/105997.apk"], "last_seen": "2021-11-01 15:38:30"}